Commune,Aigle Pôle Physio-Ergo d'Aigle,Biotonus,CIC,Centre Hospitalier Universitaire Vaudois,Chamoyron,Château-d'Oex,Clinique Bois-Bougy,Clinique Bois-Cerf,Clinique Cecil,Clinique La Prairie,Clinique Valmont,Clinique de Genolier,Clinique de Montchoisi,Clinique de la Source,Clinique la Lignière,Clinique la Métairie,Espace Santé Rennaz,Fondation Rive-Neuve,Grand-Chêne,HRC,Hôpital d'Orbe,Hôpital d'Yverdon-les-Bains,Hôpital de Chamblon,Hôpital de Gilly,Hôpital de Lavaux,Hôpital de Morges,Hôpital de Nyon,Hôpital de Rolle,Hôpital de Saint-Loup,Hôpital de la Vallée de Joux,Hôpital ophtalmique Jules-Gonin,Hôpital psychiatrique Nant,Hôpital d'Aubonne,Institution de Lavigny,La Tour-de-Peilz,Les Communaux,Les Moulins,Les Rosiers,Molage,Montreux,Mottex Réadaptation/gériatrie,Moudon,Payerne,Permanence de Cossonay,Providence Permanence médicale Riviera Réadaptation/gériatrie,Psychiatrie Nord CPNVD,Psychiatrie Ouest Hôpital de Prangins,Pôle Santé Pays-d'Enhaut,Rennaz Centre hospitalier de Rennaz,Samaritain Site administratif
Aclens,45.24694298,34.92287591,32.42085619,10.92739241,30.067655350000003,48.35490528,30.58790892,11.0191978,9.966296368,31.77102009,35.823980999999996,26.303242259999998,11.4746369,9.989576535,23.0972546,30.53908644,37.7942272,30.682295279999998,44.91957815,37.75379649,18.17623563,25.06609164,24.80454885,19.1060536,18.502977320000003,5.025443491,29.830137009999998,16.97771838,11.0742011,22.5385387,9.807649687,27.9838673,12.61868145,10.47198008,29.69496921,28.43226839,27.8398072,28.08433648,44.637327899999995,34.033848400000004,31.0514656,25.00400878,43.50562437,5.281689021999999,29.00064891,26.09404433,27.02482358,49.34096733,37.75376305,28.881465390000002
Agiez,57.570916270000005,45.09704257,42.668611320000004,23.846870210000002,39.57364688,54.70099056,44.11244885999999,24.87227358,23.767179950000003,42.06737591,45.92016948,37.781263599999996,25.23803558,23.2253065,36.65329533,44.04246245,49.35362834,40.304783539999995,57.22511869,49.257285409999994,2.2278645360000002,12.066895850000002,10.15679928,31.784419430000003,30.36607051,21.911469359999998,43.12132412,30.92647085,5.89997378,25.611330470000002,23.35078657,37.53078761,26.96971378,25.242320199999998,40.15884671,38.75555808,38.09487317,11.15919009,56.764266969999994,44.17970948,40.74099966,23.07154294,35.1892327,11.69553297,39.31662263,12.68075438,40.558090660000005,55.378406479999995,49.25726015,39.07637149
Aigle,1.032805771,12.806690360000001,14.70857744,33.77121417,18.088768729999998,21.368316739999997,56.695504070000005,33.35286014,34.454957670000006,15.1803081,12.304886699999999,58.989071689999996,32.90291934,34.627379260000005,53.08102481,56.72954943,7.412525273,17.362425520000002,0.6871833643999999,7.553014193,56.33042862,55.981021330000004,58.04582665,53.23028505,26.42713599,42.13267352,56.93776006,49.9893497,52.30170705,65.0053192,34.70127144,19.7850815,48.10803907,46.98424784,16.76417844,18.14605349,18.79644312,66.24302081,0.5685114925,13.57388444,16.930046139999998,40.98710347,55.753590429999996,48.135994079999996,17.633705000000003,56.95707744,54.89574733,22.576731759999998,7.553029716,17.93274595
Allaman,47.5225528,40.64239135,38.37406615,19.80174039,37.03986552,56.20538763,16.69143687,18.73480193,18.35921927,37.76183612,41.51881034,13.89732027,19.05778862,19.029642289999998,9.405233318,16.649502939999998,41.69698418,37.463396800000005,47.24494343,41.726371050000004,30.78146692,38.7557848,38.1405082,6.848810281,25.526958460000003,9.979854839,16.02508452,3.694247691,23.39530404,19.74368415,18.605347010000003,35.22820291,2.430982582,3.839813371,35.81268295,34.882994780000004,34.45163331,39.58583006,47.214511169999994,39.88623049,37.72058416,38.29657183,57.3578761,18.12352694,35.36996791,39.73948966,13.193869580000001,57.3583395,41.72633161,35.386760269999996
Arnex-sur-Nyon,60.116786399999995,56.34685466,54.36817988000001,38.28118622,53.7083472,72.65866607999999,2.880205603,37.04622329,36.84530145,53.81830579,57.15409926,8.146027651999999,37.307808449999996,37.58891233,9.491932907,2.851356441,56.057519160000005,54.00127878999999,59.90356577,56.1370542,47.4236249,56.33078237,55.249394509999995,13.78320198,43.01580966,28.844311689999998,2.948073482,15.59089256,40.35499698,25.35265227,37.14873805,52.14430848,19.94535686,22.10201009,52.07382116,51.39540313,51.08061871,54.64988151,60.09498034,55.72248066,54.17994863,57.15998724,76.06693858,35.8912129,51.8046518,57.22974102,5.726631365,73.89044347,56.1370132,51.89645023
Arnex-sur-Orbe,54.8414808,42.54034972,40.09010792,20.9130325,37.051099289999996,52.66311028,41.98534018,21.91066687,20.800782329999997,39.48016938,43.37626644,35.952830399999996,22.28166134,20.27369297,34.46875196,41.918714740000006,46.674938739999995,37.775528709999996,54.49667322,46.5837395,4.216544058999999,13.16317432,11.829996269999999,29.68827213,27.553540679999998,19.04960466,41.029522400000005,28.62094217,3.182314691,24.92455502,20.389715680000002,34.98706892,24.55123772,22.737931670000002,37.54246775,36.14325633,35.48434565,14.12663676,54.05211797,41.620808319999995,38.20787706,21.82968384,35.54367089,8.850759038,36.70909546,13.95711305,38.40730863,53.38629603,46.58371334,36.47916585
Arzier-Le Muids,60.53176427,54.70456989,52.49687641,33.92516683,51.287789190000005,70.45623151,9.415443995,32.950115059999995,32.49321447,51.89633898,55.56714471,1.339731763,33.29180538,33.10445964,7.00229111,9.319100091000001,55.351028420000006,51.69200645,60.27907998,55.3982589,39.27406161,48.54444873,47.20959256,7.535309224,39.829925499999995,23.499960259999998,8.215852201,10.6181461,32.50175137,16.16723326,32.6974025,49.50415108,14.29406458,16.3665411,49.98367807,49.09921278,48.68631162,45.90096557,60.34125409,53.97798313,51.93651906,51.233907980000005,69.35216070999999,28.662644370000002,49.57367585,49.38035671,7.432243048999999,71.62064529,55.39821862,49.60418871
Assens,43.40231078,31.16415555,28.69633287,10.247586230000001,25.723399410000003,42.20984781,40.17271678,11.56223424,10.59172207,28.079515400000002,32.0120107,36.01288972,11.83863056,9.853413608999999,32.739301319999996,40.12776634,35.227446709999995,26.43771545,43.05707332,35.13683115,14.176954180000001,17.560957679999998,18.258826199999998,28.82572073,16.205621139999998,13.67978179,39.45558799,26.634200120000003,10.30804993,30.31447166,10.10967881,23.63842977,22.28763267,20.12471792,26.12147986,24.7263062,24.06934675,24.48656291,42.60722544,30.24359784,26.86444699,15.38894011,33.864849459999995,8.577081774,25.295101589999998,18.66176511,36.6363182,43.04010746,35.13680487,25.073522819999997
Aubonne,49.23004846,41.72002267,39.3871604,19.84758366,37.84359515,56.957040889999995,18.050677739999998,18.95834693,18.428167409999997,38.761722500000005,42.60848088,13.99334103,19.324427370000002,19.00487934,10.50990843,17.99704615,43.10371093,38.30906557,48.94322577,43.12158267,28.56657505,36.8446146,36.07766222,6.67752748,26.134142779999998,9.362797203,17.24737035,4.396078361,21.2189037,17.33113163,18.60721693,35.9577024,0.37582198390000005,2.240163554,36.76753657,35.763555460000006,35.29588743,37.1227679,48.87380522,40.9324853,38.59070192,37.413813049999995,56.12026639,16.20029904,36.2719389,37.800913269999995,14.4643239,58.07896614,43.12154391999999,36.26289226
Avenches,63.51097399,50.76013295,49.92026281,49.8424406,47.145563970000005,45.60017497,83.80463631,51.39493693,51.0691367,49.79651023,50.93470919,79.3039663,51.345959130000004,50.188503250000004,76.35567827,83.75956683,56.37319366,47.63545527,63.22877114,56.17238312,42.070972909999995,32.28758783,34.738513,72.27920123999999,49.38292841,57.234060490000005,83.08059989,70.24028365,47.28062027,69.7714808,50.62819676,46.64427045,65.88333892,63.72987575,49.46185233,48.66775559,48.3091844,42.145988870000004,62.40107875,50.298389,47.93084465,29.531543720000002,9.767493011000001,50.40088788,48.8387537,31.85149264,80.26473544999999,45.14285854,56.172391020000006,48.493238129999995
Ballaigues,63.209600980000005,51.28115385,48.80449709,28.68015939,45.85058958,61.723964079999995,42.11188686,29.41958907,28.28273016,48.18273913,52.133329270000004,34.971170449999995,29.835326270000003,27.91534053,35.0137598,42.031763250000004,55.18746061,46.56475178,62.868282480000005,55.10769803,9.280916801,18.52069223,15.988559709999999,29.991481670000002,35.80120763,24.0095944,41.02028568,29.90642349,9.92949293,20.42563127,27.93915211,43.764957190000004,26.55645103,25.27252338,46.20313625,44.81546597,44.16177676,11.77832861,62.46719135,50.36051758,46.99104675,30.51101866,41.950418510000006,14.652540230000001,45.38733544,18.87733138,38.70820882,62.44812163,55.10767,45.17487176
Ballens,52.939547229999995,44.0332503,41.58726928,20.5362389,39.58510906,58.3238393,22.99246104,20.121667969999997,19.284613099999998,40.9419606,44.93685223,17.05550221,20.556218949999998,19.59674071,15.55286684,22.9227438,46.16600206,40.13926068,52.63314432,46.15675017,23.07499063,32.008781729999995,30.87553771,10.666264289999999,27.7537862,10.15769867,22.00874505,10.08664087,15.99088678,12.96515842,19.294199,37.56544736,6.9304055479999995,6.290738875,38.88053039,37.72534771,37.18387196,30.96938968,52.4715648,43.18458515,40.47253957,35.12818875,52.73207837,12.011239530000001,38.27263107,32.886255989999995,19.439842990000002,59.361885779999994,46.15671352,38.20401422
Bassins,59.24595248,53.15764135,50.927415509999996,32.15458185,49.660295070000004,68.82815136,10.22367018,31.20237706,30.7260329,50.32221127,54.02522097,2.358372418,31.54993315,31.32602343,6.233425197,10.13027757,53.91929535,50.07560958,58.98797299,53.96218626,37.54322405,46.76622707,45.46536159,5.800507841,38.14768416,21.686250209999997,9.026815354,8.97196337,30.7209575,15.22388478,30.92225154,47.85696555,12.50268745,14.554361709999998,48.39423328,47.48883714,47.06617957,44.32920689,59.03121838,52.42044,50.326770409999995,49.379245770000004,67.50529656,26.82449103,47.96948866,47.61028609,7.665390004,69.98469715,53.962146159999996,47.993294909999996
Baulmes,63.37496285,50.34815429,48.01968915,30.79489804,44.77084284,58.184639600000004,51.500501230000005,31.96687514,30.90252882,47.45494431,51.119211560000004,44.82372941,32.29689558,30.27519844,44.13022466,51.426805959999996,55.00833623,45.515174769999994,63.02687885,54.89333792,6.7272449420000004,9.735653845,6.714697032,39.187965600000005,36.71033786,29.757857899999998,50.47099227,38.54306813,13.76628609,31.081673780000003,30.45557659,42.82551541,34.691646670000004,33.0260873,45.66867075,44.26728405,43.60843087,3.892353466,62.50353228,49.44755065,45.95905083,25.20788478,32.54212878,19.54552076,44.80521682,9.624932996,47.984502670000005,58.715591169999996,54.893316209999995,44.53216819
Bavois,51.63208606,39.07831282,36.65521096,18.40277429,33.55057247,48.851233099999995,43.07566141,19.57262121,18.513683580000002,36.056513769999995,39.89916431,37.56930186,19.900831880000002,17.87934329,35.509100339999996,43.01541128,43.380961909999996,34.28240402,51.28557924,43.28154406,5.816092406,11.71710422,11.288536910000001,30.934717629999998,24.556354250000002,18.50436232,42.18779756,29.489306720000002,5.100011848,27.909999250000002,18.06337539,31.51096644,25.240042170000002,23.26040084,34.158557,32.75423481,32.09314244,16.171824559999997,50.81181796,38.16154296,34.71906465,18.05297825,32.747161479999995,8.937726166000001,33.31328213,12.69384891,39.47836307,49.561096879999994,43.281519339999996,33.069509270000005
Begnins,57.29213933,51.7402643,49.570527150000004,31.55771558,48.47029319,67.62638695,7.744190428,30.49501515,30.11615685,48.97836654,52.594558740000004,2.357796021,30.814334889999998,30.77454422,3.652027141,7.656550543000001,52.237476089999994,48.8517267,57.04303394,52.28935622,38.87517998,47.86713131,46.72452376,5.513389226999999,37.15509283,21.41335623,6.591845877,8.100061205,31.855449619999998,17.922116300000003,30.35409225,46.730706239999996,12.19838085,14.35362249,47.094222280000004,46.249721449999996,45.85652293,46.11441278,57.11828227,51.03093854,49.08303252,49.52275763,68.04325174,27.5708058,46.71183556,48.749949009999995,4.833933594,68.80646109,52.28931577,46.75518199
Belmont-sur-Lausanne,32.32833957,21.122891810000002,18.611796719999997,3.080199251,16.19226238,34.710219599999995,38.38771543,3.912652095,4.4206146099999994,17.96380379,22.018750049999998,36.526828370000004,3.617263156,4.017134674999999,31.787587390000002,38.369203739999996,24.426396970000003,16.808072380000002,31.98814213,24.36183053,25.67928641,27.95521489,29.194660919999997,29.312716950000002,4.9233052090000005,13.79319623,37.98038949,26.326360240000003,20.98288091,36.24813661,4.333368702,14.11164436,22.62208698,20.68654017,15.89506188,14.59775044,13.9917595,35.98283335,31.6038807,20.22261597,17.180107380000003,18.90201538,38.83885155,16.91565422,15.1705156,29.050306720000002,35.21215354,35.750279670000005,24.36180017,15.03535605
Belmont-sur-Yverdon,54.82046744,41.501978,39.25204051,24.169042570000002,35.93791072,48.76346027,51.01479928,25.56439586,24.63178818,38.71543721,42.2379516,45.37759841,25.81000395,23.86433827,43.450087169999996,50.95383995,46.39289664,36.68327469,54.47247059,46.265236019999996,7.031049229000001,3.781828795,4.362747747999999,38.84151662,28.99366486,26.19196999,50.118187989999996,37.438894950000005,12.44437665,34.54739453,24.144284419999998,34.07192832,33.19038534,31.20361307,37.02866597,35.64368942,34.99367246,13.09221033,53.90479914,40.61771785,37.12776366,15.78383102,26.04253054,16.88699851,36.15941358,4.807161717,47.418110659999996,49.284900820000004,46.26521701,35.866557930000006
Bercher,46.91208973,33.3785502,31.21856577,19.256585729999998,27.86054877,40.26269191,51.05273893,20.815566790000002,20.13210599,30.714168819999998,34.077853479999995,46.52991953,20.93461788,19.259627369999997,43.57071951,51.005137000000005,38.46680361,28.60174601,46.56559637,38.32757298,13.976981369999999,10.10881337,12.40070222,39.47072823,22.3704604,24.64845083,50.30337959,37.45070456,15.8590329,38.57732677,19.63984467,26.09427065,33.09096952,30.94519306,29.14503832,27.79149759,27.158224160000003,21.610790249999997,45.95926286,32.51457028,29.04386568,7.569125913,23.065097559999998,17.78560576,28.27792471,11.07813612,47.49592815,40.802146379999996,38.32755668,27.9666191
Berolle,55.81425116,47.02635134,44.583220090000005,23.530119709999997,42.587513709999996,61.31634701,22.35483886,23.12403415,22.28444124,43.93827171,47.92972734,15.66634382,23.558622210000003,22.58919706,15.22858461,22.27702924,49.11290657,43.14141979,55.510518409999996,49.106113400000005,24.187358680000003,33.4801639,32.1162371,10.20390053,30.755768670000002,13.1462067,21.28840704,10.5688098,17.45757035,10.036533219999999,22.29018636,40.567527739999996,8.5076363,8.526902886,41.87796851,40.72565972,40.18513658,31.31069474,55.36193385,46.17947206,43.47435301,37.62362155,54.798948270000004,14.20245551,41.27239162,34.30161644,18.91760715,62.3508324,49.106076540000004,41.20476087
Bettens,46.254619469999994,34.25588506,31.77252227,12.25816378,28.86145965,45.49543866,38.78050519000001,13.339164779999999,12.25711538,31.148175159999997,35.11374628,34.09916101,13.68756193,11.66679566,31.25468158,38.72922345,38.166886469999994,29.56766418,45.911279979999996,38.08373455,11.97633805,17.11612096,17.2649036,27.058303889999998,18.89729349,12.92340743,37.99232192,25.135807229999998,7.136945707,27.33279889,11.820611430000001,26.76509377,20.77989345,18.66268895,29.162570029999998,27.776684959999997,27.12407257,22.37506744,45.48807033,33.335451930000005,29.989651849999998,17.908741470000002,35.48983225,5.654411161,28.349267779999998,18.18165759,35.20305192,46.326435360000005,38.08370704,28.14027208
Bex,7.464352971,21.10922027,23.137975989999997,41.96804086,26.51173133,25.97157214,62.11349583,41.45311835,42.57143617,23.63152029,20.51950811,65.19073623999999,41.009296410000005,42.79826821,59.2344449,62.15729304,15.89138117,25.77764574,7.812595545,16.02417408,64.78919848,64.45049086,66.53249706999999,59.87989727,34.74760316,49.83813299,62.48263267,56.69370645,60.633340239999995,72.43443114,42.84479887,28.25434371,55.192316919999996,54.23838213,25.25254984,26.63702777,27.288209480000003,74.72829747,8.385954699,21.92307377,25.34018148,49.30970818,63.33047403,56.32485664,26.12198548,65.4208082,60.66405657,26.97069236,16.02419166,26.41827621
Bière,54.72534315,46.46220335,44.055566250000005,23.4137253,42.22373813,61.13489584,19.91340022,22.84030001,22.09355533,43.41634453,47.36182194,13.556099060000001,23.25695788,22.4928011,12.69063081,19.838016909999997,48.269021159999994,42.74670989,54.42914946,48.272598720000005,26.35330544,35.46410471,34.22846544,7.671423643,30.38274916,12.74186088,18.872240180000002,8.010304478,19.42002234,11.34840043,22.15696772,40.24594032,6.428672839,6.967244327,41.37520552,40.27496308,39.75969191,33.76857101,54.31685854,45.63629082,43.061583729999995,38.69745442,56.34462489,15.62412787,40.80915392,36.31943303,16.435175299999997,62.20263259,48.272561,40.7632072
Bioley-Magnoux,50.24547658,36.597151100000005,34.51357051,22.97468955,31.138284029999998,42.439272349999996,53.920521990000005,24.52356331,23.806903900000002,34.03308566,37.262569909999996,49.045330979999996,24.65641958,22.942451600000002,46.38991368,53.86900662,41.80812192,31.87285881,49.90050757,41.66226889,13.594421109999999,7.169325874,9.909854443,42.120378900000006,26.125248329999998,27.7903311,53.126974419999996,40.27314191,17.182667600000002,39.96926206,23.31226501,29.44930519,35.9190597,33.80296634,32.541387719999996,31.210514200000002,30.588735,19.56639825,49.271915459999995,35.75273846,32.31117214,9.280027468,20.71616855,20.09567856,31.67911366,7.973715639,50.34153072,42.88687829,41.6622543,31.35893271
Blonay - Saint-Légier,18.823400539999998,5.128358216,3.1589197749999998,19.92292176,0.7621172114,18.40819354,51.672862970000004,20.211489699999998,21.08043029,2.8654377639999997,5.860685182999999,51.50478611,19.77717322,20.87197849,46.123614110000005,51.677013599999995,10.46155186,0.6791864828,18.48235456,10.29713681,39.60978033,38.35740697,40.553153030000004,44.65007465,12.598046179999999,30.260938030000002,51.537363039999995,41.4506293,36.621458229999995,53.106333129999996,21.12264271,2.809313958,38.34431967,36.65293872,2.8730516280000002,3.0733494300000004,3.3779481810000003,49.134153250000004,17.82080053,4.267692958,0.9588431322000001,23.20109545,39.1631599,33.442745609999996,2.7533511990000004,39.3060144,48.98210948,19.5785789,10.29712742,2.586553678
Bofflens,56.75493363,44.49673042,42.04361006,22.69393677,39.0119957,54.60338953,42.21073173,23.64187229,22.52251091,41.43236701,45.33421206,35.909501909999996,24.02324321,22.0268541,34.74901724,42.14091809,48.60605727,39.73566501,56.41053821,48.51630693,3.96246721,13.672811509999999,11.93717036,29.883299859999997,29.43591354,20.18910237,41.221612209999996,29.023177670000003,4.201149213,24.04277798,22.12407526,36.94590387,25.075701679999998,23.36160038,39.489744720000004,38.0915472,37.43308266,12.82260009,55.97184864,43.576981890000006,40.167553569999995,23.547187089999998,36.54959988,9.991483943999999,38.658179340000004,14.35259846,38.65507637,55.31951547,48.51628053,38.43011832
Bogis-Bossey,61.868109790000005,58.63676101,56.71724278999999,41.152371980000005,56.17805832,75.02894425,5.354266931,39.885297890000004,39.72200065,56.18071647,59.42830529,11.05649454,40.13374154,40.48077227,12.56542192,5.372066925,58.1239884,56.44659693,61.66681604,58.21128883,50.54204905,59.464079039999994,58.375530680000004,16.9172179,45.6778435,31.87237506,5.868887202,18.68089483,43.484868049999996,27.99940712,40.03786887,54.66469296,23.039803080000002,25.190590540000002,54.47980601,53.84789765,53.554812059999996,57.69162379,61.89331347,58.03797146,56.61065619,60.187668429999995,79.15693257999999,39.02243999,54.2417764,60.3621043,8.700852591999999,76.27311757,58.21124782,54.346136449999996
Bonvillars,63.209564449999995,49.480075019999994,47.470881320000004,35.09192298,44.090581570000005,53.7285191,61.95267125,36.56039995,35.69704164,47.01066414,50.10957776,55.90012695,36.76475069,34.88808137,54.41699527,61.887368929999994,54.78973179,44.81751034,62.86633767,54.63868461,16.06655559,7.725378833,8.160985045,49.67225009,39.040641120000004,37.608831980000005,61.00885033,48.49708326,23.07832637,43.34812556999999,35.20249732,42.462677049999996,44.324815,42.39931063,45.57534982,44.25917266,43.644096080000004,13.56791808,62.21840792,48.65679047,45.2513211,21.4262422,21.17631404,28.0871333,44.717168980000004,6.643138665,58.367541259999996,53.99667071,54.638671439999996,44.392209130000005
Borex,61.22505887,57.30627238,55.30601184,38.93360671,54.596008139999995,73.58288783,4.001112513,37.72612092,37.494161240000004,54.75111027,58.118923239999994,7.834568806,37.99779076,38.22377633999999,9.973871132000001,3.958313951,57.089508390000006,54.8996068,61.009396699999996,57.166775650000005,47.45591891,56.45990866,55.31645589,13.97710283,43.81094863,29.3353544,3.819309058,15.99820715,40.451027970000005,24.80691429,37.786411030000004,53.009158649999996,20.32867442,22.49483526,52.9896662,52.29167112,51.967370439999996,54.49932348,61.19325542,56.67265047,55.084515870000004,57.633170680000006,76.42522121,36.10825433,52.70743076,57.344815710000006,6.42246101,74.80940015,57.16673466,52.79373367
Bottens,41.41069424,28.74479983,26.32470797,10.23986053,23.219267650000003,39.112628470000004,42.75260828,11.761116509999999,11.00938887,25.72846652,29.56588437,38.94108669,11.92343335,10.151037120000002,35.41107634,42.7122089,33.10711302,23.950123490000003,41.063232649999996,33.0025579,15.94805917,17.413570749999998,18.65094841,31.69310458,14.774970219999998,16.10572823,42.086810039999996,29.348592489999998,13.24603931,33.68524049,10.51391603,21.17738938,25.04139457,22.87244045,23.8447355,22.439445199999998,21.7780239,25.931146560000002,40.56738843,27.82815939,24.38634742,12.34183076,31.42212649,11.95035534,22.99528037,18.512621449999997,39.25720593,39.910115469999994,33.00253411,22.74672292
Bougy-Villars,50.73138109,43.7613901,41.47243758,22.40642617,40.06258098,59.21472969,15.37883375,21.44587734,20.97506937,40.85567704,44.6416145,11.29060037,21.79472883,21.58668338,7.813875884,15.32171759,44.88833522,40.50268409,50.45408948,44.91606324,30.9411469,39.40997546,38.553986599999995,3.989609463,28.454047900000003,12.06710635,14.539569779999999,1.836464602,23.64839868,16.9591663,21.1787995,38.2192925,2.836767395,4.994791692,38.89051116,37.93382794,37.48851179,39.19960384,50.424338559999995,42.99558898,40.76923362,40.18290104,58.87644356,18.80636166,38.428937469999994,40.35059407,11.78288598,60.35504342,44.91602388,38.436272089999996
Boulens,45.45356589,31.90219451,29.75153334,18.38639949,26.390293409999998,38.83486998,50.88961983,19.95964442,19.33357595,29.250786400000003,32.59827851,46.57584174,20.052448509999998,18.45141164,43.447142590000006,50.844486239999995,37.00869113,27.13076909,45.107309390000005,36.86824908,15.212884260000001,11.58177298,13.889963009999999,39.454077250000005,21.140392820000002,24.35752828,50.16815243,37.3360914,16.579869170000002,39.15515714,18.846686679999998,24.636096939999998,32.98310954,30.82490959,27.696283479999998,26.34771827,25.717158780000002,23.06903677,44.49710782,31.04025331,27.572483899999998,6.397606436,23.14834568,18.04962433,26.83004171,12.53880768,47.350701099999995,39.387747710000006,36.868233090000004,26.51665052
Bourg-en-Lavaux,27.91483757,16.77152041,14.269641550000001,7.2245694469999995,12.067832899999999,30.9754898,40.454315560000005,7.396423719,8.289901361,13.61974374,17.672461,39.36164113,6.962128054,8.162747806,34.28297204,40.4453836,19.975347369999998,12.63240098,27.57326643,19.91027113,29.78982959,31.26209064,32.75504049,32.30266906,0.6054751687000001,17.46073595,40.16178602,29.18383983,25.3755707,40.31121678,8.370551644999999,10.056094960000001,25.79918664,24.00835043,11.54350638,10.29397936,9.717378618000001,39.99826631,27.17575498,15.88260762,12.97767196,20.17740998,39.72581923,21.36445222,10.85840178,32.33726643,37.46921134,32.07255804,19.91024082,10.75348295
Bournens,45.171384489999994,33.636514150000004,31.13046103,10.634480960000001,28.37931226,45.66900966,36.28334083,11.50365949,10.3795279,30.493275880000002,34.51355343,31.82463873,11.89332163,9.915912883999999,28.78344975,36.234107349999995,37.24233783,29.06105362,44.83164648,37.17188455,14.12884969,19.76839008,19.841767370000003,24.70138836,17.76808703,10.26494717,35.51884879,22.66224051,8.243089562,26.12375471,9.990358351000001,26.26769372,18.30198146,16.16330139,28.46254212,27.10387981,26.46445816,24.473425849999998,44.449183319999996,32.72034573,29.469004809999998,19.71573737,37.84688057,4.562943683,27.68041728,20.82977275,32.71715587,46.55763707,37.17185508,27.498648829999997
Boussens,44.014498509999996,32.27744752,29.77785978,9.759630757,26.96874114,44.1018321,37.41535433,10.79845399,9.709232149,29.14490985,33.14815552,33.16809034,11.15424307,9.137114251000002,29.95593251,37.36881536,36.00817428,27.65919065,43.67288507,35.93208049,14.529190479999999,19.35469305,19.676089530000002,25.992446100000002,16.61011653,11.07188652,36.68097331,23.84270165,9.276829261000001,27.75821093,9.278037375,24.860037950000002,19.48897597,17.33155016,27.12941308,25.75908034,25.11404585,24.926700680000003,43.27070063,31.3591017,28.072209660000002,18.23128602,36.635873229999994,6.171845491,26.33471822,20.43695755,33.86705102,44.98068951,35.93205186,26.14265825
Bremblens,43.4217643,33.53308076,31.04979883,9.696977129,28.86442212,47.4539816,29.30540582,9.482878936999999,8.534424218,30.40036163,34.437219299999995,25.58019485,9.934717954,8.749338024,21.925661230000003,29.26243195,36.14035767,29.44791009,43.09889266,36.109665459999995,20.50998948,27.07780026,26.95930176,18.28510919,17.11753361,2.889791539,28.614970529999997,15.860609870000001,13.47495485,23.506035500000003,8.480980745999998,26.812115809999998,11.56888996,9.403108587999998,28.32532581,27.10952606,26.540455259999998,30.48104837,42.846441330000005,32.65965394,29.79920593,25.79147974,44.74410893,7.694490122,27.669364310000002,28.124741429999997,25.78846986,48.479684,36.10963092,27.57435392
Bretigny-sur-Morrens,40.57408155,28.330074059999998,25.858924,8.051482244,22.903017639999998,39.62740279,40.37379235,9.511594545,8.680912991,25.24082991,29.18042366,36.737933819999995,9.717644781999999,7.850201701,33.073295619999996,40.33498687,32.38742817,23.61425911,40.22853662,32.29612804,16.908305329999997,19.45159993,20.4533372,29.46053423,13.451206299999999,13.72460099,39.72698661,27.03798882,13.097623030000001,32.2618113,8.184172332,20.81330535,22.75919099,20.593445629999998,23.279561310000002,21.88505738,21.22846699,27.14629866,39.77408842,27.409448649999998,24.03933714,14.60773044,33.88126483,10.72458996,22.454287079999997,20.55601771,36.895614359999996,40.48753562,32.29610187,22.23423035
Bretonnières,58.725961819999995,46.56159692000001,44.101010450000004,24.48796147,41.09133362,56.75657966,42.14890681,25.369181110000003,24.24068856,43.48651031,47.40351412,35.57234096,25.762976719999997,23.786413680000003,34.770112139999995,42.07576199,50.6123242,41.81241241,58.38238401,50.525507839999996,5.050460836999999,14.868826740000001,12.79710609,29.831478609999998,31.36479356,21.2439859,41.125722589999995,29.20371573,5.65940586,22.8571862,23.85935797,39.0189867,25.41447288,23.82200075,41.532340839999996,40.13679993,39.47952713,11.988806850000001,57.95469633,45.641381630000005,42.24277746,25.614993050000002,38.053908990000004,11.20030084,40.70518828,15.43418692,38.62752203,57.47349914,50.525480949999995,40.48168997
Buchillon,45.73433714,38.70697876,36.43205314,17.938952550000003,35.08710396,54.25233023,18.2514396,16.83865486,16.49539759,35.818632769999994,39.58487877,15.82518011,17.1534296,17.185705979999998,11.14540399,18.21545691,39.81692827,35.51166963,45.45323046,39.84368405,30.11641792,37.78088133,37.301501949999995,8.801440023,23.5786171,8.43985475,17.652479200000002,5.634901001,22.723938360000002,21.07240688,16.75632058,33.27499426,3.3675577280000004,3.6133084269999998,33.86592445,32.93226799999999,32.4996397,39.208409890000006,45.40877278,37.94748234,35.76972154,36.69695216,55.90793461,17.257576919999998,33.4202208,38.78567615,14.82367204,55.40507864,39.84364475,33.4359116
Bullet,66.17010169,52.83731455,50.59873339,34.67056603,47.278468350000004,59.4136771,56.5245714,35.93766369,34.91429632,50.064385970000004,53.5658293,49.82172414,36.237734839999995,34.23032557,49.15314174,56.450811869999995,57.7438223,48.0235663,65.82206574,57.61633405,11.27500799,9.829257483,7.20044897,44.21228368,40.0928846,34.46550185,55.494112269999995,43.551057719999996,18.57629153,35.775650289999994,34.449101799999994,45.4211599,39.67197401,37.97773151,48.37942836,46.993725639999994,46.343182139999996,4.394300931,65.25576206,51.95625391,48.46790139,26.260759750000002,30.24183657,24.292093570000002,47.51022601,9.178212272000001,53.00880152,59.843100559999996,57.61631502,47.21766536
Bursinel,52.87512321,47.17058325,45.000375760000004,27.23505756,43.91375045,63.06540727,9.653352748,26.1165769,25.791477869999998,44.40853028,48.02542208,6.897980571,26.42083999,26.481249599999998,2.0854939100000003,9.595051382,47.70654292,44.29070321,52.62091479,47.75606302,36.51435715,45.10842389,44.197467960000004,3.2566763780000003,32.64838947,17.391348,8.81457534,4.0607901769999994,29.27675726,18.998099569999997,26.052604640000002,42.18524275,8.41776073,10.57196971,42.526532429999996,41.687458830000004,41.297913890000004,44.45839688,52.678762410000004,46.46065283,44.51978089,45.6802405,64.53804932,24.52822926,42.147581169999995,46.0403608,6.056025518,64.24825221,47.75602266,42.19293325
Bursins,54.52878545,48.59513828,46.39495438,28.17922123,45.22380484,64.38907642,9.87747132,27.12522451,26.73808442,45.79647735,49.45652903,5.534728088,27.447936470000002,27.39391028,2.783386429,9.80598779,49.251766190000005,45.618358719999996,54.27135173,49.29740101,36.195356079999996,44.993354120000006,43.96634286,2.456251206,33.841151579999995,18.04921252,8.888117515,4.719082052,29.05167511,17.45559985,26.97399901,43.46094226,8.858192881999999,11.02279011,43.89187081,43.02147418,42.616537900000004,43.83973727,54.31727087,47.87159293,45.85766463,46.212438309999996,64.84985766,24.53870573,43.49131519,45.90106685,6.364735498,65.56053630999999,49.2973608,43.526721810000005
Burtigny,57.22878739,50.97362142,48.73266923,29.91843655,47.44129782,66.60790252000001,10.80787641,28.962276669999998,28.48898042,48.125353849999996,51.843627139999995,4.061001247,29.30945913,29.09229359,5.151062853,10.72168162,51.80171286,47.860728040000005,56.96693278,51.84182192,35.94151753,45.03349841,43.82253602,3.563134039,35.91320245,19.47409363,9.666222557,6.765436827,28.99706973,15.15013977,28.68740988,45.631412989999994,10.273255370000001,12.34067372,46.19067521,45.27656728,44.85013736,43.05838687,56.99615943,50.23123598,48.114476589999995,47.26665384,65.52274072,24.904152999999997,45.759686529999996,45.89921545,7.707984908,67.76174216,51.841781940000004,45.78076666
Bussigny,41.518671690000005,31.140023539999998,28.63993201,7.15033952,26.32191704,44.74100613,31.84258112,7.246173254,6.180143248,27.98999523,32.0416695,28.39084142,7.700475365,6.208063332,24.55495857,31.803640090000002,34.01661467,26.9282768,41.189485090000005,33.97450894,20.00327741,25.66004287,25.84171542,21.08138829,14.71571273,5.193666889,31.19739054,18.54837037,13.47285583,26.146247210000002,6.017929819,24.246388839999998,14.3188815,12.16870003,25.91354386,24.65776105,24.06946133,30.249392489999998,40.895288009999994,30.25285211,27.293059590000002,23.12479855,42.32503432,8.063341951,25.22486492,26.73560784,28.3657589,45.74862123,33.97447569,25.11004174
Bussy-sur-Moudon,43.575050219999994,29.75496759,27.94295782,22.11761385,24.59544475,33.95755003,56.51596196,23.68037238,23.32613563,27.551595130000003,30.315397389999998,52.69179819,23.6512411,22.44393574,49.20290647,56.47728247,35.26054403,25.289226900000003,43.23819921,35.094738,21.62485033,15.69626211,18.553184140000003,45.468752280000004,22.63077233,29.86677035,55.86723858,43.14577672,23.46656576,45.98364348,22.8826572,23.2221992,38.83743665,36.66836781000001,26.374416420000003,25.17114683,24.61587003,28.24175838,42.54497896,28.98246502,25.704384580000003,1.908009318,18.12732271,24.65211289,25.55521708,16.3557703,53.03622801,34.349576240000005,35.09472924,25.210268380000002
Château-d'Oex,21.83875863,16.925776570000004,18.748810130000003,38.36145772,19.68083747,0.6591223813,70.29666405,38.85557376,39.62874495,19.29137809,16.20378005,70.40774911999999,38.439807439999996,39.302199269999996,64.9741992,70.30612611,19.198202730000002,19.273013210000002,21.70175958,19.03145369,54.305197379999996,50.24291229,52.98961827,63.569344629999996,31.38161401,48.954040809999995,70.22379354,60.36927583,52.99523361,71.46883115,39.60415674,21.53336994,57.23620297,55.507260929999994,21.06846004,21.87258862,22.27681879,62.49679846,20.886754250000003,17.45681888,19.03969163,33.818447809999995,41.50294231,50.8396501,21.41343,50.95188271,67.72850224,1.23402286,19.03148937,21.367143929999997
Chéserex,62.02607924,57.61417999,55.55414875,38.51266167,54.707396630000005,73.77695908,5.375354568,37.36805676,37.06927352,54.985716350000004,58.441806559999996,6.088357868,37.6612641,37.76705961,9.491846801,5.301884738,57.621423199999995,55.03919599,61.80098249,57.69119463,45.928732000000004,55.064945570000006,53.8310504,12.85580226,43.704466860000004,28.61665809,4.689610273,15.22571185,39.026255060000004,22.6631344,37.33681309000001,53.062593220000004,19.46232367,21.62875673,53.17927898,52.4289793,52.079683360000004,52.72549757,61.95543395,56.95445873,55.24075904,56.819479120000004,75.38779217,34.88068955,52.86175611,55.92803984,6.5933823899999995,74.98804134,57.691153729999996,52.93311852
Chêne-Pâquier,53.475338519999994,39.65816733,37.81715833,28.99550741,34.457517419999995,43.01429315,60.49426729,30.569404549999998,29.937177629999997,37.41156684,40.222779759999995,55.53738042,30.659622459999998,29.05681597,52.95898416,60.4423205,45.14293268,35.15938526,53.13776853,44.97929214,18.44100514,9.244850819,12.202931399999999,48.65797988,31.25365013,34.35024284,59.69517275,46.84429427,23.24489314,45.82484702,29.448749810000002,33.01629129,42.4922063,40.37952162,36.168078699999995,34.92782174,34.35177096,21.54342202,52.44828578,38.880135190000004,35.578826549999995,11.49427446,14.65008043,26.57955773,35.33516221,9.285247084,56.91323584,43.26758368,44.979282700000006,34.99475484
Chamblon,59.012710489999996,45.631572659999996,43.40765697,28.285088199999997,40.0786494,52.36038833,53.55258207,29.64760074,28.68619768,42.87912447,46.35482436,47.506231529999994,29.909145990000003,27.94114271,46.02255694,53.48684211,50.57827179,40.823314919999994,58.66490741,50.44806683,7.724027414999999,3.172253452,0.252160868,41.266508529999996,33.241654090000004,29.576387460000003,52.60479863,40.12356109,14.67903165,35.393127330000006,28.20391578,38.237747170000006,35.979040309999995,34.0832766,41.21714551,39.83695687,39.189370419999996,9.655335573,58.08886825,44.753540029999996,41.26740287,19.209522550000003,26.33932115,19.815337019999998,40.347633370000004,3.179634256,49.96958902,52.82615641,50.4480484,40.05091779
Champagne,62.77646388,49.08763576,47.03895817,34.162983679999996,43.66051257,53.74986441,60.658320890000006,35.61461871,34.7317889,46.56644958,49.733867059999994,54.5757486,35.82979808,33.93326254,53.127582419999996,60.59257497,54.34435361,44.39193204,62.43210999,54.19662988,14.735293069999999,6.683472522,6.861701231,48.37078402,38.29725236,36.43645804,59.70992211,47.2207336,21.78451776,42.000355369999994,34.23871141,41.99352119,43.0613238,41.147388359999994,45.09038518,43.76085172,43.13905221,12.42931405,61.79574649,48.25376391,44.82834957,21.175315259999998,22.1250016,26.84664742,44.22861651,5.581731756,57.07520794,54.05023919,54.1966158,43.907739459999995
Champtauroz,51.93781928000001,38.114901530000004,36.32971311,28.50644946,32.98554074,41.130194,60.762743,30.08834443,29.516870599999997,35.94175312,38.65817103,56.02049497,30.15072941,28.629752229999998,53.25566515,60.71341627,43.64257533,33.67758597,51.602276700000004,43.47550359,19.73951734,10.89653161,13.90204026,49.0552531,30.320365570000003,34.42279215,59.99278472,47.134466249999996,24.10380778,46.821360840000004,29.03531583,31.606513579999998,42.77493283,40.641754150000004,34.759361389999995,33.54573949,32.983322959999995,23.36369013,50.901480649999996,37.35249485,34.091403129999996,10.101760550000002,13.72062254,27.08718524,33.93664443,11.038975319999999,57.19491706,41.36962413,43.47549526,33.592769849999996
Champvent,60.87787383,47.60853935,45.34562633,29.409663769999998,42.040565369999996,54.70668455,53.01699845,30.70646793,29.70125441,44.80372335,48.34911159,46.71443386,30.99518648,28.997122729999997,45.53395586,52.94806291,52.460084300000005,42.78609401,60.52971697,52.33508552999999,6.97178338,5.669256583,2.6351058,40.6938427,34.74592181,29.82018763,52.03589831,39.739187969999996,14.32244498,33.93379449,29.22991816,40.160141710000005,35.6925412,33.87694949,43.095606,41.705850149999996,41.053240689999996,7.190812661,59.97162338,46.721719449999995,43.23067601,21.58646967,28.55351199,19.8002313,42.22698923,5.531900984,49.45349684,55.19205739,52.33506594,41.938244319999995
Chardonne,21.74827881,8.976364213,6.495516835,15.36914679,3.8210007719999997,22.812492470000002,47.66744702,15.65478558,16.52065355,5.8793752480000006,9.840439708,47.196278899999996,15.221964470000001,16.31790763,41.90716549,47.667357470000006,13.335246499999998,4.432456048,21.40018148,13.215135539999999,35.80270948,35.33722709,37.34049941,40.267653810000006,8.061267232999999,25.71531135,47.48066749,37.090970240000004,32.4168767,48.54694989,16.56488499,1.812548511,33.89170805,32.16621324,3.98633352,2.583461522,1.925331154,45.572945829999995,20.8440533,8.056280443,4.8150328380000005,21.15326748,38.71969483,29.02606299,3.128175196,36.33393982,44.876164700000004,23.94495967,13.215114719999999,2.87940411
Chavannes-de-Bogis,62.10626644,59.116647470000004,57.22628758,41.948426659999996,56.74648288,75.54143615,6.157376513999999,40.66235862,40.5222457,56.69645843,59.90039556,12.19516821,40.90278317,41.29019605,13.53355963,6.1883017140000005,58.50132943,57.00275204,61.9101353,58.59206552,51.62934817,60.52170011,59.452605819999995,17.97049393,46.35122932,32.78203559,6.801451377999999,19.65486635,44.554847020000004,29.13420154,40.84578157,55.2593817,24.01510455,26.15836048,55.01757069999999,54.408880870000004,54.12674739,58.81704819,62.151430229999995,58.530298349999995,57.15950825,61.08923001,80.1167636,40.05279847,54.79495407,61.42425438,9.622092489,76.79133827999999,58.59202453,54.90547482
Chavannes-des-Bois,64.26109256,61.89058167,60.071197870000006,45.40013727,59.72753033,78.37692473,9.766764237,44.082227950000004,43.982460229999994,59.55759418,62.65477698,15.83467648,44.30816308,44.765243410000004,17.247722969999998,9.809435107999999,61.02509493,59.95595486,64.0792046,61.12433343,55.380097070000005,64.27774054,63.20763641,21.72654605,49.5680235,36.41435036,10.510389230000001,23.36714609,48.311148800000005,32.50655599,44.3186819,58.30017689,27.725710149999998,29.86082154,57.93145212,57.37600873,57.11866477,62.5071881,64.35984294000001,61.33440892,60.09601184,64.69924914,83.80001411,43.80004218,57.74405906,65.18075356,13.30744842,79.63943436,61.12429255,57.86830643
Chavannes-le-Chêne,53.89027094,40.06782542,38.26813514,29.88530237,34.91898713,43.03173132,61.51111324,31.46190962,30.844765980000002,37.8749549,40.61570384,56.561019800000004,31.54480968,29.96240633,53.97721953,61.459323409999996,45.5852702,35.61404328,53.55424801,45.419105470000005,19.36628115,10.03545351,12.94619314,49.68023812,31.998499489999997,35.34772836,60.71365721,47.86192804,24.25245465,46.80920582,30.35782316,33.51931693,43.50918106,41.39506789,36.6723546,35.44884387,34.88115957,22.14882807,52.855957860000004,39.30167499,36.02954146,11.99490452,13.68174144,27.60315957,35.84585637,9.996198217,57.93075787,43.25426459,45.41909685,35.50316885
Chavannes-le-Veyron,51.61947517,41.06395312,38.55349233,17.11957633,36.06260546,53.93928452,31.02248349,17.3495226,16.268949459999998,37.90522461,41.96048376,25.28995281,17.80287154,16.204771790000002,23.488711159999998,30.95750184,44.10500554,36.703416250000004,51.29106697,44.05965541,15.142873439999999,23.79816119,22.77741012,18.76453085,24.70600799,10.06609555,30.086273249999998,17.629480400000002,7.855129475,17.54892771,16.068317359999998,33.95966847,13.613757739999999,11.9109051,35.83485815,34.539194089999995,33.92988017,23.93484164,51.00058189,40.164604180000005,37.0873351,27.80622595,44.689942710000004,4.252204538,35.11234964,24.69302978,27.43691788,54.870145889999996,44.05962257,34.973691599999995
Chavannes-près-Renens,38.85065813000001,28.72705028,26.241114959999997,4.939672524,24.06019495,42.72686289,31.934473529999998,4.686389076999999,3.723378571,25.591521710000002,29.630957719999998,29.15362089,5.141003896,4.005294488,24.87929709,31.90326625,31.43009188,24.63962597,38.52322986,31.393541829999997,22.34239111,27.36957122,27.781853780000002,21.85088142,12.306411829999998,5.911781931,31.3794509,19.06751969,16.05531923,28.30611877,3.6971491000000003,22.01443453,15.06143779,13.00595831,23.51599928,22.297582419999998,21.72860542,32.66747857,38.24193222,27.85157801,24.98925423,23.16214005,42.76287171,10.770382040000001,22.85764304,28.46166415,28.55566707,43.769466630000004,31.39350793,22.76235125
Chavannes-sur-Moudon,40.460618679999996,26.651232779999997,24.79233679,19.69472866,21.43407795,31.70221014,54.70953322,21.22532365,20.9762732,24.38889055,27.23336112,51.26181504,21.15466219,20.11082527,47.50769149,54.675144800000005,32.11845631,22.13474266,40.1221427,31.95520704,22.69172627,17.93399118,20.63183438,43.98222807,19.61399976,28.14153882,54.110628299999995,41.51559522,23.52466896,45.57574486,20.557607049999998,20.02678121,37.264256,35.102207889999995,23.17975006,21.96690525,21.40780685,30.16181069,39.43889482,25.86437216,22.553990969999997,1.5730331839999998,20.77366491,23.940688350000002,22.35643572,18.704167010000003,51.279495600000004,32.18213854,31.95519744,22.01261736
Chavornay,53.66821103,40.85632123,38.47599424,21.00484233,35.29334626,49.85854036,45.6484654,22.2343859,21.198775649999998,37.893481290000004,41.654447760000004,39.93181403,22.54522756,20.53060477,38.09065785000001,45.58602193,45.34746659,36.03297466,53.32061655,45.23956341,3.823215142,9.113541182,8.437370305,33.438026550000004,26.84846979,21.369254,44.73658001,32.11557424,6.995081148000001,29.37904394,20.7377865,33.29599742,27.90850138,25.966507290000003,36.050438979999996,34.6452189,33.98410664,13.729144739999999,52.819192369999996,39.94589091,36.47413157,18.03197212,31.0880128,11.6509912,35.19402658,10.02898899,42.05426283,50.50680008,45.23954028,34.93433675
Cheseaux-Noréaz,57.173559950000005,43.53965816,41.446871,28.57995572,38.07360527,48.96714027,56.60002053,30.05795539,29.209783520000002,40.96151458,44.20626573,50.950722090000006,30.25554409,28.39284138,49.034339339999995,56.5393617,48.732975489999994,38.80935566,56.82818598,48.58874995,11.87205391,2.031765905,4.692894548,44.430983919999996,32.55883539,31.56488531,55.706067280000006,43.01483407,17.98945988,39.70670848,28.714277669999998,36.36696565,38.75476683,36.75336937,39.4464504,38.10593658,37.47880068,14.03746377,56.20435705,42.69373824,39.24830534,15.962703090000002,21.489808110000002,22.452695029999997,38.58201634,1.72932618,53.00301713,49.347649149999995,48.58873494,38.265077989999995
Cheseaux-sur-Lausanne,41.38643435,29.754795010000002,27.24931695,7.18037623,24.50059456,41.941703079999996,37.21372498,8.313592962000001,7.264998098,26.61263705,30.63137951,33.498107669999996,8.642783221,6.620629706,29.87830887,37.17328793,33.404632,25.18063183,41.045233849999995,33.33101152,17.011929629999997,21.10881734,21.70022785,26.22381345,13.97821675,10.56884616,36.54911878,23.82619596,11.91127649,29.40308795,6.807704607,22.38862281,19.53426338,17.36689347,24.5843434,23.22352018,22.58330932,27.40780066,40.648089590000005,28.83841546,25.587832709999997,17.824583529999998,36.92311279,8.320937912,23.7999706,22.20723739,33.71919247,42.854854270000004,33.33098251,23.616970549999998
Chessel,7.264627545000001,9.006834444,10.0791148,27.49772649,13.30648153,22.44365419,51.20146588,27.0370699,28.145356349999997,10.371419739999999,8.926393942999999,53.0955279,26.588954140000002,28.340799309999998,47.229388310000004,51.230101909999995,3.696330589,12.65471998,6.939013004,3.898685695,50.39158188,50.55861836,52.48878117,47.1603675,20.251477180000002,35.78505311999999,51.37503127,43.90585722,46.1359306,58.686809950000004,28.40236605,14.64760911,41.8911022,40.71846258,11.498964970000001,12.78032155,13.38949601,60.4258687,6.716215955,9.472648371,12.27106222,36.17191269,52.260694900000004,41.862804510000004,12.34230313,51.56491638,49.22644845000001,23.75010829,3.898662185,12.67735419
Chevilly,52.86086926,41.478670830000006,38.97183721,18.14868766,36.21741025,53.266333769999996,35.64191021,18.762204559999997,17.627417349999998,38.33395904,42.356362350000005,29.73165406,19.19058526,17.3315536,28.120040969999998,35.57582735,45.01862535,36.90145898,52.52371875,44.952951240000004,10.49813102,19.28856625,18.15714723,23.356555059999998,25.50944845,13.585228800000001,34.692887410000004,22.27682148,3.250294712,20.16387933,17.314271570000002,34.10641534,18.24171034,16.48364798,36.29995796,34.94430154,34.30595429,19.57942466,52.16468221,40.562814859999996,37.31043734,24.98166006,40.79032836,3.870443226,35.52093284,20.1511645,32.0613157,54.114632969999995,44.95292108,35.34082996
Chevroux,64.58817751000001,51.08353989,49.77656996,45.271440649999995,46.65412216,49.270012369999996,77.29312513,46.855089590000006,46.32933511,49.523261960000006,51.43372375,72.13800895,46.89291874,45.43986329,69.74508268000001,77.23970738000001,56.78303758,47.25489607,64.27682034,56.59413605,33.4267707,23.61036794,25.68523033,65.36814212,46.34568679,51.18853953,76.47646511,63.63871987,39.38477018,61.26150456,45.85300485,45.711846109999996,59.29415031,57.1929762,48.76844795,47.74726449,47.278129639999996,32.25488997,63.494359960000004,50.46931221,47.61519442,25.626715179999998,8.334215117,43.23948074,48.03147541,22.979090359999997,73.70617197,49.07339174,56.59413646,47.67799721
Chexbres,24.14492621,12.45074281,9.941831725,11.5612327,7.756516478,26.80959039,43.87928371,11.730867889999999,12.64068219,9.292885082000002,13.34845429,43.24092303,11.29069264,12.50380526,37.9987117,43.876496769999996,15.97768722,8.296894797,23.79886202,15.8943039,33.22202854,33.72350746,35.4850956,36.285945119999994,4.090226412,21.75290428,43.660543319999995,33.11794639,29.28751684,44.65642352,12.7200116,5.810777167,29.89462344,28.168652480000002,7.221183559,5.946486448,5.365931802,43.24753331,23.339961459999998,11.5541181,8.633597024999998,20.8812875,39.591945419999995,25.54390659,6.513857219,34.76459517,41.028384530000004,27.93806519,15.894276320000001,6.402595979
Chigny,44.069669520000005,35.2763251,32.8568984,12.40519802,31.01078355,49.96339106,24.990788369999997,11.68741384,11.02411814,32.21588693,36.17766536,21.59655393,12.09064158,11.52376274,17.6640935,24.94950669,37.28261708,31.53141836,43.76121178,37.27536224,24.034005280000002,31.165698359999997,30.87085128,14.280420190000001,19.1734869,1.75254541,24.32259631,11.65966781,16.739542580000002,21.85199184,11.14909644,29.04072464,7.485481231,5.38290573,30.16942896,29.06097707,28.54424663,33.64540718,43.590675000000005,34.44284775,31.84603456,30.013694049999998,49.07901772,11.0053048,29.596563890000002,32.19338844,21.492403030000002,51.04573588,37.27532541,29.5485829
Clarmont,47.76380293,38.43948828,35.97776058,14.82028566,33.90955989,52.60636198,25.73641241,14.4492628,13.58436061,35.33045541,39.343907570000006,21.11363369,14.88948486,13.879155800000001,18.18467797,25.681961360000003,40.76398655,34.47381016,47.44974306,40.74586455,21.302879410000003,29.22876338,28.58907622,13.97483785,22.09686301,4.756170871999999,24.91767334,12.08296324,13.90872537,18.49495722,13.58176265,31.87859842,7.761591436,5.748275071,33.26246967,32.08474476,31.533292539999998,30.46064844,47.24838435,37.58087608,34.813435080000005,30.223833879999997,48.56263451,8.578398295000001,32.6368462,30.203059290000002,22.14665262,53.6421751,40.74582872,32.558875629999996
Coinsins,57.678456960000005,52.60623986,50.48672766,33.013258130000004,49.51108845,68.63408469000001,5.673622566,31.8922828,31.56968251,49.905503470000006,53.44877893,2.834661039,32.19408738,32.25749347,4.143436486,5.582694363,52.884601430000004,49.867603990000006,57.438500829999995,52.944226560000004,40.99401511,49.94224361,48.82950683,7.452270788,38.35578933,23.07821096,4.494890900000001,9.686757496,33.946131609999995,19.812883460000002,31.82953148,47.819405700000004,13.94044033,16.10891431,48.057683929999996,47.25945308,46.88822905,48.26716458,57.54508008,51.91968484,50.08414268,51.29868748,69.95534361,29.5801538,47.70719537,50.83253362,3.261022574,69.82991571,52.94418587,47.764654199999995
Commugny,60.94603843,58.51083954,56.695357969999996,42.24581491,56.36788641,74.99954691,7.041143661,40.904274660000006,40.83646744,56.18308932,59.27447304,14.1767135,41.119540650000005,41.63134032,14.606423779999998,7.103428242,57.65249521,56.59194946,60.76104519,57.75103312,53.07333215,61.79224675,60.82954619,19.33424266,46.27511979,33.48497506,7.991989461999999,20.67076123,45.90842843,31.35394715,41.18329877,54.952072529999995,25.00370793,27.105540400000002,54.56249332,54.014476020000004,53.76129264,60.535884519999996,61.03359053,57.95594714,56.72965862,61.70621585,80.93710137000001,41.21706441,54.37976175,62.717763059999996,10.63740948,76.26283581,57.75099222,54.50603213
Concise,63.365579319999995,49.55494584,47.68193918,37.05419035,44.31376662,52.50978523,65.38301209,38.574090770000005,37.78656454,47.26360192,50.128210720000006,59.52995569,38.7381359,36.94480444,57.825632559999995,65.32037195,55.01264819,45.022156069999994,63.02696011,54.85143395,19.82376691,10.65350207,11.847760449999999,53.15642379,40.32997427,40.49255595,64.46715716,51.8410244,26.581259999999997,47.35008082,37.28973126,42.821472560000004,47.60853162,45.629076829999995,45.96752476,44.70193484,44.11222962,17.649039809999998,62.34360472,48.769370779999996,45.44520259,21.35619421,17.60446906,31.308189,45.12564363,9.706098900999999,61.789119140000004,52.6814721,54.85142375,44.789245369999996
Coppet,59.960984190000005,57.569142039999996,55.763214399999995,41.47066092,55.45706781,74.06399621,6.599097097,40.11690611,40.066146679999996,55.25331921,58.33031801,14.08069058,40.326282729999996,40.86703818,14.11678655,6.670417800999999,56.68610726,55.676340450000005,59.776374430000004,56.78529959,52.65233938,61.3001639,60.37846971,18.928288430000002,45.4183358,32.8238013,7.633758042999999,20.132656439999998,45.45564652,31.35133571,40.418383909999996,54.05252942,24.4448755,26.52884352,53.64091928,53.10174371,52.85295194,60.23168005,60.05009115,57.018134610000004,55.81128058,61.004638,80.28929645,40.69731715,53.463911010000004,62.23394999,10.16569646,75.32887188999999,56.7852587,53.59246187
Corbeyrier,4.432291026,9.486345813,11.54839061,31.52199056,14.90923035,18.66128255,56.44116553,31.232302479999998,32.30718655,12.06757243,8.921980685000001,58.26363233,30.777710080000002,32.40838493,52.41451077,56.46959771,4.535424441,14.171018029999999,4.120570875,4.619812812,53.554397640000005,52.87482917,55.00392096,52.24198683,24.035108240000003,40.378952420000005,56.610926639999995,48.980749409999994,49.793450729999996,63.403679450000006,32.517647239999995,16.70940333,46.83727666,45.589063419999995,13.797957290000001,15.20020937,15.8598757,63.355033569999996,3.3483753050000002,10.29904204,13.731157419999999,37.69190032,52.277627249999995,45.84050283,14.66150105,53.83589398,54.45117733,19.9191925,4.619839414,14.9380023
Corcelles-le-Jorat,37.07575235,23.818279460000003,21.52621684,11.52231556,18.241834230000002,33.10506109,46.74596192,13.06029881,12.802837380000001,20.98013233,24.58036215,43.67179984,13.003502580000001,11.94013581,39.65314283,46.71491223,28.645869750000003,18.98713162,36.72784923,28.51811116,21.05546116,20.062918720000003,22.007031689999998,36.3589025,12.53216912,20.36169721,46.18754581,33.746346089999996,19.28644842,39.61637974,12.38780328,16.33703188,29.580388279999998,27.44204034,19.28197998,17.89898282,17.250690849999998,30.41278411,36.15772058,22.9231214,19.431579269999997,8.835571738,28.79442651,17.95741748,18.41263718,21.084027730000003,43.36173837,33.86953293,28.51809213,18.11944103
Corcelles-près-Concise,63.05713659,49.26244483999999,47.34815629,36.23118276,43.97361002,52.61469792,64.22855523,37.73946342,36.93213843,46.91729769,49.85268397,58.336434430000004,37.91387087,36.09783602,56.67462612,64.16536985,54.680388189999995,44.68803331,62.71701715,54.52204306,18.60054218,9.542474443,10.62504989,51.989689760000005,39.68660723,39.44991589,63.306975509999994,50.7022273,25.40302985,46.10233235,36.435427759999996,42.44061232,46.481274449999994,44.51260807,45.579866929999994,44.298642,43.701133139999996,16.478652559999997,62.04373106,48.46521566,45.114587570000005,21.05866547,18.514794119999998,30.187367440000003,44.73257613,8.564435817,60.63601982,52.81722649,54.52203199,44.39917659
Corcelles-près-Payerne,58.05405011,44.81791012,43.722841509999995,42.03452491,40.75486731,41.87241189,75.81556061,43.59753886,43.23363583,43.531453739999996,45.091406049999996,71.33024833,43.56569992,42.34910778,68.36475082,75.77030713,50.504954940000005,41.303362379999996,57.753541250000005,50.309939039999996,34.54317439,24.88811595,27.5190523,64.29381399,41.96445365,49.255035750000005,75.08998382,62.24927926,39.46408149,62.07727236,42.785349710000006,40.03760555,57.89235219,55.73888835,42.98559285,42.078845529999995,41.666828370000005,35.61082391,56.95024583,44.27029282,41.633465429999994,21.74426418,1.7956371610000001,42.44891588,42.30429773,24.56823924,72.27448895,41.62280472,50.309942799999995,41.952999219999995
Corseaux,20.922990440000003,8.487447385,5.975925965,15.59612834,3.787417901,22.95100086,47.27227531,15.777556420000002,16.68914165,5.33533029,9.374359562,46.9741984,15.33605935,16.54104408,41.623233590000005,47.274175,12.546911640000001,4.269608751,20.574748380000003,12.43611748,36.522528969999996,36.23807241,38.20562981,40.10344339,8.129392622000001,25.778767639999998,47.1101295,36.9072983,32.97850307,48.70465985,16.764101030000003,2.166701058,33.79675264,32.1139682,3.31486674,1.9457255990000002,1.325210308,46.35551636,20.0397555,7.576870306,4.590699365000001,22.175518779999997,39.768329189999996,29.4476048,2.5224708099999997,37.24174766,44.53016206,24.112280159999997,12.43609474,2.368739291
Corsier-sur-Vevey,20.80292422,7.520392138,5.160480573,17.21773256,2.0388058559999997,20.895645860000002,49.50453655,17.54305329,18.39260212,4.617339057000001,8.338130062,49.09914053,17.11313414,18.166938910000002,43.79266169,49.50553398,12.35830479,2.7389087180000002,20.45671024,12.21767405,37.10648936,36.2143223,38.31942033,42.18014073,9.970534399,27.61485372,49.3306368,39.00059966,33.96380115,50.411208599999995,18.42436029,0.1112933741,35.80861307,34.08211635,3.1693290270000003,2.0952479189999997,1.765702796,46.743454129999996,19.85042416,6.607163649,3.166258089,21.51633074,38.41069969,30.72609014,2.371179517,37.18745022,46.73760988,22.029539659999998,12.217657950000001,2.019404963
Cossonay,48.88611049,37.74720489,35.23500668,14.15472729,32.58263837,50.07480427,34.05948461,14.70049409,13.56898046,34.59207326,38.633447569999994,28.878862639999998,15.13404101,13.3118758,26.491890350000002,34.00146764,41.12307326,33.24958643,48.55077194,41.06329621,13.233235769999999,20.80050989,20.21712917,22.02980142,21.60844951,9.998365911,33.1979205,20.43783267,6.025232315999999,21.81247465,13.27228098,30.47056604,16.1645975,14.17656773,32.54065787,31.204952079999998,30.5764416,23.03478158,48.20795382,36.836311540000004,33.648808689999996,23.53979759,40.778047,0.2356762877,31.78144458,21.77550338,30.462419829999998,50.9724876,41.06326523,31.61700717
Crans,58.58952042,55.177518819999996,53.24806148,37.76753009,52.69742087,71.55796081999999,2.013261228,36.481745069999995,36.34163252,52.70964921,55.9721542,9.453326517999999,36.722994039999996,37.11057613,9.555949469,2.0593608690000003,54.72159086,52.96728284,58.38276228,54.806459219999994,47.978997369999995,56.71848583,55.739408080000004,14.23986519,42.210026469999995,28.66157948,2.898640971,15.65633101,40.81944453,26.79154826,36.66596801,51.18312645,20.0074535,22.13116364,51.00359249,50.36804782,50.07393102,55.482190759999995,58.5936895,54.57413749,53.13239135,56.95384383,76.05075552000001,36.16597301,50.76292656,57.6395991,5.588812302,72.80058895,54.8064182,50.86646953
Crassier,62.08764619,58.329821259999996,56.34573397,40.09981306,55.66880424,74.63251219,4.865757089,38.8852803,38.66110627,55.79441346,59.13821527,8.881993178,39.15418584,39.39392222,11.161416370000001,4.839691506,58.04756614,55.965867180000004,61.875658560000005,58.12718335,48.59180485,57.62012532,56.461340150000005,15.157665660000001,44.93061343,30.52555921,4.875352137,17.19141711,41.60500122,25.65936435,38.95591317,54.09508573,21.5220351,23.68823535,54.04457044,53.35913744,53.04063035,55.56798175,62.07054889,57.70329333,56.14683565,58.82514408,77.61705404,37.28676301,53.770822890000005,58.5017277,7.562267006,75.8626333,58.12714235,53.86058434
Crissier,40.021049700000006,29.45205899,26.947782370000002,5.4586423459999995,24.589605650000003,42.973683859999994,33.0798791,5.733614049,4.620610571,26.29812371,30.35233107,29.89550016,6.178487595,4.531251781,25.88558423,33.044414960000005,32.43008858,25.20218147,39.689322229999995,32.3832666,20.47454448,25.491112270000002,25.88046151,22.57909224,13.0466689,6.561080215,32.4744863,19.94708733,14.31448814,27.91087228,4.391665218,22.50872249,15.7897816,13.66451362,24.22277819,22.954363219999998,22.3601774,30.81785989,39.37683786,28.56071691,25.570753110000002,21.877909719999998,41.29984369,9.230486567,23.52345147,26.58125424,29.64339237,43.9801659,32.38323392,23.40215016
Cronay,53.82718327,40.16055177,38.09219839,26.09281728,34.715246789999995,45.57255121,55.71779917,27.61402932,26.83443973,37.615512560000006,40.818039479999996,50.45016555,27.77678332,25.98904633,48.15521627,55.661713109999994,45.392161359999996,35.44840659,53.48249227,45.2453915,12.80799985,4.21851993,7.2328555329999995,43.70944822,29.60004573,30.05007245,54.873591399999995,42.07062206,17.81395133,40.24744876,26.33767335,33.03738866,37.74884813,35.681589,36.132714039999996,34.80341512,34.182189140000006,16.95164991,52.85036617,39.32056369,35.88588146,12.52607151,20.26784594,21.57878636,35.27089288,4.748667331,52.12350982,45.96916736,45.24537716,34.95009891
Croy,56.932408259999995,44.933218630000006,42.45811226,22.54651143,39.50125207,55.526947039999996,40.415395579999995,23.38189944,22.249542270000003,41.83724525,45.7846454,34.014037470000005,23.78277493,21.82190308,32.98631415,40.34418942,48.87281283,40.21529787,56.59003355,48.7906664,5.933709533999999,15.66643923,13.90831444,28.0865922,29.537338,19.11566203,39.41215563,27.33333136,3.6705930870000003,22.065679629999998,21.87910986,37.41551056,23.46889589,21.82687721,39.861543100000006,38.47232231,37.81797191,14.04562924,56.177461900000004,44.01257851,40.64159801,25.00459063,38.48146739,9.076905274000001,39.0436825,16.34610651,36.872860540000005,56.27780839,48.79063875,38.829539510000004
Cuarnens,53.70020587,42.935853730000005,40.42303084,19.08505096,37.85267911,55.480775220000005,32.246667099999996,19.406173770000002,18.30750627,39.776690349999996,43.828283860000006,26.11685292,19.8563436,18.18843761,24.78014461,32.17744698,46.10782603,38.50733901,53.36980178,46.05763425,13.81994463,22.93109282,21.65774513,19.9226662,26.64828197,12.33939064,31.26533856,19.09506581,6.902906519999999,16.740195919999998,18.07965976,35.7434814,15.272654039999999,13.72505119,37.71309866,36.39864602,35.78008984,22.08657906,53.06480481,42.03078155,38.89921505,28.33521389,44.501381609999996,5.281368881000001,36.973777199999994,23.765549900000003,28.68734809,56.3826321,46.05760202,36.82327831
Cuarny,55.53843666,41.86775358,39.80296935,27.58189984,36.42572871,47.12353256,56.56575326,29.088681649999998,28.2830903,39.326961880000006,42.52308575,51.121882219999996,29.26422914,27.447481579999998,48.997988819999996,56.50759589,47.10382324,37.15858795,55.193796029999994,46.956914559999994,12.69603324,3.222967511,6.217321791000001,44.47817005,31.244845840000004,31.15557975,55.69885875,42.93851721,18.280342830000002,40.411953679999996,27.786326369999998,34.74950959,38.64068485,36.600692779999996,37.84480245,36.51516183,35.893657059999995,15.77951649,54.56099529,41.02890538,37.59587844,14.15650794,20.356317,22.38506713,36.982920899999996,3.416169347,52.9685821,47.49994537,46.95690025,36.66220256
Cudrefin,71.64453299,58.695227339999995,57.73086464,55.81445207,54.843823709999995,53.980337760000005,88.54132758,57.3918531,56.94910563,57.57056354,58.912402900000004,83.48188502,57.391770380000004,56.05934906,81.00610812000001,88.48952966,64.348129,55.36872015,71.35627724,64.14950515,44.73436714,34.94415249,36.918086100000004,76.6763323,56.13796066,62.28657179,87.74193196,74.89174962,50.75405895,72.54779905,56.48542643,54.20291558,70.53938555,68.42441777,57.11044928,56.240916420000005,55.84450246,42.82824276,70.5354158,58.193651519999996,55.684236920000004,35.68572641,15.93207856,54.55887962,56.44885233,34.27896608,84.96068896,53.52534196,64.14951133,56.09910359
Cugy,39.56573893,27.51940692,25.03175671,6.696146623,22.154573629999998,39.25153552,39.49139399,8.156404969999999,7.336614658,24.405648850000002,28.38099883,36.069264000000004,8.361420749999999,6.499629754,32.25229438,39.45489104,31.43626956,22.85393511,39.22126763,31.3506358,18.06480672,20.80684201,21.78819564,28.76933551,12.3167534,12.884336520000002,38.87148143,26.25912092,13.87813421,32.23599685,6.839783595,20.05150536,22.023494149999998,19.86733366,22.41600013,21.031400310000002,20.379630499999998,28.35316766,38.78374087,26.59929751,23.27229715,15.457346439999998,34.933000310000004,10.9710128,21.604465939999997,21.911329079999998,36.03958765,40.1439478,31.35060868,21.39807241
Curtilles,44.26311871,30.47162514,28.858716960000002,25.06003025,25.58926466,33.005878360000004,59.72570779,26.60469012,26.311891680000002,28.52731006,30.95418684,55.957089599999996,26.54847682,25.43758244,52.433920830000005,59.68800457,36.09448384,26.24431112,43.93362346,35.918443659999994,24.24521961,17.384092250000002,20.364535319999998,48.728118869999996,24.968129519999998,33.08399344,59.087754159999996,46.3862315,26.547263790000002,49.1570902,25.88115553,24.428939070000002,42.08495773,39.91610823,27.54964299,26.43786561,25.92872201,30.10353392,43.205361239999995,29.757154139999997,26.63727205,4.803018594,15.335582050000001,27.90047569,26.769239109999997,17.88435531,56.25612854,33.279928749999996,35.91843849999999,26.417634539999998
Démoret,51.27012458,37.477784269999994,35.56318917,26.227009040000002,32.18998168,41.67368168,57.968475919999996,27.80101178,27.17111479,35.13581198,38.07322533,53.15830783,27.89116153,26.290239590000002,50.44948169,57.918104590000006,42.89544043,32.90298698,50.92998715,42.73653537,17.06069755,8.778515896,11.81109323,46.21466865,28.57089025,31.71489632,57.18716958,44.32967196,21.22244732,43.96118569,26.68308064,30.6775407,39.97202867,37.84633075,33.82229939,32.55525717,31.96595861,21.486030879999998,50.25727279,36.678691480000005,33.32889497,9.283495591000001,16.61268942,24.21421511,32.97956458,9.146682436999999,54.39501511,42.00087435,42.73652445,32.64355823
Daillens,47.20915209,35.54116241,33.04097203,12.73051438,30.2310248,47.24129832,36.91853791,13.60541851,12.48020252,32.40756296,36.41224083,32.05805224,13.99588799,12.0179936,29.370403,36.8648128,39.24023381,30.922442760000003,46.86857099,39.16643973,12.176688910000001,18.430434539999997,18.263361359999998,25.07740209,19.79951757,11.55138006,36.10359655,23.26393212,6.146485374,25.18805232,12.092784669999999,28.12283384,18.92396206,16.84045251,30.38986128,29.02111751,28.37670417,22.46967442,46.47711881,34.62293553,31.33587947,20.0912644,37.52886595,3.4751977050000002,29.59690613,19.463069899999997,33.330911269999994,48.10020052,39.16641076,29.405924159999998
Denens,45.67776784,37.05236458,34.640462480000004,14.21299684,32.81894519,51.78157489,23.68631105,13.50725538,12.83801694,34.000644099999995,37.95282166,19.95335828,13.91040199,13.32529614,16.2593861,23.64052646,38.983157379999994,33.33589768,45.372434999999996,38.97938182,24.32868634,31.87522655,31.4162106,12.641492759999998,20.98509532,3.498003573,22.96720377,10.17791066,16.955276849999997,20.184664939999998,12.95558821,30.85345175,5.88779216,3.729232191,31.95811502,30.8585036,30.34557421,33.66847568,45.21756301,36.22317254,33.64814316,31.477248189999997,50.35328464,11.38623609,31.392006379999998,32.88022606,20.14680503,52.86487044,38.979344680000004,31.34732567
Denges,40.47162005,30.99243272,28.537520100000002,7.72655407,26.54045915,45.38922349,29.01772116,7.0986674359999995,6.362897955999999,27.89122783,31.89663698,26.149141609999997,7.5221889090000005,6.839530083,21.90492467,28.98435769,33.34133529,27.08700055,40.152449849999996,33.31937387,23.139646130000003,29.04860342,29.18587467,18.84822489,14.70071076,3.014961191,28.43904334,16.066153399999997,16.329206120000002,25.94331457,6.468711919,24.53572508,12.062079859999999,10.022336079999999,25.82691463,24.667140179999997,24.12655314,33.27374279,39.92330497,30.13791104,27.41727923,25.97610344,45.422417849999995,10.63844443,25.214719069999997,30.12204894,25.61128787,46.45611862,33.31933840999999,25.14592726
Dizy,51.183067799999996,39.778126799999995,37.27125977,16.48491471,34.51945457,51.622120069999994,35.59833675,17.13309402,15.99678769,36.63337887,40.65590241,29.98762673,17.55719175,15.678740809999999,28.04244904,35.535705240000006,43.32634399,35.20277519,50.84545787,43.25994378,10.95092101,19.159716250000002,18.28856394,23.39552097,23.820383720000002,12.49750206,34.68619939,22.08885091,3.578047454,21.32675331,15.6730038,32.40825369,17.92933902,16.05670603,34.5995133,33.24372363,32.60538127,20.51609374,50.48248263,38.86230182,35.611385920000004,23.7452628,40.07422393,2.384944171,33.820353860000004,20.07863754,32.00469684,52.478971060000006,43.25991373,33.64029195
Dompierre,44.9651307,31.27418723,29.832590240000002,27.55561609,26.65543789,32.39489225,62.40185654,29.08428971,28.83538764,29.55113795,31.69055639,58.68111441,29.009075629999998,27.96818431,55.12832459,62.36496417,36.952766819999994,27.27352618,44.64291055,36.769531150000006,26.56998491,19.1477717,22.171781149999997,51.44687915,27.038440589999997,35.770135950000004,61.772892070000005,49.088968480000005,29.16605604,51.82748616999999,28.414368930000002,25.67135416,44.79391159,42.62541995,28.73727724,27.7058758,27.23670878,31.87017159,43.88911152,30.61181781,27.645188129999998,7.454675104,13.20797605,30.62205467,27.993779070000002,19.53094797,58.9409906,32.56395059,36.76952892,27.64033065
Donneloye,51.88850559,38.19078899,36.14955382,24.908152610000002,32.770152,43.49177642,55.53942366,26.45496561,25.731340189999997,35.68211809,38.83777506,50.51988867,26.590355640000002,24.868887309999998,47.994557650000004,55.48631968,43.4611935,33.500192479999995,51.544569020000004,43.311906,13.98161282,6.2050665920000005,9.163041806999999,43.65963528,28.024697,29.54253266,54.728058190000006,41.88548992,18.28302369,40.960869030000005,25.23627777,31.123351109999998,37.539452770000004,35.43834699,34.23269335,32.9152832,32.30027656,18.9026378,50.90421811,37.35761582,33.93588846,10.44921912,19.53121497,21.56440749,33.373984320000005,6.81411794,51.95376572,43.89189818,43.31189233,33.04956794
Duillier,57.47807965,52.757799059999996,50.67813415,33.654042419999996,49.7985154,68.88199636,4.174389633,32.48738666,32.21155753,50.105765489999996,53.59075488,4.157673981,32.7743393,32.92243218,4.610641402000001,4.083747137,52.874469749999996,50.13550961,57.244733139999994,52.93966413,42.302833250000006,51.17917035999999,50.11245651,8.629882197,38.781897199999996,23.918996739999997,3.000492846,10.56182074,35.211057630000006,21.30146159,32.48903846,48.14564338,14.8891854,17.05541689,48.28745062,47.52540921,47.17146057,49.677781450000005,57.37325247,52.08899392,50.34051225,52.2038039,70.99121711,30.74276567,47.961660179999996,52.08011484,2.206374701,70.08936109999999,52.93962331,48.029852639999994
Dully,53.21937278,47.80661689,45.66639579,28.2264245,44.654568330000004,63.78702338,8.406190077,27.07560934,26.78339297,45.08107269,48.65452244,6.4275519050000005,27.3693112,27.4890246,0.8568357847,8.349376528,48.20906018,45.01663258,52.97066983,48.263372450000006,37.771260999999996,46.36347117,45.4556452,4.367421211,33.486486019999994,18.516289540000002,7.590789219,5.267565961,30.534964690000002,19.811443920000002,27.05666828,42.95467233,9.627297479000001,11.770866889999999,43.22079932,42.409594510000005,42.03326566,45.688928829999995,53.047952429999995,47.110322860000004,45.23687564,46.82387173,65.73539183,25.77716072,42.861079530000005,47.29644795,4.811104911999999,64.97904395,48.26333192,42.914936000000004
Echallens,44.761458850000004,32.0690844,29.65824389,12.826765810000001,26.53132807,42.05081739,43.05030141,14.24449417,13.34795038,29.065165280000002,32.884542759999995,38.66083269,14.47647158,12.55482836,35.57836899,43.00318291000001,36.45846155,27.26499401,44.41404166,36.3535953,12.59725927,14.70622586,15.64606858,31.54125396,18.0142282,16.67252963,42.30789514999999,29.46073836,10.4277518,31.950653600000003,12.855208150000001,24.500678909999998,25.102806779999998,22.95164149,27.19018859,25.784723720000002,25.12327048,22.60804804,43.919052380000004,31.15374883,27.70277504,13.18742042,31.02121469,10.37442053,26.33915087,15.8108596,39.497294849999996,42.805354720000004,36.35357157,26.08807239
Echandens,41.25866122,31.37282223,28.89348343,7.629138525,26.745815569999998,45.41659782,30.08921534,7.323237837,6.406983195,28.244379130000002,32.27716896,26.86912101,7.77275013,6.689785315,22.86201718,30.052279910000003,33.96028837,27.32098991,40.93496038,33.929443469999995,21.56985247,27.48730457,27.604133440000002,19.552557089999997,14.96952899,3.526045222,29.468194309999998,16.911979080000002,14.81380062,25.621875080000002,6.390377926,24.70394827,12.7597838,10.64279817,26.17046361,24.964342369999997,24.400636119999998,31.72827494,40.67772573,30.50220939,27.66775699,24.8580722,44.15635325,9.178120162999999,25.52209607,28.55827352,26.63638579,46.456154670000004,33.92940894,25.432126489999998
Echichens,44.60216706,35.201331489999994,32.74122946,11.66682937,30.69454579,49.44779888,27.012822540000002,11.23032379,10.393746310000001,32.09417213,36.105711490000004,23.185896420000002,11.66720138,10.73480415,19.592676920000002,26.96773975,37.543922189999996,31.25317902,44.28585224,37.5239889,21.749583259999998,28.854946230000003,28.551718519999998,15.89286556,18.87117671,1.793211142,26.299480759999998,13.506717049999999,14.488278000000001,21.73249594,10.41733265,28.67172879,9.193650242,7.025144792,30.02709711,28.854393599999998,28.30613425,31.440824069999998,44.07241413,34.34368314,31.58987965,28.16668061,47.02485961,8.723399419,29.40521174,29.88016404,23.47798069,50.49527004,37.52395325,29.32994442
Eclépens,50.61117826,38.673535900000005,36.189836060000005,16.31412196,33.2754964,49.724312940000004,38.71515855,17.23450491,16.113312060000002,35.56513059,39.53131507,33.25920892,17.618980930000003,15.62873044,31.14875658,38.65486423,42.55775761,33.98292787,50.26875907,42.476839139999996,8.720675984,16.06143395,15.442605,26.581185140000002,23.21914427,14.53220505,37.827616240000005,25.133739170000002,2.719581686,24.41264022,15.71811691,31.180545379999998,20.896366959999998,18.93630385,33.577275730000004,32.19251101,31.54033759,18.89573554,49.856339489999996,37.75310575,34.40550733,20.74937295,36.750958489999995,4.614644548,32.76536927,17.021038100000002,35.11789815,50.52678173,42.47681128,32.55727972
Ecublens,39.51315354,29.520261559999998,27.03918396,5.799930331,24.88936476,43.58363552,31.196920300000002,5.469380394,4.551669255,26.389947919999997,30.42451441,28.323604449999998,5.920309612,4.8697839819999995,24.100636859999998,31.164378590000002,32.15338142,25.463606210000002,39.18747122,32.11991072,22.258099610000002,27.57875723,27.89791935,21.01663396,13.11266504,5.050213383,30.626622920000003,18.25782055,15.801268480000001,27.47920244,4.551581561,22.84944824,14.22344141,12.157308310000001,24.315609639999998,23.10727535,22.54305935,32.53816845,38.91776883,28.64837016,25.810115409999998,23.833570260000002,43.36056689,10.37751248,23.665354660000002,28.665310310000002,27.799984079999998,44.62889998,32.11987647,23.57473358
Epalinges,35.210839549999996,23.52599523,21.01724036,3.395523338,18.33456364,36.23912349,38.937665630000005,4.955929314,4.683483888,20.378208030000003,24.40679424,36.41754236,4.95041245,3.842216513,32.03330021,38.91156256,27.17291345,19.00014848,34.86800318,27.096446189999998,22.55099352,24.87660513,26.05734212,29.11924081,7.861553748,13.15931319,38.43975436,26.30331155,18.09246926,34.673966650000004,4.292370918,16.22295678,22.33209737,20.27423693,18.34281209,16.988418969999998,16.35217051,32.83442787,34.45321406,22.61154906,19.3997571,16.915933980000002,36.85220094,14.430498380000001,17.5651334,25.975285500000002,35.63072407,37.213372969999995,27.096417600000002,17.38914675
Ependes,55.54267989,42.304784590000004,40.02835462,24.38461994,36.73275642,49.83788014,50.372844490000006,25.74071687,24.77685731,39.4825836,43.05266759,44.60786206,26.004677830000002,24.033717659999997,42.815506150000004,50.31028266,47.12800178,37.478335,55.19449799,47.0039377,5.8297647360000004,4.412449093,4.080826651,38.15553101,29.47163523,25.8749987,49.45910811,36.8385075,11.63304184,33.48343618,24.29491856,34.83966066,32.62368315,30.6692523,37.764159469999996,36.3729948,35.71969879,12.0866229,54.63903534,41.41471243,37.92294374,16.937853490000002,27.196108499999998,16.34416917,36.89585326,5.304161479,46.77886593,50.375273029999995,47.00391789,36.60870061
Essertines-sur-Rolle,53.65802508,46.73080702,44.43652641,25.15455976,42.99980897,62.14300627,14.22141686,24.25263996,23.73410626,43.81848131,47.6118735,8.869566468,24.613575830000002,24.31188211,6.869523967,14.15085074,47.85912919,43.44645807,53.38290171,47.887578739999995,31.84828269,40.68225262,39.62717495,1.892306275,31.35466263,14.62794152,13.234810900000001,3.2378039149999998,24.71765468,14.8715547,23.91447006,41.14360261,5.502646716,7.500847263,41.84848674,40.88248916,40.43197285,39.556358460000006,53.36140998,45.96262415,43.71656375,42.4139318,60.79070725,20.30636966,41.38047952,41.58217509,10.68443361,63.277394460000004,47.88753935,41.38434656
Essertines-sur-Yverdon,52.295626389999995,38.97873094,36.72637311,21.96429419,33.41356912,46.42531521,50.08833981,23.39759389,22.50241991,36.189416859999994,39.71647611,44.7542716,23.62284768,21.71015274,42.52178721,50.03094259,43.86731816,34.15897952,51.94764984,43.73948345,8.224770438,5.552155668,6.834753558,38.0379055,26.56182224,24.713630300000002,49.230468849999994,36.453125549999996,12.182001060000001,34.808964599999996,22.01016787,31.54588172,32.148746169999995,30.10426422,34.50323635,33.11872974,32.46900833,15.510980680000001,51.37917976,38.093748549999994,34.6034951,13.62496199,25.67017065,15.9176788,33.63394866,6.656332529,46.491919849999995,46.97157738,43.73946448,33.340802790000005
Etagnières,42.27087878,30.304678589999998,27.81521865,8.609915920999999,24.9423855,41.91558601,38.75524506,9.866197252,8.867362284,27.18798829,31.167317530000002,34.82485368,10.161706200000001,8.157210428,31.37002997,38.71267059,34.179182589999996,25.64200142,41.92729946,34.09637658,15.625986469999999,19.34209123,20.00054513,27.587132450000002,14.93546516,12.1590694,38.065621619999995,25.28777617,11.101153759999999,29.929730879999997,8.39192309,22.83955083,20.96389603,18.79512747,25.193318469999998,23.81119572,23.16051578,25.99218998,41.50159008,29.384713660000003,26.06036249,16.46058931,35.31230203,8.382294701000001,24.38484252,20.44231147,35.23960695,42.78760423,34.096349000000004,24.18083708
Etoy,46.41985566,39.02110621,36.70825147,17.63216169,35.24253234,54.38578185,19.03191432,16.62795501,16.19412272,36.0869956,39.90616088,16.01015541,16.96915812,16.835292560000003,11.729112090000001,18.990246080000002,40.32370127,35.6912698,46.13325541,40.34364267,28.79923415,36.58585961,36.047525199999995,8.791231122,23.60979108,7.6429081100000005,18.365153149999998,5.848666115,21.40491824,20.02005369,16.41848275,33.38698928,2.4729899850000003,2.1967094040000004,34.107504580000004,33.13052697,32.67675877,37.824063370000005,46.06535280999999,38.24328325,35.96343339,35.95928984,55.02260454,16.00328979,33.63107116,37.58106802,15.53425259,55.52162282,40.343603779999995,33.63189482
Eysins,58.99452173,55.050503279999994,53.05518381,36.85487996,52.36232011,71.33630132,1.8939323,35.62406705,35.418470119999995,52.50164965,55.86217091,7.200548026000001,35.887499080000005,36.160469899999995,8.069266546,1.828070755,54.83040563,52.66167697,58.77721203,54.90740576,46.13081443,54.99125132,53.93782557,12.44069961,41.625205650000005,27.41447855,1.567542295,14.17641578,39.03335035,24.52704853,35.72058589,50.78550283,18.533591270000002,20.68740589,50.7453912,50.05445992,49.73397534,53.46213004,58.95631478999999,54.41881076999999,52.84424911,55.730670149999995,74.65401831,34.5216018,50.46775606,55.89607611,4.2976266569999995,72.56451315,54.90736477,50.55614419
Féchy,49.58878287,42.53907074,40.24664742,21.20735592,38.83075212,57.98254121,16.18451361,20.232183669999998,19.773643,39.62926813,43.42004915,12.456475249999999,20.57816141,20.39435024,8.661425624,16.132109319999998,43.695888679999996,39.271479899999996,49.30956963,43.72219629,30.41807127,38.72741557,37.95089615,5.186157703,27.223068989999998,10.943709360000001,15.39769645,2.540345366,23.08113247,17.732050190000002,19.98370849,36.987052750000004,1.82027215,3.974475061,37.662239670000005,36.70332177,36.25725132,38.88334276,49.27217042,41.77149648,39.538527110000004,39.141050060000005,57.938586560000005,18.083711230000002,37.198983240000004,39.682821589999996,12.60386476,59.12280558,43.722157010000004,37.20567038
Faoug,66.91402155,54.36048046,53.60397639000001,53.91531054,50.89474184,48.432654840000005,87.83397353000001,55.46717056,55.14294646,53.50149398,54.50226712,83.27136877,55.41703802,54.26238843,80.37490083,87.78830280000001,59.93513913,51.365923540000004,66.63899252,59.732853309999996,45.72100262,35.89825144,38.24467106,76.27002198000001,53.39809869,61.27984277,87.10293705,74.25732505,51.10879675,73.49406538,54.702121319999996,50.457435960000005,69.89892915,67.74822035,53.23150868,52.47194988,52.12937997,45.26617982,65.80448487,53.92763848,51.65009908,33.60471619,13.8120841,54.34477697,52.62678581,35.404651120000004,84.28945867,47.89790216,59.732862589999996,52.28363113
Ferreyres,53.49029858,41.836933169999995,39.33978483,18.88245922,36.499313869999995,53.18854156,37.36715509,19.613979899999997,18.47725042,38.707994,42.70503757,31.39242223,20.02878915,18.1102179,29.85112797,37.300598400000005,45.547514920000005,37.19649513,53.150633459999995,45.47471109,8.75578763,17.63901148,16.44012417,25.072805690000003,26.086600569999998,15.09805654,36.41279352,24.01758102,1.62246625,21.2702959,18.13228248,34.39467645,19.9829248,18.216295719999998,36.695075599999996,35.32334183,34.67728897,17.95554879,52.767773459999994,40.91798240999999,37.61307287,24.132100129999998,39.41380689,5.042038445,35.8987403,18.48187186,33.789006889999996,54.003685899999994,45.47468198,35.70430831
Fey,46.13721135,32.827042,30.56667366,16.95589832,27.258566780000002,40.8235913,48.29453746,18.48773706,17.7388976,30.02841616,33.57043758,43.79508528,18.64007319,16.88217783,40.81251384,48.24688098,37.70702076,28.0040939,45.78929284,37.57873455,12.85997545,11.16987235,12.953622789999999,36.72228432,20.71914754,21.91026278,47.54502278,34.69263249,13.62981407,36.17061669,17.24302954,25.38479306,30.33299473,28.18685526,28.34344087,26.96032837,26.31150931,21.51129116,45.21873711,31.93974684,28.448675490000003,9.195620147,25.81389613,15.12771283,27.47406596,12.2338074,44.73751323,41.44112061,37.57871566,27.18010917
Fiez,63.37357312,49.78325838,47.66296605,33.71678671,44.29566133,55.15230261,58.949327749999995,35.11871429000001,34.18681445,47.16760176,50.45992901,52.69590633,35.36178125,33.419333939999994,51.44873525,58.88135733,54.92902501,45.034012329999996,63.02743728,54.78801143,12.89531017,6.443046257,5.4766359389999995,46.63361716,38.290060749999995,35.25700704,57.97780226,45.6103759,20.147337309999998,39.748370730000005,33.69950281,42.55667112,41.51462664,39.653813670000005,45.61469803,44.26170045,43.627981240000004,9.878957638,62.41424725,48.93083862,45.47444507,22.2432279,24.61761077,25.4385863,44.747811459999994,5.406462365,55.37876319,55.50228695,54.7879956,44.435813020000005
Fontaines-sur-Grandson,64.28708896,50.696102339999996,48.576438419999995,34.56024117,45.20904896,56.01469412,59.46505784,35.95448242,35.01564237,48.08112991,51.37228796,53.13979698,36.20147756,34.2532031,51.97880848,59.396214910000005,55.84252902,45.94736033,63.94094979,55.701531190000004,13.4124571,7.34655294,6.229647753999999,47.14233662,39.17996048,35.95544027,58.48445864,46.168819660000004,20.721721669999997,39.98156477,34.529440179999995,43.47015998,42.097962270000004,40.25636937,46.52789892,45.17466347,44.54079864,9.612688927999999,63.327774160000004,49.84390785,46.387767890000006,23.13510216,25.047574570000002,26.08132681,45.66097503,6.3165689579999995,55.900567609999996,56.35758152,55.70151537,45.34906599
Forel (Lavaux),29.81971215,17.01662716,14.58914605,9.6079465,11.52189971,28.76088027,44.98480342,10.59420666,11.02728805,13.99336384,17.84616912,43.204014810000004,10.287158699999999,10.47198489,38.45703437,44.96870236,21.447483950000002,12.24389731,29.471506079999997,21.33440042,27.65830836,27.54933742,29.39935226,35.978238749999996,5.999821662,20.30197423,44.60410923,33.00571602,24.506550139999998,42.174987630000004,10.85506265,9.455575186,29.26441376,27.29633989,12.129845999999999,10.72470542,10.0636934,37.45336007,28.94168448,16.098565490000002,12.67570751,14.93505019,34.25030716,21.603973569999997,11.27386442,28.57976515,41.84887794,29.721893339999998,21.33437824,11.01775859
Founex,59.912728560000005,57.18842166,55.33987911,40.6160211,54.95025543,73.65218098000001,5.314572006000001,39.2869081,39.20242366,54.820034760000006,57.96123567,12.63654377,39.508345,39.99168743,12.87796681,5.378117521,56.44579427,55.18702235,59.7210163,56.54038688,51.35850619,60.065036119999995,59.108235,17.620738990000003,44.747965369999996,31.78164783,6.286282857,18.94197243,44.186484660000005,29.900209439999998,39.54427803,53.50697987,23.27616131,25.379974750000002,53.17484513,52.602409630000004,52.337893539999996,58.86410967,59.97506123,56.61952079,55.3323649,60.019813649999996,79.22624769000001,39.48798891,52.976007919999994,60.991447910000005,8.909591847,74.90992603000001,56.54034593,53.09607898
Froideville,39.13151805,26.44395496,24.02309302,8.987708667000001,20.92140548,37.01480865,42.95348636,10.56454561,9.984197012000001,23.42697169,27.26605515,39.54533822,10.65086978,9.095685621000001,35.73215803,42.91784956,30.816464619999998,21.651435929999998,38.78388142,30.71069696,18.24165202,19.25525215,20.67171986,32.24885744,12.68473201,16.365807150000002,42.342606010000004,29.74397287,15.40062893,35.20803714,9.506179634,18.87691985,25.50758159,23.350326799999998,21.54570526,20.14030048,19.478854469999998,28.17573341,38.28279998,25.52713958,22.0872371,12.01389839,31.64934635,13.591692329999999,20.6954271,20.34303826,39.51096624,37.83864537,30.71067339,20.44598206
Genolier,59.615104,54.26413321,52.10832406,34.14232708,51.03689967,70.18796549,7.154882364,33.08562791,32.70129501,51.518989690000005,55.1150163,1.0535487270000001,33.40600891,33.35532187,5.894599073,7.058550387,54.68341787,51.413350189999996,59.37083658,54.7384895,40.80159824,49.93677502,48.700409480000005,7.9590656179999995,39.74328263,23.950689160000003,5.955349324,10.681412459999999,33.896504979999996,18.378434939999998,32.93613413,49.305676870000006,14.71955067,16.86200102,49.64375168,48.809701950000004,48.42101142,47.70585241,59.46252118,53.5613379,51.64152144,51.98660061,70.38346104,29.80320926,49.268736530000005,50.79791023,5.3727407320000005,71.37134347000001,54.73844895,49.315176529999995
Giez,62.03484022,48.504711900000004,46.34975616,32.01394412,42.99190542,54.31098949,57.196269099999995,33.402715199999996,32.46026214,45.84342876,49.196757469999994,50.99322883,33.652252849999996,31.70041729,49.68795151,57.12882808,53.5897368,43.73290865,61.68802643,53.45213605,11.15999841,5.022760895999999,3.678311544,44.886117039999995,36.71591321,33.449338389999994,56.23037406,43.83515468,18.36939611,38.25945052,31.97459633,41.21899819,39.72852673,37.86052741,44.25452336,42.891807820000004,42.25316436,9.336961549,61.08665929,47.64348606,44.17487967,21.251595539999997,25.14267379,23.63506194,43.38613515,4.1004579219999995,53.62239434,54.69807626,53.45211938,43.07876361
Gilly,53.96406581,47.847042359999996,45.63010302,27.25026369,44.41566146,63.58379855,10.80318657,26.21368473,25.81044985,45.028099000000005,48.712152880000005,6.408567444,26.54143941,26.457826219999998,3.482209946,10.73417615,48.58640941,44.81860377,53.70307617,48.62896221,35.255366220000006,44.02034398,43.0111517,1.550630966,32.98680538,17.07236958,9.839013726,3.7974644669999997,28.09282592,17.11287293,26.04015575,42.63750176,7.867820005,10.02991978,43.11181723,42.22561458,41.81325681,42.97657462,53.73601173,47.11567489,45.062915690000004,45.216954120000004,63.84709546,23.54847933,42.70019351,44.93153776,7.255700786999999,64.74965551,48.62892213,42.73059547
Gimel,55.41632294,47.90649339,45.55659569,25.55177207,43.93411065,62.99770217,16.46464106,24.8056134,24.171096300000002,44.92755362,48.79760337,10.02770145,25.19628124,24.66419004,9.450269936,16.38653561,49.335166810000004,44.41746264,55.13232427,49.353018490000004,29.902033909999997,38.99865701,37.77767428,4.474854025,32.15971932,14.82874008,15.39762318,5.93927827,22.9578687,12.078630440000001,24.29469383,42.01618249,6.5512109899999995,8.042545063,42.92046117,41.89020354,41.40846971,37.201856549999995,55.07397254,47.110681490000005,44.70901188,41.789589979999995,59.70791336,19.00603264,42.40618794,39.859438929999996,13.04579914,64.10134659,49.352979749999996,42.38701682
Gingins,61.82153033,57.16696639,55.08023469,37.76414191,54.17167198,73.27043722,5.787036199,36.64581447,36.32059871,54.50587845,58.0011872,4.9807469300000005,36.9474385,37.00513959,8.835057871,5.702727364,57.28202699,54.51596694,61.59158564,57.34806078,44.8264066,53.990688219999996,52.73638837,11.903299989999999,43.08093277,27.76572407,4.905872581,14.3908529,37.94839357,21.527128140000002,36.57810906,52.50201712,18.575690480000002,20.73671603,52.67986733,51.90627956,51.54595136,51.58177706,61.73057869,56.495399680000006,54.724945549999994,55.91572257,74.40792581,33.85630307,52.34648384,54.84850829,6.336130591,74.47413272,57.34801995,52.411043219999996
Givrins,60.55942066,55.3759213,53.235124600000006,35.3921219,52.198815710000005,71.34171239,6.82053377,34.32536427,33.95044834,52.64898092,56.2232181,2.1295464780000004,34.642662859999994,34.609182950000005,6.922984552,6.724101912,55.72398639,52.56851535,60.31874054,55.78172128,41.97494064999999,51.14662007,49.885420380000006,9.237871288000001,40.94401712,25.22359201,5.662152442,11.93453028,35.10305683,19.0710922,34.188767330000005,50.48010076,15.99458055,18.13880462,50.784146549999996,49.96300883,49.580288589999995,48.77243085,60.422495219999995,54.68000811,52.79262217,53.26545555,71.6499619,31.05397356,50.41809469,52.00198128,5.7148517000000005,72.52950477,55.781680650000006,50.46844569
Gland,55.10377779,50.04358825,47.934727290000005,30.728263289999997,46.99323374,66.1021504,6.1690770409999995,29.566081880000002,29.285641039999998,47.35612107,50.88387416,4.861304242999999,29.855280009999998,29.99562558,1.684321563,6.100588431,50.29794083,47.34187696,54.86268618,50.357867209999995,39.88862278,48.61577147,47.63507413,6.165353646,35.90708974,21.02146185,5.230488092,7.710103366,32.71407807,20.422870279999998,29.562356769999997,45.31855058,12.06294657,14.22056149,45.51772007,44.7326777,44.368337950000004,47.55969821,54.96581878,49.36156202,47.55399273,49.3220742,68.18452497,28.088061269999997,45.176074289999995,49.53450143,2.6448449529999998,67.30238297000001,50.35782652,45.23764137
Gollion,46.67009776,36.00512184,33.49462054000001,12.07506139,31.0144169,49.011525889999994,31.87002534,12.37511104,11.27489496,32.84636466,36.901611779999996,27.19647491,12.82466222,11.16850949,24.330443910000003,31.81720788,39.08533791,31.65181669,46.33929831,39.037005019999995,16.23759275,23.37650872,22.99839118,20.11982908,19.655898089999997,6.954561856000001,31.06678944,18.21703231,9.095285447,22.08066556,11.05007788,28.9137376,13.86985104,11.7786676,30.7761143,29.480549739999997,28.87179879,26.105653529999998,46.032435230000004,35.10573208,32.034059389999996,24.35276502,42.41800749,3.299418087,30.05361848,24.386836940000002,28.28598775,49.96350406,39.03697254,29.91559766
Goumoëns,47.7928911,35.210262900000004,32.78700896,15.00866967,29.6844195,45.192471760000004,42.6092826,16.29184232,15.290556819999999,32.18862155,36.03175839,37.705352809999994,16.58257639,14.58253425,35.064471590000004,42.55606062,39.52624964,30.41570923,47.44606867,39.42545664,9.568870515,13.252149,13.63790385,30.763905750000003,20.81704873,16.87023496,41.79860706,28.955159820000002,7.512799299999999,29.73897839,14.8171431,27.64312427,24.610378949999998,22.515022400000003,30.29336573,28.8887772,28.22758693,19.774848340000002,46.96590733,34.29340221,30.852093410000002,15.40159655,31.92054534,8.803304435,29.44718204,14.331920669999999,39.02336656,45.93251406,39.42543216,29.202470140000003
Grancy,49.84688356,39.43904592,36.931934350000006,15.454995349999999,34.5022987,52.55349942,30.32275041,15.61279149,14.54853702,36.282704810000006,40.338037729999996,24.974865020000003,16.067712659999998,14.528285219999999,22.75821219,30.26190756,42.3857843,35.132086470000004,49.519798900000005,42.343773719999994,16.206853810000002,24.4333403,23.62140124,18.19508828,23.043996609999997,8.245338748,29.43143365,16.77042598,8.816596531,18.58636635,14.369983940000001,32.40627121,12.5961184,10.7405133,34.20889658,32.92825521,32.32640537,25.364801019999998,49.23868131,38.54444048,35.50969889,27.28120995,44.70047591,3.98745237,33.499438090000005,25.37185027,26.726021290000002,53.50588557,42.34374048,33.36972122
Grandcour,62.62798521,49.22663516,48.00447902,44.54596738,44.939504379999995,46.89278194,77.24938920000001,46.12666231,45.65745683,47.775731050000005,49.54545237,72.32124766999999,46.13956484,44.76719645,69.72617308,77.19877242,54.92616955,45.520404920000004,62.32114901,54.73457413,34.163004529999995,24.32460233,26.61177291,65.44948484,45.2074999,50.9416858,76.46369846,63.60757286,39.79630479,61.98206379,45.1897967,44.08403825,59.251098510000006,57.1275787,47.10289607,46.12506301,45.677431219999995,33.73722255,61.52927511,48.6390805,45.86917545,24.57193312,6.00755199,43.36693722,46.38672167,23.79407866,73.67437115999999,46.66515644,54.73457593,46.033558709999994
Grandevent,65.08006817,51.520014929999995,49.3823087,35.04096299,46.019550869999996,56.99515765,59.350024469999994,36.41463291,35.45893518,48.88108902,52.20385397,52.93023307,36.67158008,34.70942479,51.88618116,59.279987,56.63475622,46.75931811,64.73353374,56.49564738,13.35491282,8.075248050999999,6.608646187000001,47.0217869,39.80575236,36.13361706,58.35713131,46.11913869,20.72045237,39.52795448,34.97572292,44.262316930000004,42.08696211,40.27544902,47.307652260000005,45.94867067,45.31186206,8.756839115999998,64.12687954,50.66330506,47.200568,24.0646073,26.04787323,26.175624640000002,46.43979469,7.092200618,55.79503239,57.346759420000005,56.49563108,46.13051734
Grandson,60.74653454,47.152891669999995,45.034013619999996,31.36063625,41.666192439999996,52.6413053,57.618423820000004,32.788143559999995,31.88106704,44.53955566,47.82961187,51.591179239999995,33.01739675,31.09685559,50.08242035,57.55318836,52.3022795,42.40438329,60.40048214,52.160887540000004,11.78809684,3.902029051,3.835883646,45.34004728,35.765077149999996,33.38514154,56.67561881,44.164725489999995,18.744416310000002,39.30157881,31.39038713,39.93026649,39.99827388,38.08051548,42.991294970000006,41.64008646,41.00735703,11.13464938,59.786113830000005,46.300629029999996,42.84473026,19.66040846,23.42841315,23.77783153,42.12471608,2.823850195,54.03307701,53.0103548,52.160871809999996,41.811987849999994
Grens,60.4241804,56.13418081,54.09331166,37.331424500000004,53.29471888,72.33727834,3.7912582510000004,36.15429978,35.889446129999996,53.52932603,56.95720356,5.947182719000001,36.43693252,36.604221790000004,8.294501586,3.712064372,56.077047189999995,53.616205820000005,60.20072242,56.148752529999996,45.53056584,54.54691864,53.39403307,12.09673869,42.37623664,27.59785243,3.046145346,14.2241794,38.5332973,23.0723594,36.17002945,51.671564610000004,18.52933899,20.698075659999997,51.7380249,51.00626915,50.666094810000004,52.583780850000004,60.3605406,55.48275506,53.81177985,55.86922283,74.59005943999999,34.220599560000004,51.43297363,55.429192719999996,5.079256103,73.55393491,56.148711600000006,51.509762280000004
Gryon,8.762921046999999,20.39706842,22.72057728,43.0218283,25.972545460000003,21.90869927,65.73462669999999,42.6922423,43.77792586,23.2965703,19.65315477,68.34189196,42.23901366,43.90118748,62.41136136,65.77319257,16.05215878,25.227231909999997,9.044576512999999,16.12673696,64.93505434000001,63.796805979999995,66.04910073,62.70272705,35.55358244,51.64001591,66.03432185999999,59.47130654,61.303334369999995,74.54822281999999,44.00033124,27.91218911,57.64856006,56.53453042,25.15868189,26.56358828,27.22491981,74.61463657,9.150679122,21.291460609999998,24.78279286,48.12854793,60.82320605,57.35413535,26.00722888,64.72132362,64.08418166999999,22.78369917,16.12676556,26.25905342
Hautemorges,49.536652520000004,40.02804015,37.55390551,16.24312241,35.40694791,53.97881381,26.1609023,15.98729965,15.06980614,36.90521504,40.93255922,21.01907722,16.43461635,15.29508195,18.59395572,26.10096726,42.46565742000001,35.98638951,49.22076408,42.44369247,20.29781367,28.60451726,27.78651892,14.09655813,23.63676366,6.5667989669999995,25.281146420000002,12.59534034,12.93229697,16.96026844,15.026898370000001,33.35757067,8.444470063999999,6.67890802,34.832592250000005,33.631737480000005,33.06870552,29.15022974,49.008838499999996,39.161207950000005,36.33471357,30.62946285,48.56611316,8.041651437,34.18883277,29.54595336,22.56346314,54.99494248,42.443657019999996,34.10004341
Henniez,48.4497021,34.790665000000004,33.3758903,30.41745452,30.20793894,35.22546417,64.74681681,31.971472300000002,31.645425749999998,33.099521,35.19308111,60.69999747,31.92674731,30.76575713,57.385972450000004,64.70619137999999,40.47577226,30.82321254,48.1295244,40.29134988,26.70876923,18.359177619999997,21.38240901,53.53229941,30.352232230000002,38.09962295,64.07475468,51.302814270000006,30.14787197,52.950982259999996,31.20626867,29.22704016,46.97127168,44.803852830000004,32.29363956,31.26102598,30.789898219999998,30.87891497,47.36955823,34.13809846,31.1929096,10.106273219999999,9.912526309,32.20464279,31.55002145,18.547842069999998,61.246462789999995,35.3089547,40.29134817,31.196578669999997
Hermenches,40.09376318,26.50546997,24.37455791,15.57648324,21.00671709,33.87654379000001,50.19540243,17.1431335,16.7795549,23.883078610000002,27.19682284,46.67508003,17.123577259999998,15.89750729,42.959745860000005,50.15959245,31.65194522,21.74535284,39.74816262,31.50841135,19.78590909,16.98132476,19.2741014,39.39889772,16.7099139,23.59146851,49.580847520000006,36.951729140000005,19.58102616,41.22248836,16.33655341,19.28536692,32.68945264,30.52567119,22.37102067,21.03939995,20.418419989999997,28.29659832,39.12861959,25.647242770000002,22.186063429999997,4.797208772,24.667992429999998,19.513433069999998,21.5082909,17.92514997,46.74901088,34.50133013,31.50839613,21.18879467
Jongny,21.36944267,8.222355460000001,5.81790743,16.447052350000003,2.801986389,21.62532111,48.87609001,16.78138842,17.62587613,5.247199445000001,9.053957228,48.404776469999995,16.35271214,17.39625354,43.11972669,48.876202140000004,12.92568644,3.485394706,21.02239295,12.791436030000002,36.418803999999994,35.64622335,37.721104489999995,41.46897707,9.223869206,26.857928960000002,48.69145474,38.295353219999996,33.22160369,49.64204734,17.6551518,0.6901296807999999,35.080283519999995,33.34448161,3.612351166,2.345797278,1.8262566,46.09182130000001,20.43157618,7.304843345999999,3.903727339,21.11042313,38.2675032,29.959695510000003,2.7577771309999997,36.62684306,46.08832204,22.75089521,12.79141838,2.4292110790000003
Jorat-Mézières,35.28264312,21.79203213,19.597230080000003,12.965573899999999,16.24933652,30.44449015,48.62210615,14.41087983,14.34335498,19.0872135,22.51419562,45.84521302,14.27646384,13.53016254,41.6502768,48.59486191,26.8373792,16.992676189999997,34.93617379,26.698126660000003,23.500117,21.73403439,23.8882983,38.52886856,12.35459831,22.49653382,48.1079049,35.827041279999996,21.987283520000002,42.25284352,13.97935578,14.46480209,31.73396989,29.61915914,17.52375061,16.17998522,15.55349275,32.603430270000004,34.33066185,20.91740807,17.43605283,8.371306711999999,28.03366428,20.63665157,16.65815185,22.70729462,45.292426209999995,31.191696240000002,26.69811034,16.3435625
Jorat-Menthue,41.04131108,27.66304542,25.42303386,14.12484607,22.100759890000003,35.94638703,48.068690849999996,15.70839477,15.21157471,24.893658329999997,28.39989904,44.35940322,15.74764972,14.32127221,40.77052499,48.03034981,32.601615880000004,22.84596124,40.69380027,32.46933848,17.740077099999997,16.02983064,18.04340042,37.10536475999999,16.37745755,21.42218688,47.42534174,34.72749535,17.10836076,38.68229588,14.74373127,20.25266126,30.43506667,28.267053309999998,23.246859049999998,21.874426609999997,21.23158625,26.68632021,40.10997277,26.77957146,23.29036177,6.92645619,26.35664852,16.980689740000003,22.37747755,17.04444328,44.59388347,36.61814125,32.4693205,22.07643255
Jouxtens-Mézery,39.16254797,28.33263308,25.822999810000002,4.440089011,23.3880892,41.658529820000005,34.36647238,5.047769744999999,3.912432708,25.17439254,29.229908090000002,31.285604510000002,5.459989411,3.5831989990000004,27.2161194,34.332603660000004,31.46227307,24.01372634,38.82792483,31.408973709999998,20.49240293,24.97999947,25.528377120000002,23.96905953,11.98990692,7.939168866,33.77911365,21.3070877,14.68591317,29.22170652,3.5663377919999997,21.29647432,17.1756682,15.058684849999999,23.10301326,21.812945589999998,21.208198189999997,30.88003279,38.49283631,27.43468394,24.38993812,20.63255212,40.16802317,9.943408808000001,22.38512878,26.07791778,30.94968514,42.654648,31.408941849999998,22.25175517
Juriens,58.133554190000005,46.38304937,43.8930059,23.53514454,41.00494354,57.35100362,39.07115246,24.25046425,23.11350891,43.26491229,47.24517144,32.441767240000004,24.668472910000002,22.758775959999998,31.72494967,38.99706613,50.16671116,41.70960406,57.79346097,50.09159314,7.913523532,17.73665943,15.82351022,26.76610514,30.72591831,19.063897649999998,38.0388133,26.23548096,5.033095251,19.9418656,22.77489144,38.906857,22.545951300000002,21.043035670000002,41.26421357,39.88564356,39.2362608,14.80978338,57.40578429,45.463064059999994,42.13043282,27.163012900000002,40.67872111,9.483204369,40.4599107,18.36892786,35.56241389,58.12609311,50.09156439,40.25823407
La Chaux (Cossonay),51.06204735,40.14360986,37.63055808,16.37311585,35.03121849,52.628954570000005,32.91043612,16.780598010000002,15.66575965,36.98533277,41.033920980000005,27.29638064,17.22556316,15.49422688,25.35907904,32.847225120000004,43.39592783,35.69004432,50.729432970000005,43.34181556,13.444066860000001,21.856584169999998,20.93385206,20.695837309999998,23.90545898,10.6552356,31.99271356,19.430431560000002,6.06444909,19.31432788,15.41099989,32.92078207,15.31386363,13.49761066,34.925740250000004,33.603259619999996,32.98100452,22.627674510000002,50.40820637,39.23625407,36.08445568,25.87918414,42.64710807,2.464615113,34.179014130000006,22.76957417,29.318391329999997,53.53240645,43.34178383,34.023495540000006
La Praz,57.471249320000005,46.169551160000005,43.66217686,22.74043392,40.9090819,57.85494939,36.020323839999996,23.27290654,22.1448028,43.023846389999996,47.04779364,29.36544817,23.709943910000003,21.89960888,28.7008787,35.94558757,49.67459431,41.59366789,57.13552203,49.61130195,10.804328380000001,20.53918704,18.76963686,23.72754028,30.15932301,17.017013940000002,34.981836900000005,23.284574820000003,5.9523034,17.28182358,21.85634543,38.798268279999995,19.70300781,18.30205633,40.98794713,39.63409543,38.99645022,17.75245462,56.788360399999995,45.253954660000005,42.00283304,28.73310482,43.189335209999996,8.374389622999999,40.21077168,21.22643477,32.52143174,58.68464896,49.61127147,40.03179287
La Rippe,63.36544647,59.37963851,57.36452351,40.73519344,56.616121850000006,75.62941507000001,6.140516792000001,39.55782827,39.29314267,56.806049720000004,60.19583462,8.584925579,39.83978467,40.006963989999996,11.695697840000001,6.099072623,59.20533105,56.928229120000005,63.14945491,59.28149844,48.4299254,57.57016944,56.334754849999996,15.31254853,45.753233890000004,30.966462540000002,5.917992361,17.57963714,41.53167129,24.847679250000002,39.57304318,55.01067702,21.857010640000002,24.025834439999997,55.03222623,54.31912528,53.987251060000006,55.17334083,63.332051959999994,58.73973678,57.11802658,59.21315102,77.84755471,37.37118944,54.73994728,58.43346588,8.383732514,76.85179596,59.28145746,54.82190036
La Sarraz,52.224310640000006,40.38165922,37.89331775,17.78131258,35.00089256,51.4973086,38.343256159999996,18.62259965,17.491639510000002,37.266245260000005,41.24275159,32.60553156,19.02116968,17.05693663,30.794512599999997,38.27961629,44.208963559999994,35.70544509,51.88283604,44.130863989999995,8.204517472,16.44891199,15.50494603,26.10892652,24.81741585,15.05743035,37.41972759,24.86256582,1.101694138,23.01332313,17.117303670000002,32.90269895,20.71699685,18.84748879,35.26987371,33.888999909999995,33.23863598,18.01379232,51.4810723,39.46153605,36.12632299,22.31218224,37.81382757,4.847446454,34.46282172,17.34651239,34.75236896,52.29925355,44.13083569,34.2590613
La Tour-de-Peilz,17.996773700000002,5.151096142,2.640580686,18.890953959999997,1.921276689,20.241450970000002,49.6564775,19.01064582,19.95057405,2.004770358,6.03857552,49.71604819,18.56412979,19.832700659999997,44.2563344,49.66302931,9.553600326,1.7352575609999998,17.649685679999997,9.420670087000001,39.684372450000005,39.01888927,41.08979764,42.953085720000004,11.3631763,28.941788629999998,49.55128581,39.73008286,36.27999462,51.93324978,20.043195270000002,2.850580172,36.760475650000004,35.137745949999996,0.5005321171,1.392171188,2.026297282,49.418789069999995,17.06142867,4.240929885,1.770348846,24.36175015,41.00256991,32.78398611,0.8175885006,39.99881265,47.029922639999995,21.453793949999998,9.420652044,1.010581919
L'Abbaye,63.16466023,53.14907504000001,50.64571249,29.15300454,48.240389629999996,66.17305116,30.2008674,29.19515976,28.172262279999998,49.99599798,54.049782650000004,22.5174119,29.650867780000002,28.21663279,23.76718663,30.11300319,55.92948777,48.86908115,62.84533386,55.89695592,20.58955169,30.42988638,28.35809969,18.88840195,36.7297263,20.25904954,29.041370960000002,19.87271461,16.015187089999998,7.290849156,28.031292399999998,46.14436463,17.91101814,17.60415272,47.92037863,46.650930970000005,46.053408340000004,24.95184962,62.61169236,52.25867575,49.2454569,38.669047729999996,53.36611776,16.06131641,47.220681600000006,31.01786563,27.05839478,67.09571820000001,55.8969216,47.09615385
L'Abergement,61.61053183,49.00688828,46.59886481,27.99845797,43.46132824,58.10632579,46.7195242,29.02246795,27.91590428,46.00530291,49.81847099,39.99723501,29.389280709999998,27.377073810000002,39.3802357,46.64495506,53.358413139999996,44.19709209,61.26411276,53.258170359999994,4.4683259369999995,12.402696610000001,9.756313682,34.41990879,34.47063428,25.71487421,45.681622020000006,33.86188742,9.771048316,26.42081942,27.50105697,41.438767590000005,30.09341815,28.49989271,44.121918279999996,42.716873269999994,42.05551929,7.340025512,60.79128981,48.09230012,44.635978609999995,25.82359299,35.82231436,15.54481428,43.2735968,12.6808164,43.21574097,58.735095480000005,53.25814581,43.02545326
Lausanne,35.34739154,24.668181530000002,22.16644411,0.6778050919999999,19.8676636,38.45557162,35.34538554,1.637728852,1.006410858,21.516570339999998,25.5692965,33.08016388,1.901103781,0.27240910009999997,28.53273882,35.32128426,27.67003872,20.46532244,35.01282379,27.61965498,23.76753728,27.30683189,28.17728778,25.81802057,8.255261303,10.10069498,34.87267232,22.90978853,18.34684317,32.52345469,0.6553380735,17.80337657,19.07311971,17.08548951,19.44039478,18.182676139999998,17.59544433,34.16350005,34.679171710000006,23.779425370000002,20.82617382,20.541313279999997,40.445880210000006,13.75613983,18.74972829,28.411635529999998,32.07396996,39.49516381,27.61962273,18.63559275
Lavey-Morcles,10.83780461,24.62782764,26.57693945,44.775774420000005,29.95705099,29.46194754,63.11964286,44.176648070000006,45.30488684,27.04651675,24.07124023,66.60176904,43.73968195,45.57936316999999,60.64372675,63.168261380000004,19.27114146,29.22997874,11.18128501,19.41667928,67.9050444,67.82557195,69.85590581,61.56499964,37.7037165,52.2278539,63.55278010000001,58.42384906,63.548810149999994,74.5695742,45.601070910000004,31.63997611,57.15495523,56.310590680000004,28.59057764,29.95869065,30.602238290000003,77.92298213999999,11.840735780000001,25.41925997,28.79682039,52.83238014,67.016755,59.09053388,29.459288939999997,68.80742813,61.859868260000006,30.42160076,19.41669374,29.76595497
Lavigny,48.23223633,40.39780719,38.04035411,18.23222034,36.416666940000006,55.49631168,19.68547377,17.389350160000003,16.82227934,37.41023578,41.290468090000005,15.703661700000001,17.765780409999998,17.37642663,12.17073379,19.634145229999998,41.937892670000004,36.89714033,47.93984276,41.94965826,27.21705877,35.3324468,34.63829489,8.390623987000001,24.65883328,7.671462796,18.906562519999998,6.04967429,19.84010342,17.91252411,16.985598460000002,34.506591740000005,1.689775471,0.5435825657000001,35.40035929,34.36842027,33.88754067,35.98666854,47.84601991,39.59773026,37.18770224,35.69458386,54.43220544,14.677818219999999,34.88440233,36.30109085,16.10952896,56.60713039,41.949619919999996,34.86531842
Le Chenit,65.5121104,56.61028425,54.14999057,32.88498748000001,52.04870164,70.57214712,25.241131990000003,32.60838427,31.70976789,53.50270396,57.51461696,17.15802933,33.05189696,31.936444769999998,19.89325078,25.14721497,58.800650000000005,52.624240019999995,65.20925964,58.79168052,27.70402188,37.536851199999994,35.522827469999996,15.652541509999999,40.25985692,22.774449909999998,24.04152809,17.704356360000002,22.61496386,0.3360747978,31.67078585,50.00135118,17.37262028,17.944633760000002,51.43454319,50.252134420000004,49.69612114,31.965385719999997,65.06388438,55.752857580000004,52.96936975,44.83443462,60.294180569999995,21.48323287,50.8057924,38.15174981,22.525961810000002,71.56900215,58.79164385,50.724238230000005
Le Lieu,64.41287768,54.20921895,51.70128314,30.22557594,49.23563778,67.00058219,31.713480360000002,30.33252272,29.29017151,51.052241450000004,55.107748480000005,23.960500240000002,30.78840876,29.29666973,25.35790714,31.62478827,57.098108890000006,49.87476815,64.09125645,57.06140802,20.21328412,30.0343275,27.84539709,20.50011346,37.81355184,21.60633749,30.54733916,21.51533474,16.18314839,8.065855459,29.12912916,47.13316856,19.53606916,19.18938553,48.97903513,47.694071199999996,47.0890576,23.93947639,63.84362746,53.31353327,50.25721576,38.946161849999996,53.145347609999995,16.792098290000002,48.266015700000004,30.57279402,28.6073809,67.90301428000001,57.06137417,48.13270103
Le Mont-sur-Lausanne,37.18918545,25.86040969,23.34751589,3.052422226,20.76560723,38.80794386,36.93198564,4.444531828000001,3.622789999,22.703251090000002,26.749324,34.116445240000004,4.675488648,2.7775064019999998,29.89562801,36.90192228,29.28816199,21.41551044,36.84951904,29.221790430000002,21.19133012,24.50033133,25.395081010000002,26.80407125,9.790216900999999,10.781989639999999,36.3881474,24.06700415,16.15555145,32.09539005,3.1267318019999997,18.65911478,20.00720693,17.91535326,20.6480533,19.31881276,18.6948921,31.56823542,36.4693428,24.9517127,21.805906,18.33212545,38.113344299999994,12.08818925,19.89488049,25.60512714,33.56618206,39.78720807,29.22176034,19.7371448
Le Vaud,59.17386671,52.77019558,50.50963317,31.401560720000003,49.15688402,68.31524133,11.59933951,30.50083928,29.98246896,49.89812945,53.64418232,3.805471481,30.86020659,30.555413100000003,6.924688763,11.50710189,53.68147975,49.58905676,58.9102289,53.71899565,36.16598689,45.4308733,44.09832597,5.3153234529999995,37.563262990000005,20.83404128,10.40908275,8.579721600000001,29.38871,13.89762624,30.159938569999998,47.32351881,11.75147693,13.72886537,47.949174420000006,47.01315732,46.57588241,42.88930605,58.93251332,52.018616820000005,49.85017135,48.3125511,66.30463852,25.59689913,47.50281662,46.26634272,8.877701771,69.45918614,53.71895579,47.51648072
Les Clées,60.665923410000005,48.3282703,45.88606861,26.617137009999997,42.8231094,58.07790988,44.16332008,27.54544416,26.422317930000002,45.2791522,49.158988660000006,37.42971303,27.93128168,25.94065681,36.837597970000004,44.08842325,52.4970564,43.55078308,60.32116413,52.405163310000006,4.917543036,14.19259476,11.785995430000002,31.87002325,33.36398611,23.594066950000002,43.12236102,31.3539424,7.91236639,24.022505109999997,26.02997479,40.76812536,27.6322428,26.081216830000002,43.35052409,41.949890270000004,41.29033204,9.719498403,59.87682671,47.409477339999995,43.984966990000004,26.3617384,37.59910407,13.53507275,42.51435825,14.60882418,40.66461383,58.75697187,52.40513727,42.28106846
Leysin,5.1536508229999995,11.810778200000001,14.169749470000001,34.92561762,17.38823366,16.788883549999998,60.296026059999996,34.71934905,35.774005599999995,14.760641960000001,11.057790129999999,62.13113321,34.26357798,35.82915475,56.284546490000004,60.32501303,7.972737101,16.643540509999998,5.0589296379999995,7.996749016,56.402719510000004,55.207802519999994,57.453052559999996,56.087344259999995,27.373532620000002,44.02945416,60.47218844,52.82446112,52.93854419,67.09217999,35.961160539999995,19.350114089999998,50.63500706000001,49.3567387,16.676025890000002,18.075222129999997,18.73456115,66.03530416,4.306970758,12.71119725,16.19950633,39.617817609999996,53.06457417,49.17132645,17.51056231,56.13631486,58.31924774,17.953623609999998,7.996783929,17.74746623
Lignerolle,61.977094109999996,49.665855259999994,47.2216405,27.86082754,44.16347569,59.41233163,44.479993300000004,28.76369594,27.63711533,46.61384801,50.49765886,37.6011624,29.154327209999998,27.17132085,37.21903598,44.403318160000005,53.818903989999995,44.89065922,61.63258514,53.72789624,6.096338515999999,15.00209441,12.44755931,32.22657779,34.657823810000004,24.53533809,43.42143492,31.84054563,9.069893931000001,23.71319149,27.25138248,42.10692687,28.216526249999998,26.73377784,44.68198801,43.281908949999995,42.622590409999994,9.204915736,61.19182791,48.74687974,45.32454943,27.614897720000002,38.43609532999999,14.57689916,43.84691075,15.34078346,41.00863678,60.08769794,53.72787005,43.61479232999999
L'Isle,54.95056123,44.49160404,41.98168111,20.5328651,39.49552566,57.32936868,30.72335194,20.72043474,19.65229005,41.33320275,45.38864525,24.32931786,21.17515126,19.612868600000002,23.34232763,30.65083101,47.49131199,40.13636665000001,54.62399609,47.448412770000004,15.51679115,24.85232116,23.44192155,18.40180074,28.1218638,12.80468975,29.708192309999998,17.8635929,8.91619441,14.565527040000001,19.46550221,37.39242776,14.30669986,12.99318418,39.26205051,37.96896961,37.36063455,23.16778931,54.34567652,43.593116020000004,40.52014499,30.51910118,46.635273229999996,7.287402293,38.54185351,25.65355857,27.19728337,58.250709040000004,47.44837964,38.40442952
Lonay,41.996903079999996,32.6043891,30.150755959999998,9.26984484,28.15179751,46.98290867,28.022936610000002,8.701793963,7.934001326,29.504598859999998,33.50852259,24.84041914,9.128837879,8.363331384999999,20.79089935,27.98556007,34.919556109999995,28.69985418,41.67954304,34.899606229999996,22.718604889999998,29.104656849999998,29.07364515,17.525600620000002,16.31351416,1.504377446,27.39799491,14.85018361,15.7005601,24.33345409,8.010842901,26.14410539,10.72871848,8.634072817,27.44067849,26.28139744,25.74049789,32.70654448,41.46066003,31.75071935,29.03076127,26.92525335,46.17975816,9.917342117,26.828995879999997,30.16226806,24.56611664,48.04530889,34.89957057,26.76009898
Longirod,58.214890010000005,51.289182610000005,48.98291229,29.39333528,47.49541947,66.61790218,13.825046389999999,28.573331500000002,27.99273199,48.36221271,52.17231143,6.417217464999999,28.949642800000003,28.523371899999997,8.000773344,13.73689907,52.446844920000004,47.953620349999994,57.941779049999994,52.47525017,33.48704176,42.755870300000005,41.41856528,4.493306711,35.79704220000001,18.71972614,12.665114229999999,7.5521267850000005,26.71551269,12.15613264,28.1414669,45.61766532,9.914292576,11.72474041,46.3827116,45.399254379999995,44.939453719999996,40.28197154,57.92763725,50.51538902,48.23015006,45.86179355,63.71319204,22.993876789999998,45.90245832,43.5890924,10.77688862,67.74145267,52.47521079,45.89990038
Lovatens,43.215018799999996,29.45845669,27.92318091,25.286626079999998,24.695747169999997,31.56288611,60.26520729,26.808554909999998,26.5779443,27.61578383,29.91258707,56.66857692,26.72699722,25.714678199999998,53.02620083,60.22961276,35.110494599999996,25.33308442,42.88844995,34.9310815,25.63010116,18.89171305,21.86802825,49.41315739,24.736311559999997,33.658888160000004,59.65149773,47.00730342,27.71778001,50.235592620000006,26.161932450000002,23.6268062,42.73013166,40.563542889999994,26.7211668,25.6520269,25.16477896,31.60753011,42.149142489999996,28.76671457,25.71599595,5.388202708,15.49705041,28.85200767,25.959865129999997,19.396032429999998,56.8196351,31.82008641,34.93107766,25.60690645
Lucens,45.06339,31.256481339999997,29.59601131,25.01875899,26.30344603,34.04535634,59.42669249,26.57654755,26.239651430000002,29.24971684,31.75649718,55.5327603,26.53856318,25.359152679999998,52.09908329,59.38746079,36.85742542,26.96889716,44.732141909999996,36.68362342,23.30619482,16.32722776,19.3128864,48.32646656,25.24809187,32.77572474,58.77122215,46.03318496,25.78660746,48.45723285,25.799153790000002,25.086726480000003,41.716702899999994,39.547711320000005,28.22018971,27.08244491,26.55991765,29.05076104,44.01113429,30.5282849,27.367759200000002,4.713725906,15.24594033,27.312455760000002,27.42848592,16.82032219,55.94082464,34.32804868,36.68361743,27.07818652
Luins,55.28924241,49.6579891,47.48664318,29.56059997,46.38861404,65.54357708,8.411743979,28.47627162,28.117805540000003,46.894312639999995,50.51283825,4.41454742,28.78997553,28.788515200000003,2.0583944649999997,8.336747502,50.17810347,46.76885611,55.037670639999995,50.2287488,37.70269055,46.53135461,45.488268989999995,3.9806934959999998,35.08970972,19.5247995,7.387669621,6.144550193,30.57801888,18.226780729999998,28.36474683,44.65236497,10.367344220000001,12.53539144,45.010067410000005,44.16654274,43.774262119999996,45.25971857,55.104529410000005,48.947761,46.99963697,47.72613298,66.3947968,26.08872423,44.628220670000005,47.436099690000006,4.976805944,66.72439496999999,50.22870839,44.672008240000004
Lully,44.38757114,36.051397689999995,33.66555472,13.704152969999999,31.955208940000002,51.00006081,23.254720239999997,12.84942448,12.288530849999999,33.030378940000006,36.94853381,20.0556414,13.22753796,12.8592106,15.96585191,23.21455256,37.81729776,32.45011399,44.08570494000001,37.81925409,25.56731828,32.8606671,32.51255692,12.75353463,20.16324484,3.4041006929999997,22.600871950000002,10.015345219999999,18.227006529999997,21.461013169999998,12.46211856,30.024337810000002,5.972618819,3.999200577,31.003828990000002,29.94111823,29.44654505,35.0406817,43.9482984,35.23625817,32.74964404,31.7207974,50.832062279999995,12.55901435,30.4649997,33.88208999,19.76938575,52.10287706,37.81921648,30.43491086
Lussery-Villars,49.36853889,37.72852967,35.22853654,14.81377242,32.41387004,49.33359479,36.82135983,15.61596344,14.48278765,34.595191140000004,38.59932821,31.557267619999998,16.01927861,14.06873035,29.2533814,36.76295722,41.417612309999996,33.10647488,49.02849357,41.3448064,10.80292672,18.03985743,17.52011177,24.76415694,21.96162079,12.42278562,35.95485025,23.204106449999998,4.127620159,23.616233049999998,14.11625985,30.3063241,18.93151756,16.93725282,32.57739027,31.20876857,30.564329689999997,20.89063788,48.64229847,36.81023465,33.52051949,21.468750110000002,38.19964877,2.640023061,31.78455629,19.02074541,33.22401792,50.178863279999995,41.34477728,31.59345117
Lussy-sur-Morges,45.203261700000006,37.03636729,34.66137405,14.80050566,32.98796822,52.05068197,22.26958748,13.933564220000001,13.38312489,34.02814353,37.931897989999996,18.96256969,14.30808298,13.957351730000001,14.935432559999999,22.22755137,38.72127758,33.476290029999994,44.90429383,38.72658604,26.059552240000002,33.55726008,33.12885115,11.65771048,21.212213199999997,4.444423315,21.594946919999998,8.948648504000001,18.68632603,20.67809339,13.55948435,31.06705002,4.873966306000001,2.921370758,32.00811928,30.95830977,30.469719249999997,35.38297872,44.78066796,36.226999539999994,33.77184746,32.74241161,51.784802660000004,13.10861901,31.478844690000003,34.56768531,18.76524326,53.1578396,38.72654817,31.45351474
Lutry,30.87579568,19.89620971,17.39266358,4.101343019,15.11863096,33.86532511,38.42716556,4.434819168,5.227137247,16.74289873,20.79665897,36.88718078,4.03471403,5.043385074,31.994186300000003,38.412441,23.03512633,15.7048758,30.53674843,22.97581233,27.20531326,29.388704450000002,30.67105472,29.73497306,3.525131581,14.52983426,38.06533198,26.682829419999997,22.465818350000003,37.24877806,5.269540149,13.07152189,23.12187298,21.25433178,14.667205560000001,13.406938,12.82117126,37.507287080000005,30.16454944,19.00564962,16.06066711,19.81027968,39.684125529999996,18.29132391,13.97392497,30.48097945,35.32432857,34.93444838,22.97578124,13.86069262
Maracon,28.11739691,14.29787022,12.659260249999999,18.49524873,9.442351847,21.18446619,53.724004910000005,19.48105562,19.92013683,12.35030002,14.82762309,52.09767766,19.16217276,19.34367542,47.30645095,53.71112409,19.89072672,10.068506789999999,27.78370048,19.71623216,32.71283716,29.93659221,32.389830419999996,44.87418196,13.62544161,29.14694793,53.37986683,41.897323490000005,31.177573069999998,50.53522598,19.73604836,8.57789593,38.15582894,36.17640344,11.55975031,10.6186549,10.21805084,41.49683842,27.07511066,13.56069158,10.44944424,14.037528140000001,29.8900784,29.31452403,10.85225101,30.806374039999998,50.64507277,21.968560590000003,19.71622637,10.499858190000001
Marchissy,58.89696467,52.192401360000005,49.90446136,30.49964384,48.471506659999996,67.61142418,12.90113271,29.64839646,29.09142899,49.2873948,53.07193982,5.24060669,30.01831271,29.638299749999998,7.631320101,12.810496839999999,53.24675858,48.919301180000005,58.627939749999996,53.279054880000004,34.74295068,44.03173795,42.680372600000005,4.960686569000001,36.81173348,19.85980592,11.72174059,8.182444755,27.99360108,12.73875509,29.25112515,46.61114069,10.92695852,12.81221663,47.31993165,46.35557919,45.90480285,41.44898788,58.62970854,51.427613369999996,49.18964822,47.11894339,64.99953083,24.28090926,46.853399790000005,44.861792699999995,10.021360699999999,68.74319392000001,53.27901528,46.857441509999994
Mathod,59.40643295,46.28222731,43.97558607,27.411073899999998,40.70534684,53.99647727,50.70966844,28.6695732,27.64439559,43.41886077,47.04344078,44.46310836,28.97188568,26.96278014,43.21800459,50.641263339999995,51.01557733,41.45049157,59.058201849999996,50.896514159999995,4.652232981,6.329371387,3.709889037,38.39054805,32.98330839,27.51184734,49.73426202,37.40937103,11.9819254,31.98401639,27.17965347,38.78155908,33.35444331,31.535526559999997,41.66125317,40.26354811,39.60672182,7.974736554,58.52025503,45.38592368,41.8948441,21.0569266,29.72990982,17.466921340000003,40.79524096,6.591241334,47.1424181,54.531684090000006,50.896493289999995,40.51593913
Mauborget,66.46304914000001,52.841200320000006,50.74182655,36.83816933,47.37032321,57.845758909999994,61.303949460000005,38.228697260000004,37.28597733,50.25265926,53.5081434,54.85187577,38.47765579,36.52647993,53.845983950000004,61.23359761,58.0203119,48.10689704000001,66.11733446,57.87750226,15.326063920000001,9.601585605,8.464771187,48.975064530000004,41.453755019999996,38.09041618,60.307721619999995,48.08716881,22.69439094,41.29177944,36.80046661,45.65032988,44.059494619999995,42.24960762,48.7187885,47.37080544,46.73954911,10.03037302,65.49775997,51.994359839999994,48.54629109,25.12875475,25.57151275,28.14636911,47.85285832,8.552110166,57.75158243,58.157689239999996,57.87748689,47.53868288
Mauraz,53.27621939,42.96694844,40.46045102,18.97805752,38.03204903,56.03168717,29.799786700000002,19.099442240000002,18.04798097,39.81111677,43.866276660000004,23.720345440000003,19.55508587,18.04829256,22.33482869,29.73062082,45.87367456,38.662622369999994,52.95112536,45.83414754,16.26411318,25.30295253,24.08395701,17.476413049999998,26.56530174,11.012215770000001,28.81960355,16.675292839999997,9.257490022,15.35308078,17.88156583,35.935249969999994,12.92497901,11.47503548,37.73690945,36.458153610000004,35.85687419,24.427577499999998,52.68276574,42.073078009999996,39.040498209999996,29.953626219999997,46.60636547,6.426682234,37.02912988,26.15393895,26.24046416,56.97340559,45.83411401,36.90013358
Mex,43.29884041,32.29008188,29.77714374,8.567663211,27.22086377,45.12102199,34.0083074,9.151857498,8.015803465,29.13110849,33.18201356,30.007515950000002,9.577378376,7.726616878,26.5881023,33.96375449,35.5579578,27.8698867,42.963624839999994,35.50084244,17.03415574,22.69094341,22.82377921,22.76710225,16.05266249,7.568291187,33.29767699,20.49249343,10.73505288,25.95029964,7.6995764630000005,25.11427628,16.15781729,13.99037449,27.06896179,25.75208352,25.13331016,27.32838307,42.622762560000005,31.38445141,28.25911008,21.275514169999997,40.02978903,5.800620615,26.32731999,23.76048517,30.47617155,46.07027218,35.500811090000006,26.17652126
Mies,61.37757374,59.384269610000004,57.62489604,43.714348539999996,57.40388137,75.90408409999999,8.961790220000001,42.34478209,42.31636301,57.125732320000004,60.13231917,16.22903654,42.54576634,43.12430773,16.494917819999998,9.030457673999999,58.34354256,57.60564838,61.20236811,58.44805123,55.019328200000004,63.6804251,62.75296339,21.28766717,47.52118928,35.16978748,9.966153796,22.513745999999998,47.83014851,33.39667962,42.67505944,56.03778359,26.82429238,28.90552185,55.54811822,55.0426381,54.8094735,62.54808372,61.50127293,58.85283635,57.73006509,63.319968540000005,82.63842319,43.078557520000004,55.393204239999996,64.61346508,12.53945203,77.17608548999999,58.44801046,55.53011251
Missy,63.391883629999995,50.184680990000004,49.09220695,46.77046739,46.11802979,46.8381477,79.89437654,48.34527881,47.92155199,48.89931613,50.45396774,75.08386362,48.33810364,47.032619059999995,72.38881213,79.84532747,55.87008537,46.66927151,63.09306978,55.67478157,37.13933199,27.306389749999997,29.62652434,68.16667982999999,47.06233109,53.49023424,79.12596418,66.26763896,42.674701840000004,64.94204765,47.461590150000006,45.38265115,61.90811421,59.77429253,48.34188159,47.4245748,47.00630499,36.75583551,62.28698783,49.63928175,47.00064842,26.60342544,6.9325556740000005,46.12569855,47.65567197,26.79502621,76.32777284999999,46.526816180000004,55.67478551,47.303998480000004
Moiry,54.58311684,43.33833095000001,40.82892886,19.851815589999998,38.10706104,55.23306123,35.08453235,20.38333052,19.25472063,40.18898904,44.21933087,28.86306979,20.819905770000002,19.00922909,27.62725725,35.01475017,46.80004121,38.78634524,54.24760275,46.73802294,11.00619498,20.28087632,18.893028310000002,22.75734725,27.28379319,14.438299709999999,34.09678966,21.943813709999997,4.442009307,18.43851901,18.96549608,35.99505997,18.08968483,16.48795474,38.14769472,36.79935191,36.16444369,19.31255229,53.90256383,42.42409211,39.192505080000004,26.83433598,42.25211637,5.485689991,37.37610396,21.08127349,31.5295012,56.08487721,46.73799228,37.201703789999996
Mollens,55.17612991,45.87043193,43.399468119999995,22.08542565,41.25699396,59.78423617,24.837818050000003,21.836552530000002,20.9209625,42.751057200000005,46.77497976,18.312749609999997,22.28304198,21.13669124,17.57624136,24.762486199999998,48.229653420000005,41.8375505,54.86474705,48.21220013,21.53339259,30.80760549,29.45305124,12.57274088,29.48702192,12.18504699,23.79547208,12.490154819999999,14.78726616,11.11468166,20.87419966,39.20533293,9.663866948,9.073881934,40.679305760000005,39.48195519,38.91979812,28.854012729999997,54.67682352,45.005841249999996,42.18612485,35.2418789,52.200375529999995,11.72135372,40.03851408,31.62959217,21.35358984,60.78892046,48.21216424,39.95079852
Molondin,52.805310299999995,39.01349837,37.097020640000004,27.42322433,33.72330564,43.09155509,58.64796486,28.99013335,28.32719346,36.66846449,39.60886958,53.672762219999996,29.095355329999997,27.4516949,51.10953063,58.59565457,44.429285799999995,34.43684023,52.46511175,44.27060413,16.762393,7.906838925,10.92903482,46.79835175,29.972724930000002,32.54840895,57.845034760000004,44.99638578,21.40418712,44.02275692,27.83606213,32.20531955,40.645971790000004,38.53671823,35.348919779999996,34.078654979999996,33.48753613,20.486137040000003,51.79276399,38.21417741,34.86302336,10.81827812,16.444490300000002,24.715309310000002,34.50511763,8.123269677,55.06540899,43.40036721,44.27059315,34.16968516
Montagny-près-Yverdon,60.05267388,46.58900525,44.40061045,29.74199158,41.0548573,52.86281679,55.17904649,31.124484250000002,30.177889790000002,43.88368017,47.29620564,49.0954162,31.37689068,29.42109852,47.65291809,55.11295896,51.610551359999995,41.79793213,59.70532815,51.47635865,9.269324446,3.277768275,1.420778664,42.887103020000005,34.53111389,31.21135901,54.22746961,41.761818590000004,16.30949155,36.785841950000005,29.692870709999998,39.24932108,37.6225651,35.729660009999996,42.26025391,40.888965770000006,40.24596544,9.65504456,59.11567946,45.719461259999996,42.24110279,19.71356299,25.467411090000002,21.463307540000002,41.390996460000004,2.718090636,51.5977024,53.29162212,51.476341160000004,41.08839752
Montanaire,45.82213044,32.12090549,30.08288296,20.414929049999998,26.70304002,37.96236618,53.37830575,21.99732745,21.43939834,29.618874039999998,32.76987229,49.10309618,22.05758437,20.55094421,45.94792982,53.33391283,37.39810631,27.432175660000002,45.47844167,37.24782587999999,16.8697098,11.72951414,14.37700095,41.975632850000004,22.52488226,26.81242971,52.66483694,39.840271200000004,18.88352533,41.55826896,20.960535540000002,25.0716562,35.48989081,33.32954599,28.189809829999998,26.88274473,26.273704809999998,23.90901547,44.83591689,31.28747873,27.867425360000002,4.857067310000001,20.66322485,20.56020732,27.33388869,12.55086012,49.84511946,38.441199,37.24781247,27.00678043
Montcherand,58.75683773,46.16914699,43.75683112,25.21557744,40.62800611,55.44712733,45.4517969,26.27015849,25.171452209999998,43.161805650000005,46.98331905,39.024879,26.62963081,24.61270421,38.01500718,45.38076699,50.50613381,41.362790139999994,58.41041798,50.40622061,1.919470705,11.38182495,9.204617050000001,33.1227231,31.627901389999998,23.42421217,44.449802909999995,32.32780136,7.411612774,26.43825937,24.74879766,38.600753579999996,28.40421495,26.69883445,41.274176350000005,39.86931089,39.20801642,9.657693923,57.93779483,45.25390993,41.80111812,23.45189155,34.71182791,13.2083285,40.426725149999996,11.89099237,41.90689034,56.09734286,50.40619599,40.179827180000004
Montilliez,43.56140397,30.49930619,28.160854139999998,13.61743985,24.92377763,39.61046387,45.64979079,15.15219122,14.416321869999999,27.59544914,31.27938237,41.495248079999996,15.301559240000001,13.554957490000001,38.23142172,45.605841410000004,35.169991370000005,25.66707729,43.213164649999996,35.051595719999995,14.28811809,14.293814529999999,15.798735420000002,34.32146265,17.59734904,19.08383111,44.9427442,32.13009881,13.254646619999999,35.02534614,13.92123271,22.96708333,27.785947349999997,25.62196466,25.81865419,24.419617740000003,23.76219011,23.74425154,42.67409815,29.59583602,26.11037748,10.121452649999998,28.395580419999998,13.438903329999999,24.95355578,15.37967209,42.12100039,40.315915679999996,35.05157469,24.67722252
Mont-la-Ville,56.98847616,46.13879518,43.625765959999995,22.34681495,41.00966312,58.44171482,33.223402390000004,22.693476009999998,21.5913871,42.980808270000004,47.02853821,26.54331817,23.142847839999998,21.45718589,25.93418167,33.14800071,49.3729266,41.67248616,56.65765605,49.32085916,13.525240400000001,23.166535070000002,21.50125077,20.94681467,29.894888480000002,15.429745370000001,32.17865034,20.604637309999998,7.822744085999999,14.99147577,21.35678004,38.89820291,17.15885524,15.8874904,40.92196653,39.59788193,38.97450318,20.49017382,56.349214999999994,45.23088619,42.06899414,30.365267810000002,45.54590897,8.268750744,40.1737797,23.891377260000002,29.735397560000003,59.31865817,49.320827169999994,40.01668059000001
Montpreveyres,34.91282285,21.86722101,19.507777880000003,9.729390784,16.30000634,32.13603255,45.38284942,11.19248798,11.099966109999999,18.93742215,22.66104489,42.68727716,11.07469008,10.28423774,38.43310196,45.356029840000005,26.51113058,17.040421300000002,34.56459295,26.391329239999997,22.77758783,22.41652664,24.25362006,35.37333715,10.02731616,19.34357138,44.87445796,32.63678394,20.29658225,39.64227301,10.73353125,14.31719217,28.57630162,26.47521387,17.15614596,15.75814318,15.10149357,32.40648719,34.01811411,20.95916751,17.48214267,11.04419863,30.94692149,18.257260679999998,16.29062468,23.453383140000003,42.061061620000004,32.974341249999995,26.39130847,16.01389275
Montreux,15.29826452,1.6201628590000001,1.089671232,22.510751789999997,3.9633405080000004,17.26651849,52.61567993,22.61293748,23.562213049999997,1.7143990040000001,2.455598617,52.96854503,22.164813770000002,23.45191707,47.42990151,52.62616128,7.008280974,3.217951565,14.95910525,6.832899189,43.00596832,41.901792820000004,44.08307483,46.295949730000004,14.97213183,32.50544797,52.55871862,43.05700179,39.79510517,55.52534636,23.659745060000002,5.949583624,40.19246885,38.61201116,3.768695697,5.009835518,5.623110433,52.608783779999996,14.28531092,0.7205875705,2.7735093419999997,26.7128805,42.21785266,36.38160002,4.438145627,42.85273959,50.0905282,18.52779996,6.832893525999999,4.580279248
Montricher,55.698690479999996,45.83902557,43.34408752,21.866264790000002,41.032409140000006,59.253077160000004,27.652685079999998,21.81990044,20.82357328,42.69409902,46.74187477,21.052246009999998,22.27449747,20.92171872,20.383645209999997,27.57721693,48.50384654,41.643309,55.379894549999996,48.47452102,18.821750230000003,28.214626459999998,26.76889949,15.38525051,29.40794868,12.80897204,26.60827582,15.19446819,12.27597589,11.86392248,20.71061285,38.95058424,12.073123449999999,11.15458734,40.61735632,39.37124865,38.78550891,26.04151344,55.15024374,44.95649759,42.009587079999996,33.48904863,49.937639600000004,9.967790597999999,39.937122900000006,29.009811420000002,24.16859788,60.21746516,48.47448635,39.825520299999994
Mont-sur-Rolle,51.28270896,44.70255283,42.44896008,23.78789613,41.141656329999996,60.30830044,13.66782921,22.77002703,22.34950928,41.8394576,45.57564928,9.85481477,23.10406038,22.98992076,6.102939768000001,13.610653249999999,45.6434274,41.561826419999996,51.01226049,45.67805859,32.60768411,41.114233119999994,40.242552839999995,2.757687303,29.62942937,13.60955122,12.83082314,0.6109069357,25.33083693,17.428162840000002,22.57394613,39.333532760000004,4.456092302,6.624849778,39.89860944,38.97873069,38.550934780000006,40.77022827,51.00966305,43.95374035,41.81657559999999,41.80830348,60.56051203,20.516312709999998,39.46314683,42.0524991,10.07180973,61.462693249999994,45.67801887,39.48280098
Morges,42.782846680000006,33.940907700000004,31.521890940000002,11.161989879999998,29.684324089999997,48.65172311,25.762715489999998,10.39380676,9.764435134,30.881001509999997,34.842236989999996,22.66939178,10.79082369,10.29724269,18.53782367,25.72522799,35.96121789,30.20245985,42.47307441,35.952897400000005,24.21024238,31.002889709999998,30.83818219,15.36374577,17.850256379999998,1.047966466,25.1380305,12.623975340000001,17.01030359,23.17030777,9.911017063,27.71876675,8.574004846,6.5387076859999995,28.835078969999998,27.72883282,27.21362479,33.99352592,42.295934179999996,33.10759214,30.51581148,29.185761149999998,48.41497196,11.21710463,28.26375485,32.04669386,22.306205440000003,49.737985710000004,35.95286066,28.21688601
Morrens,40.710894999999994,28.73849282,26.247659289999998,7.3354449409999996,23.38604479,40.478981610000005,38.96364969,8.693837745000002,7.769784079,25.61979338,29.60231464,35.332070959999996,8.949858704,6.992619394999999,31.658985,38.92459231,32.61041765,24.08346388,40.367064250000006,32.52715373,17.06787368,20.28620747,21.117242129999998,28.051398560000003,13.398322969999999,12.31324722,38.31436673,25.62328738,12.67196738,31.10583954,7.27896753,21.2814762,21.34583053,19.18048337,23.6233678,22.2419865,21.59173472,27.402794590000003,39.938278489999995,27.81868808,24.500650689999997,16.022497230000003,35.25926853,9.750777722,22.815832030000003,21.39053191,35.48312305,41.36638992,32.52712622,22.61293882
Moudon,41.99845487,28.20354487,26.30160101,19.96659776,22.93294759,33.36161458,54.55460075,21.52487009,21.19003823,25.88331883,28.800905599999997,50.877384310000004,21.4891377,20.31056529,47.28047012,54.51746329,33.63294008,23.64165052,41.6586865,33.47248479,21.22232503,16.25968509,18.96942489,43.627565430000004,20.48438752,27.92114201,53.923929859999994,41.24571022,22.39387537,44.66747107,20.751381239999997,21.46743746,36.957327770000006,34.78955208,24.618922299999998,23.38002318,22.80695927,28.52277708,40.98390223,27.405445909999997,24.06537743,0.41082302249999997,20.28934439,23.149981609999998,23.78581736,17.0272306,51.092038679999995,33.831268810000005,33.47247433,23.44538472
Mutrux,66.39061019,52.5704087,50.73941706,40.32782032,47.37938781,54.981296289999996,68.25812003,41.84516542,41.051959880000005,50.333103,53.12560841,62.25590083,42.01159122,40.212440390000005,60.713129110000004,68.19375185,58.06482261,48.08163288,66.05364701,57.90090195,22.42837994,13.675086219999999,14.50282066,55.99349434,43.59106628,43.609868320000004,67.32376123,54.765541879999994,29.394175060000002,49.60419202,40.55513319999999,45.924529410000005,50.5645432,48.61162717,49.0745824,47.82274286,47.23969374,18.93307211,65.36023657999999,51.79717695,48.50106848,24.41427401,18.27056841,34.28559581,48.23773088,12.66820415,64.66923959,55.09975219,57.90089261,47.898988949999996
Novalles,64.3552238,50.8569138,48.68657252,33.9231593,45.33415126,56.72219648,57.920216,35.2765286,34.30607706,48.17490045,51.5552002,51.49584552,35.54260157,33.56880107,50.45940878,57.85004806,55.91137238,46.07618545,64.00809247000001,55.77565356,11.94219296,7.382752128,5.506285216,45.591670830000005,38.844245459999996,34.79643183,56.92607248,44.70002051,19.31790121,38.14015674,33.82586627,43.54484535,40.67695957,38.87388369,46.56681916,45.198807630000005,44.557403189999995,7.744010896,63.41319896,49.99203901,46.5187499,23.66781402,26.77332401,24.803989679999997,45.69784181,6.504148103,54.36642147,57.105111539999996,55.77563644,45.39325671
Noville,9.251912248,5.397661875,6.716399459,25.99921478,10.05863778,19.61714687,52.1962567,25.73245944,26.800315910000002,7.104747921,5.305977293,53.550722809999996,25.27726164,26.88906422,47.774358379999995,52.21860126,1.0683826730000001,9.362945048,8.903727064,1.091278971,48.14673293,47.792708149999996,49.83288396,47.32334701,18.50583766,34.99587048,52.28906377,44.05584269,44.281985070000005,58.06480386,27.00381507,11.62447513,41.72180902,40.39363518,8.55729483,9.92980067,10.57745098,58.02711554,8.369540098,5.918895355,8.951847095,33.023858659999995,48.731097999999996,40.31177931,9.426145714,48.77652981,50.01762102,20.934587739999998,1.0912389189999998,9.733014972000001
Nyon,57.391521690000005,53.30846118,51.30276529,35.08695695,50.59193424,69.577708,1.485650748,33.84999395,33.651592019999995,50.747063069999996,54.12298967,6.677729813,34.11145244,34.39728806,6.428475518,1.3930635850000002,53.13881588,50.89442159,57.17057365,53.21380862,44.75962291,53.52478778,52.52747621,11.021033659999999,39.84083024,25.711954549999998,0.3240429277,12.549814249999999,37.609523849999995,23.95566392,33.95667091,49.009562339999995,16.90984035,19.05206097,48.98412714,48.28662432,47.96338044,52.27532206,57.33864981,52.67209774,51.07898845,54.02795253,73.01197658,32.99768738,48.70196516,54.44133625,2.545728719,70.80390554,53.21376765,48.788609380000004
Ogens,48.34752957,34.69228332,32.61372539,21.602638480000003,29.2375687,40.65487034,53.360813470000004,23.16800677,22.503898420000002,32.13554075,35.35653834,48.72514279,23.27642265,21.62805063,45.862939,53.31211303,39.911813360000004,29.97151871,48.002741289999996,39.765262320000005,14.65413942,9.023499242,11.6771776,41.70849719,24.42737369,27.01479939,52.59877249,39.74156608,17.48714708,40.293563840000004,22.01301461,27.5569674,35.38135512,33.24304935,30.65414355,29.32750845,28.70807619,21.2503647,47.37208944,33.84885759,30.40948953,7.509820891,20.86352818,19.87150138,29.792894410000002,9.859690773,49.79691111,41.123138420000004,39.76524791,29.47138153
Ollon,4.3791117569999995,16.77987277,18.970146489999998,38.807136039999996,22.30074133,21.32902613,61.50476196,38.434342369999996,39.52848933,19.510731070000002,16.115066810000002,64.00344030000001,37.98257044,39.67574337,58.07951277,61.541700299999995,11.99264051,21.55723737,4.657388821,12.089979289999999,61.03620584,60.260258900000004,62.42893986,58.32808409,31.391208470000002,47.29378443,61.78382114,55.09410827,57.21567475,70.17691665,39.76267574,24.15392545,53.26126997,52.15012902,21.27616308,22.67953953,23.33968985,70.82995753,4.7958769519999995,17.63848218,21.113923040000003,44.86928467,58.52338413,53.160499089999995,22.138029539999998,61.20926226,59.80069112,22.380513139999998,12.09000407,22.41035174
Onnens,62.66535869,48.904114390000004,46.93364949,35.12750774,43.554076480000006,52.80741876,62.6290921,36.617071270000004,35.78161781,46.485581440000004,49.51764491,56.68079958,36.806442860000004,34.9591858,55.08102308,62.56512376,54.26107867,44.27613577,62.323343390000005,54.106906020000004,16.90634034,8.065087293,8.937691725,50.37375803,38.83971605,38.02023173,61.69931284,49.12736666,23.77673816,44.367976410000004,35.28563155,41.965444649999995,44.92422373,42.97194491,45.09116126999999,43.789290269999995,43.18144194,14.8742395,61.66463476,48.091298110000004,44.707125500000004,20.76147363,19.8406407,28.646225480000002,44.23720092000001,7.038157405,59.03889817,53.0523685,54.10689373,43.90845427
Oppens,49.66355495,36.12253568,33.96832939,21.421196339999998,30.60888888,42.70976478,52.01226299,22.95233636,22.19616798,33.46495574,36.81812935,47.132379119999996,23.10536605,21.34250273,44.4794544,51.960502569999996,41.21827803,31.349707379999998,49.317072180000004,41.07897423,12.28449668,7.3615073650000005,9.737977242000001,40.205477339999995,24.9527012,25.92387876,51.21624754,38.36348594,15.38955996,38.19765847,21.69991891,28.845713110000002,34.01036854,31.89666883,31.89596381,30.54148568,29.9075496,19.12993668,48.710347459999994,35.26033594,31.79160111,9.675198588999999,22.595735400000002,18.18556391,31.02872348,8.326642454,48.43219242,43.21169341,41.07895796,30.71772926
Orbe,57.1764421,44.49868307,42.098628940000005,23.91290405,38.94754964,53.639947289999995,45.637149969999996,25.0275435,23.94606096,41.50839476,45.30650309,39.42906248,25.3721175,23.35006122,38.14620132,45.56879607,48.89713494,39.684459669999995,56.829504809999996,48.794126320000004,0.4203907516,10.20339985,8.382245653,33.31880608,30.14636809,22.80701835,44.66277909,32.349109840000004,6.984301929,27.471947019999998,23.50962501,36.93172295,28.31815598,26.527794229999998,39.63759347,38.232131110000005,37.57067792,10.6902985,56.34577856,43.585199030000005,40.12402864,21.639513439999998,33.330674,12.63605923,38.786413079999996,10.83574452,42.069831189999995,54.28538747,48.79410227,38.53448631
Orges,62.68460697,49.28131677,47.06804505,31.78352045,43.73384644,55.708320650000005,55.63173238,33.113776279999996,32.128265999999996,46.54252119,49.99901766,49.26358107,33.38952225,31.40452336,48.1601171,55.562142849999994,54.24839443,44.47810706,62.33687274,54.11738794,9.617576856,6.124052227999999,3.60713374,43.30503639,36.885264369999994,32.46648425,54.643685510000005,42.383725749999996,16.98407979,36.16352678,31.6515469,41.90244331,38.34914799,36.53974177,44.88874725,43.509981720000006,42.86307447,7.088824659,61.75823234,48.40599513,44.9219602,22.55629202,27.48089101,22.4642816,44.019219729999996,5.504774219,52.07320861,56.13835028,54.117369700000005,43.72139376
Ormont-Dessous,10.37402794,13.45138568,15.96403977,37.42814355,18.71052255,12.31003376,64.79986137,37.42618757,38.418740899999996,16.61073546,12.55911001,66.23717230000001,36.972751730000006,38.36157421,60.46322462,64.82456201000001,11.66008332,18.008285790000002,10.32747471,11.60078202,57.54729973,55.43647654,57.8643974,59.96348065,29.84713627,47.11213526,64.9202683,56.69600576,54.704174800000004,70.20978403,38.546782650000004,20.81074962,54.24352856,52.83360209999999,18.6779789,19.98968047,20.61342516,66.80997482000001,9.623212492,14.356759550000001,17.591275539999998,39.35347007,51.01694787,51.374821850000004,19.414049029999997,56.30344684,62.679423029999995,13.33852899,11.60082263,19.572050139999998
Ormont-Dessus,14.88491685,19.67865764,22.181642059999998,43.67432595,24.76311227,13.5184225,70.92289514,43.71186422,44.6915784,22.83125344,18.77742253,72.51359570000001,43.259576589999995,44.61212169,66.71771946999999,70.94989233,17.926569869999998,24.085760890000003,14.961602300000001,17.88065743,63.23577648,60.59731465,63.13199102,66.28407657999999,36.10755465,53.44050196,71.07184939,63.016400909999994,60.68225115,76.53338123,44.8079133,26.87499384,60.58821042,59.18135095,24.90672822,26.186659090000003,26.79590152,72.26695415,14.466078450000001,20.568771130000002,23.683856199999997,44.2984145,54.24398094,57.51406428,25.61425947,61.41881835,68.87004696000001,14.05426421,17.880697599999998,25.752101600000003
Orny,52.227674099999994,40.140365700000004,37.66864331,18.06924638,34.701701670000006,50.828441919999996,39.9223019,19.023345730000003,17.90663706,37.04950432,40.98984802,34.22620244,19.40218819,17.40345528,32.36790593,39.85938465,44.12689504,35.416604039999996,51.8842323,44.04182909,6.954505458,14.84638824,13.98383877,27.70507758,24.86680473,16.2409279,39.00622765,26.41279079,1.7284364639999998,24.48625967,17.50444013,32.61746388,22.2375808,20.33591263,35.08064398,33.68901092,33.03358952,17.06802367,51.45895388,39.219747430000005,35.84347158,21.05528575,36.23168162,6.1374200199999995,34.25944077,15.75609267,36.32930472,51.600139539999994,44.041801899999996,34.04231548
Oron,29.922428909999997,16.22135336,14.18582846,15.06149834,10.80577411,24.84058322,50.618545700000006,16.16053495,16.501248920000002,13.73900317,16.88945024,48.703326520000005,15.87629066,15.87019537,44.04316558,50.6018009,21.51248754,11.530188200000001,29.579550190000003,21.358301,29.36814903,27.30288727,29.591416730000002,41.44482234,11.15010741,25.604581569999997,50.22864146,38.521443489999996,27.5238776,46.79647914,16.27923639,9.284652903,34.69246304,32.679313719999996,12.43665668,11.21266874,10.65576666,38.44749575,28.930862700000002,15.38164499,11.96344888,12.24594031,30.05668433,25.56298542,11.60677662,28.23227444,47.46657278,25.65922854,21.35828863,11.264811120000001
Orzens,51.052987699999996,37.52258365,35.363221610000004,22.44073964,32.00564286,44.05254275,52.34318107,23.95304265,23.16062626,34.85774735,38.21983387,47.28335972,24.123771,22.319393899999998,44.79270461,52.28929745,42.60766693,32.74685139,50.70636239,42.46911369,11.39188623,5.963820805999999,8.34721665,40.43514433,26.2010221,26.4684281,51.52359726,38.68858219,15.11678128,37.861788520000005,22.66379388,30.2356732,34.34793166,32.25603539,33.28010541,31.922736959999998,31.287227620000003,17.802234390000002,50.10207306,36.659291360000005,33.18896425,10.95985022,22.7020239,18.330175360000002,32.412414580000004,6.9433205959999995,48.75480223,44.54237507,42.46909724,32.10270661
Oulens-sous-Echallens,47.69567371,35.473264719999996,33.008919629999994,14.014043809999999,30.01883695,46.20717063,40.203676290000004,15.1499563,14.08322186,32.39334366,36.3184403,35.27599429,15.48563244,13.463127259999998,32.65397628,40.149787880000005,39.53857018,30.73623338,47.35090641,39.44903162,10.16815902,15.30889744,15.37777659,28.33628362,20.425808389999997,14.658852300000001,39.38611782,26.54908598,6.149516214,27.616709739999997,13.63692563,27.93923435,22.209927370000003,20.12522448,30.438093669999997,29.04243941,28.38519989,20.56347822,46.90775006,34.55283461,31.16462489,17.455099099999998,34.340632660000004,6.398726502000001,29.61088072,16.36361287,36.61542806,46.99833467,39.44900516,29.388002970000002
Pailly,48.93011736,35.539536410000004,33.3127493,19.654049609999998,29.984185659999998,42.94293756,49.87215554,21.16019666,20.36055112,32.78527134,36.266963450000006,45.01009191,21.33604236,19.52160242,42.33941861,49.82037857,40.49203524,30.72896774,48.582494,40.36040616,11.180998579999999,8.270976454,10.15127099,38.071220260000004,23.615844560000003,23.8113275,49.07626672,36.2233581,13.50485571,36.311211969999995,19.86372013,28.14470197,31.870241099999998,29.756910100000002,31.134510549999998,29.75857357,29.113460579999998,19.031898430000002,48.00118442,34.66004229,31.17312709,10.36712255,24.668093250000002,16.07425486,30.26501209,9.333649616,46.29205396,43.50430212,40.360388050000005,29.96571059
Paudex,31.55511547,20.86935269,18.37551741,3.1966344720000004,16.19538476,35.01562352,37.253436549999996,3.2831797259999997,4.158369503,17.725577270000002,21.772200939999998,35.68380497,2.8654131499999997,4.099695555,30.79770899,37.23804464,23.829552370000002,16.76528515,31.21878248,23.77787932,26.9155342,29.50480966,30.676159029999997,28.53259468,4.438319047,13.37948102,36.88406184,25.47943036,21.91997607,36.17770908999999,4.264323446000001,14.16801966,21.92484877,20.06525935,15.64896132,14.41893232,13.848236230000001,37.2628594,30.87138722,19.987563689999998,17.111464820000002,20.54904939,40.47246387,17.54603156,14.98043144,30.60283794,34.13880192,36.0922092,23.77784723,14.88235757
Payerne,56.77297574,43.40175596,42.217868499999994,39.89268725,39.18748968,41.220337549999996,73.56745088000001,41.4599341,41.077986870000004,42.00232526,43.70964689,69.06899297000001,41.43612249,40.19191879,66.11246443,73.52191747,49.09947713,39.75610461,56.46690453,48.90697074,32.38594505,22.78525453,25.468326570000002,62.03461456,39.99332596,47.017786910000005,72.83888959000001,59.99618318,37.22782559,59.865406410000006,40.62629268,38.39097193,55.638724069999995,53.486179109999995,41.379977700000005,40.433400670000005,40.00224347,33.75629262,55.67358539,42.825004500000006,40.09804571,19.633943770000002,0.6792285853,40.18806928,40.67873294,22.5048799,70.02433979,41.03898857,48.90697304,40.3261975
Penthéréaz,50.02282621,37.18118794,34.80274969,17.81977054,31.617897229999997,46.35541949,44.960317880000005,19.13894671,18.155660700000002,34.221370840000006,37.97900097,39.76271736,19.41704938,17.42962022,37.396856899999996,44.90396461,41.68976176,32.35756244,49.67505334,41.58043235,7.473975962000001,10.40166104,10.73145739,32.96292954,23.32987182,19.591640599999998,44.11463731,31.31589113,7.915711061,30.708948980000002,17.67768885,29.621553940000002,27.00114819,24.94727188,32.38401438,30.97907096,30.31815259,17.29290174,49.16766225,36.27095528,32.798753559999994,15.16078521,30.155906090000002,10.83245019,31.52651259,11.46972038,41.36553101,47.030835679999996,41.5804095,31.26517871
Penthalaz,47.5842826,36.30825219,33.79745657,12.871731030000001,31.111344990000003,48.53476986,34.80962374,13.51748245,12.380848089999999,33.156257530000005,37.19159859,29.8853206,13.94014588,12.06073948,27.25353351,34.754707520000004,39.76255962,31.78340196,47.247347520000005,39.69916374,13.36494496,20.31359398,19.952316930000002,22.921195439999998,20.24781576,9.891218446,33.982051209999995,21.15732712,6.529940076,23.32159989,12.05453175,28.99888091,16.831162629999998,14.77197558,31.11105415,29.76724619,29.13489179,23.431423900000002,46.8909483,35.39535857,32.18564329,22.16445227,39.70362023,1.686023568,30.343963759999998,21.32267211,31.2182739,49.42903014,39.69913326,30.17372073
Penthaz,46.08637402,34.90133808,32.38906251,11.36260941,29.74523844,47.337495770000004,34.44193224,11.98884569,10.85241317,31.74602762,35.78783567999999,29.828833330000002,12.412658330000001,10.54229934,26.91552215,34.39048843,38.29257942,30.409960299999998,45.75004305,38.23135216,14.62152293,21.096737779999998,20.919779,22.74551992,18.77636363,8.882761366999999,33.65318352,20.79655035,7.990698379,24.16362081,10.52961111,27.63353736,16.44083883,14.326424170000001,29.69443822,28.35907078,27.730939439999997,24.791005700000003,45.399186209999996,33.99063295,30.80804492,21.78353318,39.7902576,3.039160899,28.935537789999998,22.13161653,30.86389769,48.250894030000005,38.231321380000004,28.77169077
Perroy,49.795088060000005,43.11652235,40.85881367,22.24577408,39.54560133,58.71217319,14.745999959999999,21.20806247,20.805387579999998,40.24858271,43.99059053,11.41122054,21.537611809999998,21.457710050000003,7.258962749999999,14.69548238,44.092782959999994,39.966214480000005,49.522152909999996,44.125715230000004,31.89271132,40.20558982,39.43149141,4.348582685999999,28.03733775,12.185965770000001,13.98334148,1.218672031,24.55952503,18.29550836,21.03836731,37.73761808,3.267777312,5.3777054049999995,38.30562123,37.38358614,36.955179969999996,40.312735430000004,49.510048340000004,42.36562762,40.22139484,40.45646986,59.334364629999996,19.55944118,37.86851522,41.162071420000004,11.17629813,59.86657327,44.12567559,37.887601280000005
Poliez-Pittet,41.54929198,28.56472766,26.20452663,11.86845451,22.995343369999997,38.11812868,44.888375180000004,13.43031992,12.77148252,25.63155153,29.35583041,41.05818508,13.54581337,11.8927467,37.54803977,44.84812252,33.17079596000001,23.73654235,41.20109029,33.05499093,16.1061116,16.33054873,17.86334824,33.817619570000005,15.543955350000001,18.24004858,44.223742709999996,31.4842834,14.368050479999999,35.46845717,12.28248588,21.01509798,27.17464028,25.00558883,23.8302676,22.42850779,21.76954688,25.72860498,40.669625180000004,27.65717366,24.17865165,10.22976837,29.314001660000002,13.73291983,22.96741098,17.41160153,41.39405927,38.86418068,33.05496935,22.69646479
Pompaples,53.06301902,41.10291472,38.62248728,18.72037586,35.69082195,51.970681049999996,39.23889763,19.60008061,18.47269043,37.99926945,41.958223700000005,33.38780299,19.992654350000002,18.015447990000002,31.701207829999998,39.17406296,45.00827657,36.40101293,52.72064798,44.92694419,7.142366181000001,15.632867469999999,14.56723879,26.97581686,25.66899767,16.15424894,38.302459260000006,25.802702420000003,0.4934444812,23.304984209999997,18.08919667,33.59939118,21.6899307,19.8473933,36.016116419999996,34.629528830000005,33.976455699999995,16.91445194,52.30851637,40.18235096,36.825138679999995,22.30240222,37.32860711,5.940913962,35.20182208,16.50140304,35.65232463,52.75245824,44.9269164,34.99131361
Pomy,55.327355819999994,41.75436616,39.62119686,26.39743865,36.2563988,47.712325750000005,54.68929944,27.87298576,27.022963930000003,39.123229769999995,42.43883284,49.17146908,28.07218822,26.206724010000002,47.12126442,54.63009669,46.8825366,36.99568316,54.98112487,46.74196238,10.70091186,1.875867681,4.819982576999999,42.56784364,30.45971677,29.4704496,53.81125556,41.0776814,16.28852113,38.39022291,26.52751371,34.509959450000004,36.7957521,34.7733809,37.56713265,36.21480459,35.58170151,14.557281119999999,54.36983548,40.89800999,37.43667757,14.57011451,22.32290931,20.5114567,36.70031316,2.681523785,51.0916981,48.13955164,46.741946430000006,36.388189440000005
Préverenges,40.89602655,31.67295008,29.23325771,8.668216576999999,27.31137732,46.22475403,27.96182292,7.937172050999999,7.275487411,28.58914583,32.57622533,25.11876079,8.344856013000001,7.802808183,20.84862295,27.928275860000003,33.88311894,27.844084849999998,40.58027424,33.86669589,23.69364362,29.842177,29.90345147,17.82386575,15.46712786,2.208006847,27.38166808,15.02057187,16.75384833,25.30067228,7.4165004,25.32574768,11.046343010000001,9.030963684,26.532309840000003,25.39715883,24.86851515,33.74519141,40.37087287,30.827649219999998,28.166244510000002,27.0240779,46.44296519,10.9950507,25.9389891,30.90920078,24.55381601,47.30225616,33.86665988,25.88062059
Prévonloup,43.90535791,30.21696009,28.78310974,26.91149299,25.6131503,31.44548429,61.92955093,28.42711203,28.21102183,28.50486559,30.6316985,58.32651375,28.33898645,27.350389179999997,54.69126305,61.894029329999995,35.89677796,26.22831078,43.58320721,35.713306949999996,26.85910006,19.71773543,22.72794672,51.07357375,26.18553419,35.32399503,61.3164637,48.67167065,29.19352266,51.77503343,27.79820512,24.64594194,44.39329083,42.22650323,27.70470552,26.68222225,26.217995,32.45077113,42.82922472,29.55643694,26.598410039999997,7.043633909,14.11703039,30.449632870000002,26.9652522,20.14688468,58.48461041,31.63455928,35.713304810000004,26.61177579
Prangins,56.176549249999994,51.79821116,49.76266856,33.30020512,48.98897783,68.01464651,3.0349798470000002,32.07711286,31.86295654,49.20035284,52.620428079999996,5.932071922,32.34421985,32.602435140000004,4.596567279,2.9654072620000003,51.75145028,49.303895190000006,55.94911588,51.82200864,43.02386048,51.739285960000004,50.769193120000004,9.294341542,38.14789601,23.87544851,2.143291258,10.71598394,35.84766551,22.86383885,32.16298302,47.38168956,15.07526013,17.21492929,47.41585055,46.69443681,46.360119749999996,50.65050301,56.096926260000004,51.14870307,49.49594028,52.19199465,71.17274339000001,31.1909739,47.117495000000005,52.66109446,0.7560483639000001,69.23400464,51.82196773,47.19747504
Premier,59.47826765,47.59144475,45.11010621,24.95679453,42.17811785,58.26604574,40.42057658,25.714488069999998,24.57803891,44.48625778,48.447056839999995,33.66473037,26.127217700000003,24.19840554,33.12045098,40.34509207,51.46425001,42.88902794,59.137051979999995,51.3854458,7.377622893,17.19137893,15.072824070000001,28.140578819999998,32.069433679999996,20.68526344,39.37411942,27.70276751,6.209409713,20.56917918,24.22863378,40.08762367,24.07234356,22.604470860000003,42.499963120000004,41.11481335,40.462330300000005,13.329462509999999,58.73740028,46.67090006,43.31347186,27.59037637,40.37490221,11.036193279999999,41.68749329,17.74413521,36.9313943,59.01620392,51.38541762,41.47832435
Prilly,37.47850093,26.89507171,24.393334149999998,2.900796719,22.079377309999998,40.59273473,34.09979635,3.25029933,2.114000712,23.74346605,27.796209129999998,31.44269105,3.6766922920000003,1.962301711,27.109444319999998,34.07075024,29.85951882,22.681966329999998,37.14570145,29.81191717,22.27980024,26.50926094,27.16077839,24.143812569999998,10.4791052,8.209218579,33.56914043,21.33829128,16.505599890000003,30.33806816,1.827424938,20.00889498,17.3574825,15.3064709,21.66730661,20.40834027,19.81963153,32.67300168,36.82560892,26.00631798,23.04519918,21.17917324,40.92030188,11.678962310000001,20.975759330000002,27.61103483,30.750914260000002,41.619082950000006,29.81188458,20.8602441
Provence,67.59612743,53.77741792,51.93644235,41.29480472,48.574040339999996,56.2181919,68.81143159,42.80335119,41.994816529999994,51.526866309999996,54.33629955000001,62.71489495,42.977578439999995,41.16124085,61.27766921,68.74590106000001,59.26357464,49.2779758,67.25878429,59.10033074,22.868845410000002,14.40661618,15.01494872,56.52615679,44.669992400000005,44.36201386,67.86480173999999,55.3585545,29.936831979999997,49.811981010000004,41.4981391,47.10782247,51.18230867,49.2500688,50.256715490000005,48.99993391,48.414349779999995,18.79712599,66.56754305,53.0014536,49.69838086,25.60796731,19.27121213,34.93144059,49.41807963,13.368519430000001,65.22720714,56.334231509999995,59.10032118,49.080134230000006
Puidoux,25.62714347,13.49613479,10.98739706,10.794350179999999,8.417701741,27.12095476,44.192927499999996,11.18100538,11.99100127,10.349075880000001,14.378033910000001,43.23875213,10.76248028,11.74347579,38.12037343,44.18645584,17.37131691,9.043825795999998,25.27994783,17.27680689,31.71932391,32.04771365,33.83756098,36.192317020000004,3.874247472,21.27771465,43.92902665,33.06760307,27.984296699999998,43.99267983,12.00756847,6.3359710080000005,29.689859369999997,27.89003347,8.323107117,6.959493117,6.322255653999999,41.68681317,24.795514569999998,12.582153889999999,9.425400444000001,19.21152851,38.05699843,24.44490735,7.536080545,33.08524101,41.25738096,28.20570446,17.27678119,7.360105934
Pully,32.77015454,22.11615243,19.62045406,1.961870843,17.40823468,36.1657378,36.52130242,2.1589056340000004,2.93085568,18.97047014,23.01869297,34.7462958,1.798234135,2.849794643,29.95362255,36.50328762,25.07249151,17.98633031,32.43468497,25.02201339,25.924159449999998,28.82745799,29.90207042,27.55767641,5.6863961849999995,12.23357697,36.12072565,24.54144916,20.78180877,34.95846078,3.014518297,15.368765450000001,20.9039487,19.007351139999997,16.89373601,15.656723260000001,15.08148342,36.29421454,32.09430221,21.232833579999998,18.33672478,20.55943242,40.515719620000006,16.32730732,16.21976227,29.92912991,33.357025889999996,37.23154347,25.02198115,16.1175027
Rances,60.41126741,47.50204028,45.145924529999995,27.6093513,41.92900898,55.84481686,48.970570959999996,28.770151860000002,27.70273087,44.5716173,48.287045819999996,42.50943728,29.10293566,27.080777020000003,41.53521696,48.89939649,52.07174732,42.67144704,60.06346069,51.96092044,3.529336034,9.019002522000001,6.3596953869999995,36.64167251,33.61297592,26.659172159999997,47.966775750000004,35.84059347,10.73208973,29.54123984,27.25745286,39.956458409999996,31.89749585,30.16881362,42.75397455,41.349933019999995,40.68956811,6.979013426000001,59.553901960000005,46.59604877,43.11422090999999,23.15175289,32.42477717,16.4647826,41.89406963,9.278650269,45.42671705,56.42205072,51.96089789,41.62818299
Renens,38.43049715,28.04146943,25.54513821,4.092124912,23.28029382,41.843177129999994,33.03000024,4.137750843,3.0591744239999996,24.89514442,28.94395837,30.241997329999997,4.589742567999999,3.142923407,25.980017059999998,32.99909015,30.897706109999998,23.87476992,38.10004957,30.85490871,22.00307786,26.69058259,27.2021634,22.936397239999998,11.61136727,6.964349635,32.47791818,20.16433752,15.948884040000001,29.10995305,2.911473548,21.21782505,16.14402534,14.07810044,22.818399160000002,21.57469469,20.993281309999997,32.36887312,37.79747376,27.15766579,24.23315797,22.09675913,41.737611709999996,10.882688120000001,22.13952196,27.78739596,29.65461031,42.87345895,30.854875540000002,22.0317285
Rennaz,8.276716182,5.947187716999999,7.534029394,27.080435610000002,10.90603077,19.223507,53.06443115,26.8136763,27.881884569999997,7.969073654,5.700719629,54.5058862,26.35850964,27.97059453,48.714862139999994,53.08792671,0.2737142898,10.19384002,7.929397752,0.479645268,49.1794813,48.73926772,50.80222113,48.314365210000005,19.58383409,36.0634199,53.171700109999996,45.04732258,45.34869208,59.12702169,28.085505649999998,12.547541579999999,42.74648621,41.43177314,9.521209685,10.906969080000001,11.55977095,59.03817443,7.360652925,6.576640124,9.771462295,33.86338689,49.323264089999995,41.39100452,10.39067023,49.7175827,50.92043736,20.537518929999997,0.479627093,10.68846151
Rivaz,23.49414994,12.0133358,9.5161195,11.984951129999999,7.534897038,26.66930284,43.80214994,12.0703938,13.014609270000001,8.866142159999999,12.91527381,43.30146079,11.62423765,12.92080995,38.00858692,43.800983079999995,15.3713847,8.027952674,23.148697069999997,15.29315301,33.8944007,34.455006090000005,36.207808140000004,36.38969249,4.424377241999999,22.03228613,43.60332493,33.20551267,29.88674813,44.9952114,13.117809020000001,5.689490312,30.05084087,28.357782500000003,6.789428809,5.578561262999999,5.039774036,43.93988358,22.70099154,11.128488670000001,8.339736327,21.596460869999998,40.242501929999996,26.06711069,6.131880551999999,35.49709863,40.98975776,27.815486110000002,15.293124610000001,6.055476296
Roche,6.337038617999999,7.746238657,9.458138073,28.81186327,12.83489291,19.64197614,53.89094797,28.4931855,29.57407983,9.904619945,7.391257312,55.58157258,28.03922868,29.69125724,49.74934214,53.91751266,2.1264554469999997,12.1182315,5.989441361,2.2858038400000003,51.07777685,50.68073009,52.74058014,49.51114373,21.36096771,37.60004845,54.03727634,46.24789465,47.17740781,60.62151468,29.79235452,14.48910551,44.07097705,42.813141300000005,11.458922339999999,12.84149728,13.49269491,60.95746225,5.437891485,8.434278022,11.69254199,35.78228025000001,51.06387758,43.14934475,12.32844944,51.659230380000004,51.84363996,20.940547289999998,2.2858134039999998,12.62800151
Rolle,51.37648642,45.0967011,42.872631520000006,24.56596931,41.64813845,60.81639413,12.51097859,23.50078837,23.12388918,42.26934555,45.96358382,9.153562585,23.821731640000003,23.788246100000002,4.962215961,12.45583524,45.89343564,42.05193885,51.11125421,45.93327966,33.80977806,42.29698651,41.43817433,2.627808928,30.22591129,14.552956539999998,11.69980471,1.170948637,26.52886683,18.137831849999998,23.36587816,39.8699361,5.524667864,7.679947424,40.34937204,39.45958947,39.04619508,41.96538817,51.128710749999996,44.36178408,42.29702674,42.81455691,61.64518348,21.68675659,39.93504548,43.238231160000005,8.919926384,61.98192632,45.93323969,39.96451544
Romainmôtier-Envy,57.50876107,45.579020060000005,43.09940057,23.048029470000003,40.161015809999995,56.26910977,40.101987220000005,23.84632728,22.711541949999997,42.476419220000004,46.433515140000004,33.604858039999996,24.25294568,22.30657551,32.70381006,40.02959894000001,49.47511704,40.87261688,57.167016770000004,49.39498165,6.503339015,16.29879709,14.45381302,27.77832519,30.10406599,19.26780976,39.08670635,27.11204339,4.219359148,21.393806639999998,22.350862690000003,38.07152248,23.31140229,21.71975418,40.49336495,39.10687082,38.453783349999995,14.08496581,56.76167671,44.658429819999995,41.2974891,25.80165071,39.20031085,9.355111677,39.679158539999996,16.95130389,36.57210096,57.02543420000001,49.39495367,39.46846539
Romanel-sur-Lausanne,39.79593914,28.57973584,26.06673743,5.185929225,23.48434358,41.43051059,35.7161136,6.144444158000001,5.054266255,25.42203305,29.469318780000002,32.40356299,6.5069945989999995,4.498779411,28.49453961,35.6799548,31.954354340000002,24.136037899999998,39.45790906,31.89143963,19.17921575,23.40225238,24.00434216,25.092289110000003,12.43934103,9.134796319,35.10152187,22.5242859,13.69063812,29.53553405,4.623334960999999,21.376823369999997,18.32151048,16.17690221,23.3649466,22.038663189999998,21.415746650000003,29.578145029999998,39.09295805,27.671666509999998,24.527133290000002,19.234662789999998,38.66211139,9.385043417999999,22.614576659999997,24.50180096,32.26983861,42.39313893,31.89140906,22.45819802
Romanel-sur-Morges,44.56062538,34.51999508,32.02856533,10.58685591,29.77671081,48.249983760000006,29.56439554,10.49553972,9.501231738,31.3786679,35.42333844,25.51804388,10.950493909999999,9.638114672,22.11304058,29.51789965,37.22282235,30.37289615,44.23634999,37.18881793,19.49274384,26.32544626,26.10057975,18.266841950000003,18.0902623,3.710657393,28.83352013,16.00682991,12.37385649,22.644038560000002,9.404321893,27.71045013,11.663138,9.498251885,29.30216541,28.067638549999998,27.48911807,29.38393284,43.974726159999996,33.64032194,30.73143071,25.76781627,44.48186756,6.573831351,28.63112124,27.35909716,26.01764517,49.25922478,37.18878376,28.526700690000002
Ropraz,37.31204537,23.89235007,21.66517019,12.84364943,18.33433713,32.52303636,48.08783561,14.3732321,14.13550225,21.14225453,24.6262293,44.97885645,14.3059633,13.27584727,40.98647056,48.056586499999995,28.86839739,19.07918422,36.964915180000006,28.733289,21.3424026,19.710866409999998,21.79799585,37.66799599,13.4694352,21.68253876,47.526774689999996,35.07067652,20.01381524,40.69409269,13.72407548,16.50576664,30.89427909,28.75231013,19.52640461,18.16456067,17.52783152,30.44820248,36.37208035,23.011005700000002,19.52339043,7.579181582,27.52691995,18.98640753,18.657928090000002,20.70313196,44.70042532,33.248070500000004,28.73327168,18.35127812
Rossenges,41.022084150000005,27.31069351,25.28339677,17.65095986,21.90308233,33.65156074,52.22892594,19.21460642,18.8611181,24.82561982,27.958976579999998,48.618676480000005,19.188615440000003,17.97977046,44.97012667,52.19231163,32.60401575,22.63019947,40.67882977,32.45215486,20.26974728,16.41027268,18.91408138,41.356371679999995,18.49625828,25.6053939,51.6046899,38.946119270000004,20.76520594,42.76419805,18.41930324,20.29868848,34.66830349,32.50189773,23.42825938,22.137004609999998,21.53705091,28.227688620000002,40.03238766,26.4788201,23.06439408,2.7251942920000003,22.59314761,21.135556939999997,22.576932789999997,17.28103144,48.77272156,34.20477069,32.45214188,22.24612504
Rossinière,19.5704506,12.78429067,14.496456089999999,34.127320399999995,15.36847294,3.8290633549999997,66.02300895,34.59092085,35.37960383,15.02410879,12.11409506,66.09474273,34.17194782,35.070687389999996,60.66692066,66.03164701,15.64634165,14.9597351,19.37904374,15.46416816,50.75763811,47.19089736,49.85512319,59.2569361,27.09067053,44.687335579999996,65.94047364,56.05600877,49.139672850000004,67.27444742,35.36524226,17.23316531,52.93204776,51.21130249,16.770516909999998,17.56032174,17.9632186,59.24002531,18.53134579,13.25867674,14.72869873,30.76432442,40.286876649999996,46.7991328,17.10381643,47.95154058,63.43586743,5.074073232,15.46420062,17.054854210000002
Rougemont,27.01480257,22.775353589999998,24.520616989999997,43.47445874,25.21517914,6.231488018,76.02409222,44.070642639999996,44.78659141999999,25.04255533,22.06966811,75.94889571,43.668110549999994,44.4038901,70.58283556,76.03176239,25.02435106,24.863180550000003,26.915194749999998,24.86225954,57.90006914,53.03318319,55.892209779999995,69.03569532,36.728067329999995,54.154518859999996,75.92818258,65.85940861,57.171860269999996,76.39160783999999,44.72831436,26.96646772,62.6172446,60.83555902,26.75086368,27.4732251,27.836695980000002,65.54601737,26.13443779,23.277201079999998,24.66175285,36.806361949999996,41.69768948,55.41350396,27.040657930000002,53.65379611,73.40541646999999,4.9521071039999995,24.86229594,26.9687722
Rovray,55.42999191,41.60835396,39.796604769999995,30.99476753,36.443672559999996,44.54941676,62.10530242,32.56513706,31.91468432,39.399184,42.16022103,56.99606094,32.663292320000004,31.03726516,54.555816140000005,62.05161875,47.1168882,37.14110884,55.093556060000004,46.95149421,19.1708165,9.551511991,12.324868420000001,50.187396930000006,33.32912061,36.10532067,61.286847869999995,48.45071365,24.443630000000002,46.81938942,31.42446651,35.02772311,44.10814283,42.01152533,38.18047431,36.94932185,36.37759814,21.23574202,54.397482239999995,40.83904507,37.55794399,13.49896434,13.88950399,28.06591838,37.35109033,9.348284029,58.51751794,44.76067719,46.95148534,37.009389170000006
Rueyres,47.57246974,34.10725353,31.912444899999997,19.16017167,28.56788972,41.28479885,50.36854615,20.70058493,19.96729337,31.39616991,34.82123138,45.72366696,20.84369396,19.106606640000003,42.86562429,50.31941276,39.128661189999995,29.31127815,47.225346859999995,38.99316794,12.83878482,9.464293691,11.585387129999999,38.70398119,22.65131783,24.07344041,49.60209655,36.74421516,14.77679537,37.52884582,19.47197765,26.76343022,32.3841986,30.248470549999997,29.785387999999998,28.41994789,27.78040838,20.64213052,46.63127409,33.235036480000005,29.75464509,8.707124639,23.861602910000002,16.89360932,28.91660986,10.47930704,46.80216985,41.83933572,38.99315074,28.61111206
Saint-Barthélemy,45.872116999999996,33.52650495,31.07216791,12.65775663,28.0511355,44.16134632,40.85459169,13.9116073,12.898560589999999,30.461109110000002,34.36582267,36.252325049999996,14.21135924,12.203707379999999,33.34332772,40.80461168,37.67135596999999,28.77231628,45.52644203,37.5778315,11.66913167,15.58964827,16.0447078,29.19174671,18.7114953,14.771409100000001,40.08048066,27.22214516,8.195387174,29.33369033,12.42846919,25.979592349999997,22.86273607,20.73231037,28.5223658,27.1230131,26.46408931,21.99165778,45.06896777,32.606596679999996,29.20292098,15.807328519999999,33.34617274,7.763321178999999,27.68885398,16.677486509999998,37.28381058,44.95347438,37.57780573,27.459386040000002
Saint-Cergue,64.78900609,59.27890776,57.092512840000005,38.60778697,55.929607589999996,75.0958533,10.44700129,37.63753777,37.17692537,56.496234810000004,60.13642413,5.221607624,37.97952784,37.7837647,11.06154486,10.35691798,59.801511319999996,56.32584744,64.54393667000001,59.853833189999996,42.94423893,52.39962595,50.915067560000004,12.2217952,44.50428668,28.149110110000002,9.434238542,15.29223676,36.4077091,17.857567630000002,37.37818611,54.15907389,18.96452388,21.0181747,54.597026469999996,53.72917165,53.323484900000004,48.963898560000004,64.63224081999999,58.56244416,56.56536106,55.72240987,73.6089669,32.88830028,54.19882697,53.19607934,10.03541499,76.26569879,59.85379273,54.23441552
Sainte-Croix,67.33705603000001,54.26744844,51.9514808,34.724979440000006,48.69008548,61.787565519999994,53.998889580000004,35.87422557,34.800722609999994,51.390764329999996,55.03197116,47.03221642,36.21107574,34.18859148,46.75000548,53.921632360000004,58.962524980000005,49.434977090000004,66.9889148,58.84610962,10.57014782,12.59992106,9.623236925999999,41.75618551,40.690381710000004,33.261480999999996,52.934070330000004,41.34699124,17.25382257,32.36094278,34.35921639,46.75696514,37.6532635,36.09441634,49.616815710000004,48.21668763,47.558516280000006,0.3658615891,66.46124988,53.36948491,49.879179709999995,28.68709678,34.16927463,23.056211190000003,48.75228464,12.2044004,50.53532086,62.28362616,58.846088210000005,48.47668723
Saint-George,58.68495999,51.323981350000004,48.979182220000006,28.945613549999997,47.36524557,66.42737385000001,15.854630709999999,28.22121629,27.572753629999998,48.35097581,52.21410506,8.331814882,28.61460893,28.05158854,9.877891183,15.76633825,52.698372860000006,47.84803685,58.40468531,52.71893348,31.757861690000002,41.12389191,39.71091455,5.783688502,35.58980969,18.21319061,14.693052159999999,8.426555639,25.1096649,10.30111327,27.68738268,45.44711937,9.919964405999998,11.47336151,46.346372880000004,45.31945154,44.83874754,38.360585529999994,58.361477189999995,50.53091712,48.139012390000005,44.77894003,62.351964890000005,21.65137193,45.83469064,41.93633647,12.79275318,67.52966933,52.718894569999996,45.81650275
Saint-Livres,49.849908969999994,41.948610099999996,39.580854939999995,19.5573518,37.91386258,56.96542816,19.327956399999998,18.7793178,18.164842580000002,38.94871572,42.842837460000005,14.75323163,19.16691861,18.68167653,11.76078197,19.2701558,43.53599483,38.40348338,49.557270579999994,43.54649906,27.06732075,35.46219286,34.632329940000005,7.522125089,26.128484840000002,8.87562444,18.47632081,5.735609941,19.743504209999998,16.32121724,18.30329027,35.988276299999995,1.9024592459999998,2.0745844790000003,36.93179817,35.885388639999995,35.39708853,35.54019053,49.462043189999996,41.14330419,38.69923007,36.531995300000005,55.035719969999995,14.854985300000001,36.40538247,36.40594711,15.731092290000001,58.0675575,43.54646081,36.38073605
Saint-Oyens,54.94855187,47.76193085,45.4407591,25.78740135,43.91529312,63.02693785,15.08632892,24.96300136,24.3848023,44.81728158,48.64799651,8.961762003,25.33949724,24.92031586,8.00383555,15.0099184,49.02688626,44.379732239999996,54.66967562,49.05065466,31.15146025,40.15851146,38.99700587,3.024503999,32.19937281,15.12959774,14.03740705,4.817922287,24.13503138,13.26397932,24.5365059,42.02837039,6.338302892,8.114410883,42.82888638,41.83193969,41.3662923,38.58070993,54.632760000000005,46.98058554,44.66019473,42.517895440000004,60.63875297,19.996896390000003,42.33874719,41.034026,11.636636249999999,64.14673599,49.050615539999995,42.33166692
Saint-Prex,44.02642559,36.47462038,34.15767353,15.255601140000001,32.69137091,51.837650370000006,20.923672200000002,14.18777493,13.812604349999999,33.53581146,37.360608979999995,18.434296409999998,14.51444273,14.491560439999999,13.851734389999999,20.88964443,37.83070258,33.13865577,43.73599898,37.84777796,28.321427449999998,35.62681517,35.28970314,11.28621015,21.076061720000002,5.895881618000001,20.34413468,8.22969009,20.96645713,22.12378478,14.064586429999999,30.84027284,4.969544532,3.843363805,31.55481372,30.57727952,30.12414473,37.71809776,43.65186359,35.69455937,33.41033021,34.039841939999995,53.331481260000004,15.32595698,31.07772809,36.65100789,17.51774227,52.975713109999994,37.84773925,31.078696660000002
St-Saphorin (Lavaux),22.98369367,11.07373533,8.562534431,12.95076319,6.387952820000001,25.48880814,45.01060744,13.1203109,14.03292194,7.91454384,11.96951071,44.50180104,12.6792107,13.89404212,39.21660705,45.00958472,14.74228011,6.913541081,22.636539669999998,14.65115141,34.36264255,34.587612549999996,36.423208030000005,37.57875112,5.474114778,23.13133469,44.813155769999995,34.39906088,30.56322417,46.04714405,14.11190213,4.494423198000001,31.220513790000002,29.51219239,5.847811006,4.557222988,3.973603275,44.32537165,22.15441522,10.1736561,7.245256336000001,21.28753725,39.64718103,26.89204783,5.1264700869999995,35.61648455,42.200089,26.62877224,14.6511251,5.010726517
Saint-Sulpice,38.724175020000004,29.31013664,26.86469399,6.4212781759999995,24.92859492,43.85021154,29.68528762,5.579007254,4.995109918,26.219800810000002,30.21384733,27.231496340000003,5.97720029,5.610246699999999,22.74512707,29.65697115,31.603749179999998,25.46208923,38.40490062,31.583011770000002,24.19635939,29.63646635,29.93957124,19.97203863,13.08429699,4.583676547,29.16562438,17.06571812,17.58814411,27.64005165,5.195425123,22.94348502,13.24207431,11.293222100000001,24.1604278,23.0189891,22.4882022,34.430356720000006,38.17558612,28.46130574,25.7851277,25.54527855,45.192763299999996,12.01113262,23.56209012,30.72266067,26.35157704,44.93133849,31.58297619,23.5015858
Saubraz,54.041172700000004,46.32589113,43.9624226,23.83944514,42.29655718,61.337475,17.52592752,23.11419424,22.464673159999997,43.33089277,47.21928584,11.535161200000001,23.5088868,22.9477462,10.23362766,17.452720529999997,47.84882423,42.787733180000004,53.75329656,47.86285666,28.61028496,37.579903619999996,36.43757998,5.227937857,30.50380158,13.109732529999999,16.50848912,5.680295989999999,21.56260764,12.76394356,22.581538469999998,40.366756159999994,5.1689670539999995,6.435293611,41.31559213,40.27038502,39.78173092,36.1988026,53.67848654,45.52302384,43.08399474,40.085394390000005,58.09308378,17.426529340000002,40.79031229,38.45864984,14.017661,62.43518241,47.86281816,40.765706460000004
Savigny,32.01058432,19.6058222,17.13264762,7.016227844,14.20972587,31.691980039999997,42.737938,8.203991426,8.459277043,16.51485482,20.4592584,40.64948792,7.966153588999999,7.811319888,36.04802191,42.71776079999999,23.73899987,14.91191686,31.66339738,23.64020173,25.33589757,26.03463685,27.66535757,33.38630466,5.987426332,17.56808695,42.30913239,30.47480105,21.794225320000002,39.25580796,8.222987931,12.10914904,26.633275259999998,24.62498785,14.56181211,13.1641354,12.506263839999999,35.32687442,31.17711305,18.68518493,15.332553,15.035888629999999,34.835152889999996,18.709209320000003,13.73177706,27.097411639999997,39.52830359,32.65121491,23.64017684,13.50875602
Senarclens,48.90120937,38.14705114,35.63489232,14.26916359,33.1046686,50.93472092,32.08931803,14.6068123,13.50194216,34.987671670000005,39.04128596,26.921803660000002,15.055214379999999,13.3725651,24.52138116,32.03097502,41.291819239999995,33.75135288,48.569952709999995,41.24153555,14.923831759999999,22.73994341,22.08616708,20.055468379999997,21.83605201,8.584123296,31.22476631,18.47475414,7.573643844,20.44533508,13.26703012,30.99886821,14.215701300000001,12.25191239,32.92108271,31.614209640000002,30.999704849999997,24.478021820000002,48.25934044,37.244257669999996,34.138832040000004,25.24447898,42.70609158,2.092953815,32.188574609999996,23.705491119999998,28.4920099,51.86537676,41.24150333,32.04336437
Sergey,60.74418305,48.08379024,45.68367342,27.28312551,42.53205992,57.0839893,46.84610278,28.34046196,27.241815449999997,45.09316059,48.89124786,40.235673369999994,28.69965469,26.68248369,39.46398814,46.77292957,52.474093999999994,43.26914963,60.397432699999996,52.37192165,3.479718496,11.489459290000001,8.929865588,34.52843616,33.66019781,25.35516928,45.82219291,33.87174018,9.347811763,26.984982520000003,26.81911525,40.51689918,30.03305123,28.38780574,43.22036264,41.814956769999995,41.1535097,7.6630582249999994,59.91769532,47.17035976,43.708810559999996,24.77265268,34.92258788,15.149606610000001,42.36972485,11.81692145,43.32430421,57.708015720000006,52.37189745,42.1184453
Servion,32.93404605,19.6270478,17.343672780000002,11.39185713,14.05109836,29.44779179,47.19919214,12.71045372,12.8228437,16.80352015,20.38873876,44.817552969999994,12.51145955,12.08265181,40.39118306,47.176389029999996,24.49554868,14.796500819999999,32.586489109999995,24.364299,25.179653050000002,24.11514185,26.14598864,37.51785893,9.778222739999999,21.534062419999998,46.737848660000004,34.69871604,22.955625899999998,42.25116395,12.52001051,12.15989118,30.72829596,28.66060148,15.13922618,13.76772005,13.1263838,34.60396115,32.00514593,18.73276693,15.241009969999999,11.00515631,30.47854114,20.935635650000002,14.26983577,25.11414829,43.941261489999995,30.28210484,24.364280750000002,13.9693087
Signy-Avenex,59.713801090000004,55.53151051,53.50557172,36.93952005,52.74269259,71.76354337,2.979385906,35.74211873,35.499149870000004,52.94502205,56.35086462,6.254608640000001,36.01776957,36.22433074,7.954713474999999,2.89951706,55.421806929999995,53.05664908,59.4921188,55.49518266,45.57571907,54.52656497,53.41611356,12.00490465,41.88575275,27.313360680000002,2.261233327,13.97714348,38.533386619999995,23.51433282,35.787865489999994,51.13529877,18.310670740000003,20.47607702,51.16530296,50.44731534,50.11382782,52.75373397,59.6575907,54.886558040000004,53.247816910000004,55.61071868,74.41432486,34.134884140000004,50.86950776,55.41857703,4.508344664999999,72.98419405,55.495141710000006,50.950256759999995
Suchy,53.987066850000005,40.91001911,38.58701782999999,22.25591913,35.332590689999996,49.10968516,48.15036057,23.57912416,22.594183249999997,38.02523944,41.680008289999996,42.494395020000006,23.85658123,21.86979379,40.58753978,48.08890517,45.602648849999994,36.077078119999996,53.63885503,45.4849946,4.990921107,6.604629,6.359722179,35.96522496,27.59813674,23.535727599999998,47.24875565,34.588240989999996,9.573448211999999,31.859203689999998,22.11693663,33.39251652,30.353960569999998,28.38335452,36.25308995,34.85375584,34.19607242,13.31553879,53.104743629999994,40.01015457,36.52104948,16.64094512,28.62699594,14.05766935,35.38807342,7.568321484,44.55432564,49.70051052,45.48497342,35.111546000000004
Sullens,44.007415269999996,32.63623312,30.125826850000003,9.378880708999999,27.43977962,44.97283773,35.583280769999995,10.19193494,9.062755249,29.485067609999998,33.519018009999996,31.37610996,10.58921438,8.63039968,28.12574799,35.53677415,36.133026980000004,28.11069314,43.66892563,36.06674555,15.48338988,20.930654699999998,21.09527893,24.184007570000002,16.62891711,9.280217367999999,34.849848879999996,22.01373263,9.532381419,26.45221085,8.685339540000001,25.32736994,17.66144913,15.50255086,27.44176796,26.09576742,25.46261488,25.83115202,43.29884644,31.722979350000003,28.51247652,19.96528111,38.46624248,5.325518163,26.67250788,22.001650010000002,32.0354492,45.88611777,36.066715470000005,26.50109115
Suscévaz,58.711572399999994,45.519704749999995,43.23150597,27.051774839999997,39.94532004,53.03249398,51.14723933,28.34567859,27.33986195,42.68124326,46.27238444,45.01045636,28.63521272,26.636393390000002,43.63405085,51.08021396,50.30676961,40.69082335,58.36333689,50.18490148,5.175304117,5.26414797,2.839077018,38.84272177,32.44633281,27.58213591,50.18618014,37.77786883,12.31238368,32.80711232,26.86862541,38.03995979,33.67726415,31.82074193,40.945867140000004,39.551551939999996,38.89654885,8.847010828,57.81571759,44.62725827,41.13538669,20.04010485,28.689376189999997,17.64283652,40.078427510000004,5.596707113000001,47.5710883,53.55575889,50.18488120000001,39.794665800000004
Syens,40.06761915,26.349996490000002,24.32971761,17.27313319,20.94937277,32.770122840000006,52.12228075,18.82274251,18.520825730000002,23.8749187,26.996357,48.652483860000004,18.77576509,17.64681395,44.90743727,52.08732028,31.65250438,21.67537413,39.72457748,31.499947929999998,21.06220592,17.369025320000002,19.85780235,41.37272195,17.783814149999998,25.53988149,51.51719865,38.91009749,21.315833350000002,43.13606921,18.090678639999997,19.3570975,34.65592471,32.49351806,22.49047254,21.20527928,20.608737870000002,29.139365549999997,39.07619677,25.519637630000002,22.10896345,3.060314424,23.01725747,21.45041027,21.64101757,18.243429919999997,48.685724809999996,33.337904179999995,31.499935150000002,21.30890232
Tévenon,65.20947759,51.56101221,49.4801969,35.93631021,46.105532610000004,56.42944391,61.128219640000005,37.34935692,36.426668219999996,48.99711233,52.22028005,54.80142701,37.58674014,35.652873590000006,53.640518580000005,61.05944094,56.76974135,46.84033439,64.86423763,56.62508665,15.07403757,8.525022861,7.767259354,48.80588735,40.38623994,37.54489832,60.14818187,47.8258105,22.373633180000002,41.573449950000004,35.93806869,44.4046952,43.74862072,41.90066807,47.4842297,46.14270895,45.51476022,10.81492783,64.23832009,50.71889744,47.2787037,23.76808396,24.303332450000003,27.707097020000003,46.61964124,7.443819435,57.56319269,56.73571653,56.62507176,46.30294319
Tannay,60.77249217,58.62318651,56.84566296,42.78972822,56.59184853,75.13436032999999,8.000785097,41.425879269999996,41.38930835,56.34231653,59.37638497,15.35619968,41.62995016,42.19472415,15.52703282,8.070570226,57.6436771,56.80035577,60.59356176,57.74612268,54.05743355,62.71120777,61.78723115,20.32905305,46.649089769999996,34.20886651,9.017660793,21.54318881,46.864391069999996,32.57074727,41.745674140000006,55.21092257,25.853669569999997,27.93538218,54.75117204,54.23270423,53.993528409999996,61.60948608,60.88258625,58.08413162,56.92882896,62.36992091,81.67676057,42.10821914,54.58775181,63.644784789999996,11.57379522,76.40365355,57.746081870000005,54.72146108
Tartegnin,53.04831359,46.62626863,44.38201909,25.72979378,43.0948488,62.262457569999995,12.3416756,24.724198100000002,24.29297613,43.77432471,47.4972793,7.916487780000001,25.06058969,24.9252675,4.855679082,12.2761641,47.50467934,43.51182862,52.7815121,47.54202326,33.728403740000005,42.43201842,41.45526741,0.9177859474000001,31.59263425,15.471559240000001,11.41322228,2.414979994,26.53302996,16.686236110000003,24.51169887,41.29147711,6.247185291,8.402386648,41.8391703,40.92657612,40.50181032,41.58471544,52.79270566,45.882021370000004,43.76451166,43.58172256,62.20200607,21.92973967,41.408972139999996,43.34948062,8.762858461,63.41874815,47.5419834,41.430870490000004
Tolochenaz,43.37599918,35.04121816,32.65906056,12.83856334,30.968268,50.02829434,23.772834579999998,11.932877560000001,11.41220882,32.02462042,35.93787869,20.84128859,12.301841809999999,12.01315114,16.57925208,23.73598707,36.79642,31.45871879,43.07359603,36.7983689,25.75326175,32.810339119999995,32.55655231,13.56257933,19.189827049999998,2.964674629,23.15724346,10.72521828,18.461795,22.4708496,11.60669865,29.045208589999998,6.826020746999999,4.9413732040000005,30.00073331,28.94434694,28.45322106,35.36259126,42.93379161,34.22795782,31.75579913,31.17444047,50.41041492,12.72428362,29.46645598,33.84416162,20.32592998,51.135606679999995,36.79833129,29.43893506
Trélex,60.058064460000004,55.2148488,53.11267398,35.71055085,52.172074800000004,71.28325192999999,5.307227340000001,34.59354195,34.26701087,52.53505506,56.05299198,3.408259058,34.89596967,34.95163436,6.810013299,5.211517842,55.40442735,52.52231107,59.82364465,55.46758311,43.105654869999995,52.18951254,50.9899052,9.922955013000001,41.04823219,25.7269337,4.178872453,12.34527735,36.15843996,20.60173632,34.52453419,50.491514300000006,16.55040306,18.71455706,50.69863444,49.91323844,49.54763064,50.069267690000004,59.94829686,54.536257299999995,52.734939659999995,53.90193014,72.45498444,31.96153669,50.35708322,53.06016788,4.726546238,72.48315627999999,55.46754234,50.418238120000005
Trey,51.485571730000004,38.022256,36.7854111,34.870404459999996,33.72757302,36.751097220000005,69.14800206,36.42183746,36.10304488,36.55788418,38.35434211,64.99679187,36.372763590000005,35.2239822,61.765890420000005,69.10642499,43.72261099,34.304485240000005,51.17505417,43.531961669999994,29.97721933,20.9751964,23.90748797,57.85875676,34.624410770000004,42.50935654,68.46463973,55.672941789999996,33.983208010000006,56.78860953,35.66485296,32.906462610000005,51.333191729999996,49.16782109,35.90554869,34.94875027,34.51404739,33.003291839999996,50.39087962,37.42678834,34.65167531,14.56124282,5.633151041,36.35739203,35.19877184,20.95754265,65.63829989999999,36.68008681,43.53196297,34.84599652
Treycovagnes,58.60508337,45.21138036,42.9922467,27.989572390000003,39.660684509999996,51.90684205,53.532286160000005,29.361793549999998,28.407932000000002,42.465372949999995,45.93258307,47.53540997,29.618880679999997,27.65674812,45.995632019999995,53.467151890000004,50.16912062,40.405177519999995,58.25734275000001,50.038285689999995,7.8170729350000006,2.7606523480000003,0.47417237110000005,41.25675887,32.88622008,29.426752840000002,52.59089056,40.07969458,14.65915373,35.557372029999996,27.92417282,37.82474135,35.91933809,34.01016734,40.809236,39.43040388,38.78352954,10.10688717,57.67913577,44.33443794,40.84916644,18.75520402,26.02345202,19.7220535,39.93970882,2.866503095,49.94658454,52.371857150000004,50.03826741,39.64203267
Treytorrens,52.904344689999995,39.085127469999996,37.35455949,29.99381813,34.0277217,41.55153404,62.263567439999996,31.57640886,31.014199700000002,36.98265094,39.606199200000006,57.484880579999995,31.63407699,30.12644539,54.75232698,62.213911769999996,44.64959797,34.71028629,52.57097769,44.47945618,20.85159576,11.70072512,14.6469761,50.53570192,31.68644787,35.939138740000004,61.489780169999996,48.63148029,25.44724609,48.113322,30.533721460000002,32.70212977,44.27247856,42.14169701,35.85231492,34.66059977,34.10902096,23.90912355,51.85925925,38.33878537,35.11859978,11.28420397,12.36556791,28.540244180000002,35.038457990000005,11.714042659999999,58.693853940000004,41.7449483,44.4794489,34.69224295
Ursins,52.59344552,39.0901014,36.917282050000004,23.488300910000003,33.564611819999996,45.64665429,52.52626598,24.974097290000003,24.14002891,36.40696487,39.79260769,47.26302195,25.16588147,23.31600391,44.96286154,52.469954709999996,44.1486267,34.30673762,52.24653092,44.01171257,10.30611886,4.430606559,6.737514902,40.514198230000005,27.530232360000003,26.94324838,51.67996099,38.88084962,14.71829616,37.30147787,23.643856210000003,31.77928948,34.56237949,32.50021437,34.81135873,33.44862631,32.81026798,16.225611660000002,51.647679929999995,38.22370305,34.74937285,12.52992991,23.16619542,18.38340281,33.9429266,5.455545046999999,48.931541790000004,46.12982669,44.011695720000006,33.635806210000005
Valbroye,50.062161440000004,36.361199379999995,34.88911508,30.97644058,31.68498227,37.04392,64.86966248,32.54489024,32.16028687,34.5950652,36.78402178,60.61913442,32.524507979999996,31.2743429,57.45962125,64.82658816,42.034424019999996,32.31415817,49.73965591,41.85216096,25.75248066,17.07548649,20.07423552,53.50204638,31.318829020000003,38.25697271,64.16970236,51.35696559,29.57167557,52.38193753,31.70896898,30.63636565,47.00987258,44.84754273,33.72754914,32.66194912,32.17393491,29.4554936,48.98661107,35.691562100000006,32.6917653,10.75445246,9.29216347,31.93575544,32.968711219999996,17.1869801,61.34678941,37.130618219999995,41.85215831,32.61567329
Valeyres-sous-Montagny,60.80519152,47.33824447,45.15167856,30.44846541,41.805236109999996,53.55327176,55.59509667,31.82411991,30.87174999,44.635229679999995,48.04446187,49.44470626,32.07982062,30.1194708,48.07917913,55.52821118,52.36292381,42.54821268,60.457859819999996,52.22861636,9.59865982,3.977703283,2.033922767,43.29179563,35.27316287,31.78662184,54.635122530000004,42.21136904,16.74661171,36.93321387,30.38779203,40.00121356,38.093082190000004,36.2170973,43.01299057,41.64189239,40.998974000000004,9.160104488,59.86782434,46.46919219,42.99132588,20.41285612,25.70129567,21.979939780000002,42.1437479,3.313722816,52.01799388,53.97485643,52.22859889,41.84101807
Valeyres-sous-Rances,59.87511656,47.0582541,44.68387738,26.83619299,41.49162685,55.69068245,47.88124694,27.96737771,26.890028989999998,44.1029868,47.852491820000004,41.43092976,28.30814789,26.2856814,40.44522806,47.81012532,51.559632449999995,42.2322342,59.52762913,51.45205927,2.6576814829999997,9.669838742,7.172119148,35.55227571,32.964762889999996,25.646590840000002,46.87808639,34.75228559,9.686597828,28.57363254,26.45085327,39.50119685,30.81430227,29.091869340000002,42.2631605,40.857986579999995,40.19690473,7.741852914,59.029099820000006,46.148991820000006,42.67394356,23.18047632,33.103967620000006,15.44137494,41.40647215,10.02305256,44.336981460000004,56.29064538,51.45203608,41.14613548
Valeyres-sous-Ursins,54.09186339,40.617285100000004,38.43109795,24.53908884,35.08381699,47.213979570000006,52.705959889999995,25.99687804,25.126346679999997,37.91601173,41.32512686,47.24917953,26.207704109999998,24.32037691,45.13787275,52.64733051,45.64838203,35.82675284,53.74468402,45.51313258,9.350318639,3.033234876,5.162268784,40.606408730000005,28.83407178,27.447738549999997,51.83435108,39.08598321,14.4449056,36.76806824,24.63209536,33.28361932,34.796959199999996,32.76810026,36.3029201,34.93523945,34.29426193,14.67869801,53.1514138,39.74780745,36.26985056,14.083865359999999,23.76116509,18.52450763,35.433945959999996,4.117110515999999,49.108506479999996,47.69225894,45.51311533,35.129427320000005
Vallorbe,63.602262759999995,52.068621050000004,49.57071347,28.891514599999997,46.727487079999996,63.16223512,39.52886641,29.475477459999997,28.34376152,48.93832581,52.93707333,32.21878504,29.90871123,28.06920938,32.57428118,39.446424359999995,55.72980804,47.42625053,63.264774689999996,55.6608064,11.95349298,21.47456788,19.03133652,27.55233394,36.234037029999996,23.09505719,38.41586685,27.70900205,10.832140240000001,17.3073554,28.04240979,44.62406689,24.615638599999997,23.51670466,46.922423130000006,45.55277006,44.9074952,14.76271271,62.901617120000004,51.14977551,47.84356148,32.65236651,44.86916448,14.55444894,46.12838331,21.88355146,36.183927940000004,63.93457119,55.66077674,45.93531397
Vaulion,61.16558459,49.88025841,47.373481919999996,26.43452941,44.60989718,61.438972889999995,37.00139804,26.93677513,25.81248052,46.73556027,50.75770572,29.86837282,27.37678346,25.58611566,29.933199209999998,36.92098996,53.38531921,45.29656567000001,60.83046491,53.322639779999996,12.14600153,21.95861008,19.789771700000003,24.90883989,33.869369,20.228447090000003,35.90749323,24.92856132,9.193223223,15.889358679999999,25.533574339999998,42.49977709,21.742387139999998,20.60535571,44.70085526,43.345881520000006,42.70759809,16.83350431,60.4880397,48.96431994,45.70686374,31.73769986,45.12549005,12.070800499999999,43.92252225,22.49841701,33.60680216,62.25138512,53.32260922,43.742405250000004
Vaux-sur-Morges,46.124627589999996,36.96269891,34.51361303,13.54851985,32.51886904,51.31667587,25.55896627,13.061264020000001,12.255958099999999,33.86799003,37.86655289,21.437026069999998,13.49204809,12.620965770000002,18.06984005,25.50992556,39.186193079999995,33.06868415,45.8120968,39.17141029,22.23926193,29.7997408,29.3207606,14.17618735,20.682409749999998,3.12727261,24.801353780000003,11.952177859999999,14.872719499999999,19.990637470000003,12.29540679,30.50692481,7.5960213670000005,5.4432969149999995,31.80571821,30.650153139999997,30.10986596,31.637790499999998,45.61945145,36.11196421,33.4000643,29.856069299999998,48.52589007,9.288373980000001,31.19718885,30.80044241,21.99525779,52.36971123,39.17137414,31.12920764
Vevey,19.55097296,6.895701422,4.386274363,17.18084571,2.481437546,21.585628059999998,48.45691158,17.33763661,18.26113767,3.7494960959999997,7.7806806360000005,48.323080690000005,16.89388051,18.12470592,42.92115803,48.46096748,11.131346709999999,2.813240299,19.20298992,11.01004948,38.000754990000004,37.50665249,39.53027815,41.49978764,9.685949833999999,27.31123406,48.321084920000004,38.29069182,34.5414136,50.266066079999995,18.34306565,1.801742747,35.243063029999995,33.58671802,1.782760555,0.37748935920000004,0.2851865078,47.77916926,18.641564600000002,5.983507927,3.0806460259999997,23.11985531,40.247606870000006,31.04016163,0.9413909625,38.497936179999996,45.767473169999995,22.769105940000003,11.01002887,0.7795960287
Veytaux,12.626844909999999,1.237703585,3.6427213579999997,25.02822347,6.80677909,16.32174546,54.00613614,25.036810430000003,26.02192024,4.270170718,0.79037646,54.71823542,24.584279849999998,25.961193759999997,49.0868805,54.02107857,4.659146826,6.061498204,12.294212250000001,4.460468339,45.837091009999995,44.72154522,46.917081870000004,48.181997069999994,17.446767039999997,34.80015674,54.00480941,44.92635089,42.55076793,57.87690533,26.14682403,8.776169172,42.22481827,40.717868759999995,6.304650561000001,7.656901699,8.300868712,55.45218654,11.58472713,2.1273182729999998,5.617109659,29.42403073,44.43302951,39.03518921,7.08073022,45.667494680000004,51.60407123,17.62683039,4.460474324,7.276187286000001
Vich,56.68305083,51.465938009999995,49.3340569,31.776610209999998,48.33112757,67.46266581,6.366550629000001,30.65923271,30.33304888,48.75020735,52.311507660000004,3.225023365,30.96245505,31.01960308,3.001464554,6.282631532,51.803932350000004,48.69278832,56.43985919,51.86127538,39.954334779999996,48.84442346,47.76683503,6.306692484999999,37.14609901,21.84353832,5.252941486,8.451676960999999,32.86839146,19.41266579,30.591913039999998,46.62992998,12.7183696,14.88736493,46.893900110000004,46.08558349,45.70977516,47.35467496,56.53562743,50.773733809999996,48.912457540000005,50.07398428,68.76178096000001,28.436137210000002,46.53642412000001,49.74229376,3.340367077,68.65525112,51.86123476,46.59090738
Villars-Epeney,56.48378157,42.77497955,40.74455273,28.8797023,37.36475175,47.631845750000004,57.85966971,30.39199494,29.59478232,40.27920286,43.41556351,52.368120000000005,30.56284894,28.75605235,50.29157945,57.8010274,48.05840877,38.0938277,56.14004379,47.90864992,13.66276362,3.891608303,6.662834964,45.75385399,32.43426747,32.49394918,56.98738462,44.23876165,19.47910012,41.45843479,29.09795944,35.72271142,39.946798609999995,37.91261838,38.83203634,37.51371071,36.897907229999994,15.90438858,55.497412600000004,41.94528607,38.52892856,14.86220619,19.548380539999997,23.67821383,37.97315961,3.694278539,54.26221183,47.974949800000005,47.90863639,37.64891749
Villars-le-Comte,46.383707439999995,32.56411839,30.744487499999998,23.886953570000003,27.393070690000002,36.46105432,57.54140227,25.46662615,25.01603977,30.348894509999997,33.125,53.37187347,25.47744774,24.126437409999998,50.140954279999995,57.49869314,38.06469414,28.089366740000003,46.04670586,37.89946191,20.327730080000002,13.47625573,16.429600750000002,46.224015030000004,25.00307562,30.92444378,56.84646333,44.04321314,23.01962932,45.767021760000006,24.55347029,25.997856919999997,39.70058934,37.536138709999996,29.15084185,27.93523299,27.372909189999998,26.16787904,45.35420214,31.790402999999998,28.50582833,4.498185901,16.58307139,24.86067177,28.327000339999998,14.033165499999999,54.022233269999994,36.80586265,37.89945297,27.98341666
Villars-le-Terroir,46.0242958,33.151377950000004,30.77419012,14.560549360000001,27.58835045,42.56632189,44.49094425,15.99300836,15.10717769,30.193877779999998,33.94943582,39.91448692,16.21753619,14.308126790000001,36.99002825,44.44185449,37.67780554,28.32789005,45.67635267,37.566846420000005,11.49176287,12.951728139999998,13.97130086,32.85667267,19.51944625,18.25316758,43.72603039,30.86863901,10.393349599999999,32.53853833,14.61364066,25.59207025,26.508450099999997,24.371262350000002,28.36274588,26.958227859999997,26.2975914,21.253087830000002,45.162157099999995,32.24119238,28.76902706,12.549906660000001,29.6808665,11.272887650000001,27.504055219999998,14.05653074,40.92509229,43.27727229,37.56682388,27.24088539
Villars-Sainte-Croix,42.28005306,31.430562849999998,28.91911155,7.570997091000001,26.42970077,44.50879813,33.537429190000005,8.060746135,6.9288519299999995,28.27134849,32.32595109,29.78932631,8.493926246000001,6.698290078,26.17636127,33.49563517,34.59479563,27.06676003,41.94615971,34.54149306,18.187096389999997,23.66529283,23.874826000000002,22.509481049999998,15.11729249,6.933968608,32.85858546,20.114494299999997,11.9035618,26.43729432,6.637984957,24.32963525,15.81737436,13.64973174,26.20298658,24.90186795,24.29101397,28.492960760000003,41.61632671,30.5294499,27.44917873,21.54149647,40.539712630000004,6.860777569,25.47550043,24.74200596,30.03039125,45.478137849999996,34.5414612,25.33482833
Villars-sous-Yens,47.011813000000004,38.78578521,36.40028595,16.27670458,34.67878407,53.70637138,21.65433148,15.49734752,14.88176937,35.76503251,39.68276849,17.77936404,15.886824780000001,15.40489781,14.17772587,21.60567382,40.517740599999996,35.177412340000004,46.712904970000004,40.52193407,25.70398175,33.57688175,32.986130810000006,10.46841386,22.87503063,5.630199217,20.904008880000003,8.069224457,18.3097706,18.875906660000002,15.023733539999998,32.74048297,3.737454831,1.568617259,33.73789166,32.67224915,32.17541395,34.74609682,46.58918973,37.97099033,35.47876586,33.62277837,52.414146,12.95330725,33.19712499,34.562166420000004,18.09403151,54.80353159,40.521896289999994,33.165537040000004
Villarzel,48.73696327,35.286363980000004,34.07124842,32.93495185,31.034950939999998,34.180218610000004,67.63810554999999,34.466127910000004,34.20851391,33.85172956,35.612905590000004,63.74037519,34.39254976,33.33902937,60.32058533,67.59948968,40.98638349,31.6040176,48.426684110000004,40.79524085,29.93996762,21.42301528,24.4277088,56.54372917,32.30122881,40.989007969999996,66.98873437,54.25654085,33.39723854,56.194940949999996,33.784438779999995,30.252905159999997,49.94006953,47.771102850000005,33.231320229999994,32.29525687,31.87171716,33.81006643,47.64202796,34.69671441,31.94692437,12.741631069999999,8.210211236,35.36376836,32.53443881,21.54576394,64.15788255,34.147229720000006,40.7952424,32.182185860000004
Villeneuve,10.101296679999999,3.7394811679999997,5.726182741,26.40160164,9.080831474,17.37186471,53.893441120000006,26.271535059999998,27.302285530000002,6.263475042,3.358046364,54.99229399,25.81585554,27.31645229,49.270710279999996,53.91296868,2.125503024,8.342513793,9.763515879,1.920025695,47.86775486,47.04820372,49.188820140000004,48.62850268,18.823757420000003,35.80406671,53.95005858,45.36239415,44.32435105,58.90572371,27.467231039999998,10.906136570000001,42.864035,41.45335171,8.089394835,9.494003572,10.15528197,57.59769982,9.084912359,4.495264173,7.902859749,31.9105827,47.02978179,40.591266680000004,8.937784727,48.00799754,51.626222229999996,18.68976975,1.9200392480000001,9.193357166
Vinzel,55.03236909,49.24205115,47.05494472,28.96245189,45.91674037,65.07826186,9.140119881,27.896377830000002,27.52056235,46.45923203,50.10048432000001,4.83037645,28.21547888,28.182169610000003,2.408299131,9.06610094,49.834841569999995,46.304919690000006,54.77777467,49.88285821,36.96270765,45.78991164,44.74671645,3.23896874,34.57002645,18.86522896,8.124762834,5.512109162,29.83621384,17.74523993,27.76075489,44.1655781,9.682733405,11.84834771,44.56375022,43.70542413,43.306135600000005,44.54012625,54.83388928,48.524577619999995,46.5404135,47.03883707,65.67766631,25.35217959,44.17162424,46.694386290000004,5.676057278999999,66.25392134,49.8828179,44.21080536
Vuarrens,48.68500563,35.52135009,33.21659287,18.08563612,29.94436341,43.82725866,47.456180999999994,19.53757835,18.666913479999998,32.66216775,36.284070299999996,42.54353482,19.751406319999997,17.86013536,39.91557557,47.40351921,40.27929933,30.68948159,48.33677711,40.157611010000004,9.845761023,9.420386929000001,10.67180162,35.61962677,22.68489082,21.526501619999998,46.650841390000004,33.80344182,11.18881482,33.95666282,18.17244153,28.02312288,29.45485835,27.35104679,30.91884314,29.524154890000002,28.86905661,18.711673599999997,47.78821223,34.62486709,31.13382131,11.99832779,27.140053230000003,13.60212025,30.05159277,10.52414548,43.8723539,44.45055464,40.15759068,29.768733100000002
Vucherens,38.00670265,24.3672641,22.27284409,15.28089243,18.89734103,31.72575762,50.517979270000005,16.801761409999997,16.58201155,21.79510395,25.04557285,47.32781498,16.723689699999998,15.72459814,43.39427451,50.48612245,29.57232475,19.632142759999997,37.661998829999995,29.42510844,21.92430728,19.14597535,21.477351019999997,40.02267342,15.422681039999999,24.0667244,49.94929984,37.45848131,21.37405258,42.60801506,16.1731484,17.22604551,33.26071435,31.11200606,20.33695175,19.02643899,18.41711404,30.51450951,37.0312292,23.5173965,20.070729200000002,5.3255373740000005,25.18662239,20.86441926,19.47964571,20.07321237,47.12160242,32.37089034,29.42509418,19.15381752
Vufflens-la-Ville,44.49858486,33.68624122000001,31.17451818,9.815812519,28.66993254,46.660165379999995,32.89657461,10.231349340000001,9.109893751,30.52694016,34.581234380000005,28.67488293,10.67287076,8.930392354,25.42640321,32.84918243,36.841948450000004,29.31064936,44.165660089999996,36.78982978,16.87190641,23.15075419,23.08065681,21.474686310000003,17.37292437,6.8172866149999995,32.154060720000004,19.31133654,10.169523219999999,24.378667689999997,8.846801596999999,26.56748928,14.956474720000001,12.800521230000001,28.459184099999998,27.15597517,26.54376036,27.03200197,43.84306675,32.78452995,29.69497855,22.63816684,41.16629227,4.76349841,27.729886360000002,24.2002563,29.34272703,47.6157069,36.78979778,27.58754728
Vufflens-le-Château,45.25042581,36.28037724,33.845565089999994,13.10736909,31.9242562,50.80356528,25.137923139999998,12.50992439,11.76880774,33.20205736,37.183187870000005,21.3383173,12.92888406,12.19823019,17.70922187,25.09222354,38.392477480000004,32.45982954,44.940110950000005,38.38164612,23.13820271,30.523339909999997,30.12196744,14.03547782,20.079690760000002,2.416375019,24.41872365,11.622172930000001,15.79573012,20.74297994,11.84846394,29.932085609999998,7.31400571,5.147022349,31.147003809999998,30.014512009999997,29.48570206,32.62333,44.759558680000005,35.438135499999994,32.78300628,30.04480275,48.90143194,10.13763499,30.556068709999998,31.53599842,21.59859142,51.87119632,38.381609600000004,30.49802618
Vugelles-La Mothe,64.48563033,51.098475789999995,48.87954554,33.36919536,45.54834245,57.51123402,56.34935451,34.67478182,33.67326388,48.35191753,51.81837641,49.8192641,34.96051351,32.965257279999996,48.92026416,56.27777382,56.05162651,46.29282288,64.13780506,55.92150774,10.57928015,7.9284541719999995,5.418342794999999,44.0213312,38.59531738,33.6732695,55.34088339,43.22079183,17.970278529999998,36.247865850000004,33.20094187,43.71081005,39.25461721,37.49647287,46.69022819,45.309533349999995,44.6616036,5.855543579,63.56229812,50.221915,46.736802170000004,24.36604948,28.58268098,23.577644199999998,45.82072486,7.252120512,52.80892425,57.934005940000006,55.921489300000005,45.524246489999996
Vuiteboeuf,63.65030596,50.399816079999994,48.132361519999996,31.912661240000002,44.83063106,57.431648630000005,54.14729598,33.171050380000004,32.14407224,47.58859517,51.14199736,47.585359409999995,33.473916949999996,31.46448238,46.73189293,54.07519517,55.236762750000004,45.5761907,63.30210965,55.11276223,8.561442067,8.07175611,5.130707271,41.821374860000006,37.415597580000004,31.740963660000002,53.1336862,41.060858030000006,15.91529695,34.02893374999999,31.680133050000002,42.94528124,37.12534983,35.393200470000004,45.872981290000006,44.481674070000004,43.82822445,4.692919445999999,62.7477028,49.51211075,46.02079,24.28663263,30.03887594,21.59041701,45.00468045,7.672941386000001,50.61246641,57.90267964,55.112742420000004,44.71742466
Vulliens,37.37772613,23.67080658,21.63918418,15.98315264,18.25884726,30.61659632,51.40576205,17.474528730000003,17.31911749,21.18292285,24.32460689,48.32914522,17.37008186,16.476878669999998,44.325792650000004,51.375370710000006,28.96081317,18.98578039,37.034509899999996,28.8085607,23.04141585,19.95294063,22.36282112,41.01858651,15.57813427,25.03171098,50.85402431999999,38.41840868,22.57798832,43.78431092,16.926873800000003,16.66660053,34.244966919999996,32.10301964,19.80214677,18.52215588,17.929213769999997,31.50160678,36.3880448,22.83653006,19.41997706,5.218530681,24.77267037,22.04218212,18.95415102,20.8519507,48.02922436,31.245164850000002,28.80854782,18.62105944
Vullierens,47.41832333,37.19974508,34.69913146,13.20688224,32.35404184,50.619775049999994,29.70162457,13.255608969999999,12.21950618,34.049222500000006,38.10128329,24.933562440000003,13.71150695,12.26674948,22.1485011,29.64708106,40.02371325,32.96818066,47.09283348,39.98589438,17.72564007,25.32938109,24.79307778,17.87697393,20.775175790000002,5.891797414,28.87996647,16.048248530000002,10.386565880000001,20.2945258,12.075540160000001,30.27035587,11.72168147,9.673915588,31.97287987,30.71376964,30.122717509999998,27.27456973,46.82277216,36.31208801,33.33687347,26.59812849,44.669762320000004,4.7529738219999995,31.28163446,26.31752582,26.11146284,51.59997701,39.98586064,31.164068179999997
Vully-les-Lacs,68.25649496,55.30792642,54.35216023,52.79692412,51.47591575,50.696077530000004,85.90182524000001,54.36976824,53.956642370000004,54.19521338,55.523356379999996,81.01192054,54.357247810000004,53.06818568,78.38718659,85.85203836999999,60.95935945,51.99711893,67.96791603999999,60.76065096,42.6895452,32.853969740000004,35.00231811,74.1313989,52.93480451,59.52862664,85.1248547,72.26698967,48.45981814,70.5282984,53.49832388,50.852261299999995,67.90871356000001,65.77973035,53.748874259999994,52.88888125,52.49758633,41.48526806,67.14745379,54.80856537,52.310623729999996,32.58754698,12.70680363,52.056542549999996,53.091979200000004,32.26175244,82.33102198,50.26203787,60.760657200000004,52.74269015
Yens,48.23596127,39.81907446,37.415611770000005,16.99170719,35.61816857,54.586711949999994,21.91530477,16.30972618,15.627210269999999,36.77713326,40.71843638,17.55269815,16.714315019999997,16.0951185,14.37108699,21.86160135,41.66088954,36.13193119,47.93482222,41.661354679999995,24.92182244,33.02940122,32.32884954,10.30649699,23.78732828,6.257145818,21.10747578,8.260695526,17.5399273,17.619320220000002,15.73299925,33.656175239999996,3.935736074,2.028989356,34.73893454,33.64822658,33.138913540000004,33.7769006,47.800167880000004,38.99465642,36.44200353,33.734388460000005,52.29775223,12.37501052,34.17966123,33.995638379999995,18.32832818,55.66971982,41.6613172,34.13817173
Yverdon-les-Bains,57.70811984,44.19059607,42.02744968,28.02048122,38.67192069,50.31729284,54.8769392,29.449674220000002,28.54596483,41.51921059,44.887315820000005,49.065259579999996,29.677772649999998,27.759444820000002,47.320664629999996,54.8141705,49.26316491,39.41345177,57.36124682,49.125942779999995,9.664941772,0.733473473,2.422239088,42.65171566,32.48049688,30.25380602,53.96053374,41.34476457,16.094112080000002,37.49877297,28.05481698,36.89312915,37.126795660000006,35.16588854,39.92659633,38.5636021,37.924931799999996,12.051751410000001,56.7612586,43.327022559999996,39.855735110000005,17.17090772,23.82627378,20.839499240000002,39.05815608,0.8097364836000001,51.283409330000005,50.745362719999996,49.12592602,38.75102384
Yvonand,56.90540874,43.09854963,41.21679587,31.29702013,37.847984360000005,46.54488803,61.46534263,32.849354149999996,32.13637607,40.797542820000004,43.67788051,56.133126450000006,32.97741996,31.27178457,53.90137919,61.40889509,48.54788054,38.55689511,56.56641947999999,48.38702772,17.64200314,7.841463825,10.426383900000001,49.43508857,34.109836179999995,35.76468296,60.61661545,47.82040188,23.34127362,45.43314211,31.6417002,36.35738552,43.5009818,41.43511571,39.50433787,38.24234136,37.654962229999995,19.08386819,55.88565236,42.309614329999995,38.98033694,14.89443535,15.704249579999999,27.310828219999998,38.66357449,7.470767858,57.87035351,46.78422589,48.3870174,38.3265988
Yvorne,3.075286199,10.775721820000001,12.66412145,31.954674760000003,16.04424827,20.319353070000002,55.80204133,31.58239142,32.67537716,13.13786578,10.2939399,57.85272713,31.13034749,32.822182500000004,51.971582309999995,55.83310914,5.377622278,15.317756789999999,2.731635529,5.513915235000001,54.35859457,53.94447121,56.018097759999996,51.96191473,24.55565822,40.51299517,56.0059094,48.70948078,50.40638151,63.459997109999996,32.90883045,17.74735517,46.70375663,45.52273083,14.738450559999999,16.12469167,16.777149379999997,64.24529771,2.152111947,11.534711230000001,14.88539138,38.94547716,53.826816449999995,46.3106049,15.60782588,54.91891164,53.90113478999999,21.56696241,5.513931641,15.90384509
