OBJECTID;Facility;Address__Facility_;ZIP__Facility_;Town__Facility_;Canton__Facility_;Services__Facility_;Institution;Address__Institution_;Town__Institution_;Medic;Nursing_Staff;Medical_Staff_Other;Beds_Acute_Care;Beds_in_Psychiatric_Wards;Beds_in_Rehab;Beds_in_Birth_Centers;longitude;latitude;Beds_Aggregated;Beds_Total;Size_Category;Cost_per_Bed
604;AKIS Luzern;Kantonsspital 12;6000;Luzern 16;LU;Stat;Luzerner Psychiatrie AG;Schafmattstrasse 1;4915 St. Urban;92.35;367.58;197.82;;313;;;2664877.667;1212149.579;;;;
605;AMEOS Seeklinikum Brunnen AG;Gersauerstrasse 8;6440;Brunnen;SZ;Amb, Stat;AMEOS Seeklinikum Brunnen AG;Gersauerstrasse 8;6440 Brunnen;8.46;15.81;17.64;;73;;;2688674.678;1205676.934;;;;
606;AMEOS Spital Einsiedeln AG;Spitalstrasse 28;8840;Einsiedeln;SZ;Amb, Stat;AMEOS Spital Einsiedeln AG;Spitalstrasse 28;8840 Einsiedeln;20.07;108.84;51.91;65;;;;2698700.596;1220817.952;;;;
607;Adullam Spital, Basel;Mittlere Strasse 15;4056;Basel;BS;Amb, Stat;Adullam Spital;Mittlere Strasse 15;4056 Basel;32.73;132;55.21;35;;113;;2610602.503;1267690.722;;;;
608;Adullam Spital, Riehen;Schützengasse 60;4125;Riehen;BS;Amb, Stat;Adullam Spital;Mittlere Strasse 15;4056 Basel;32.73;132;55.21;35;;113;;2616315.117;1270573.213;;;;
609;Adus Medica AG;Breitestrasse 11;8157;Dielsdorf;ZH;Amb, Stat;Adus Medica AG;Breitestrasse 11;8157 Dielsdorf;4.46;11.92;3.76;9;;;;2676270.238;1259175.489;;;;
684;Biotonus;Rue Bon-Port 27;1820;Montreux;VD;Stat;Biotonus, Clinique Bon-Port SA centre de soins médicaux & esthétiques;Rue Bon-Port 27;1820 Montreux;2;15.73;7.2;30;;;;2560124.004;1142110.002;30;30;Small;97500
611;Amb. für Kinder und Jugendliche Freiamt;Zentralstrasse 20;5610;Wohlen;AG;Amb;Psychiatrische Dienste Aargau AG;Königsfelderstrasse 1;5210 Windisch;155.69;488.69;241.57;;489;;;2663386.248;1244701.52;;;;
612;Ambi Flawil;Magdenauerstrasse 1;9230;Flawil;SG;Amb;Kantonsspital St. Gallen;Rorschacher Strasse 95;9007 St. Gallen;905.01;1812.77;666.27;631;;;;2731942.746;1252832.168;;;;
613;Ambi Rorschach;Heidener Strasse 11;9400;Rorschach;SG;Amb;Kantonsspital St. Gallen;Rorschacher Strasse 95;9007 St. Gallen;905.01;1812.77;666.27;631;;;;2755320.38;1260138.326;;;;
614;Ambulante Psychiatrie und Psychotherapie Schwyz;Centralstrasse 5c;6410;Goldau;SZ;Amb;Triaplus AG;Widenstrasse 55;6317 Oberwil bei Zug;61.57;129.42;98.11;;145;;;2684445.631;1211609.629;;;;
615;Ambulante Psychiatrie und Psychotherapie Uri;Reussacherstrasse 32;6460;Altdorf UR;UR;Amb;Triaplus AG;Widenstrasse 55;6317 Oberwil bei Zug;61.57;129.42;98.11;;145;;;2690795.063;1192541.373;;;;
616;Ambulante Psychiatrie und Psychotherapie Zug;Rathausstrasse 1;6340;Baar;ZG;Amb;Triaplus AG;Widenstrasse 55;6317 Oberwil bei Zug;61.57;129.42;98.11;;145;;;2682397.496;1227653.519;;;;
617;Ambulante Reha Chur c/o Kantonsspital Graubünden;Loestrasse 99;7000;Chur;GR;Amb;Kliniken Valens;Taminaplatz 1;7317 Valens;46.6;202.5;136.72;;;246;;2759924.303;1192055.37;;;;
618;Ambulante Reha St.Gallen;Wassergasse 42;9000;St. Gallen;SG;Amb;Kliniken Valens;Taminaplatz 1;7317 Valens;46.6;202.5;136.72;;;246;;2745857.799;1253966.263;;;;
619;Ambulante Reha Triemli Zürich;Birmensdorferstrasse 497;8063;Zürich;ZH;Amb;Kliniken Valens;Taminaplatz 1;7317 Valens;46.6;202.5;136.72;;;246;;2679973.885;1246645.252;;;;
621;Ambulatorium + Tagesklinik Lenzburg;Niederlenzer Kirchweg 1;5600;Lenzburg;AG;Amb;Klinik Im Hasel AG;Hasel 837;5728 Gontenschwil;10.48;24.74;36.15;;71;;;2655419.356;1249167.88;;;;
622;Ambulatorium Aarau;Bahnhofplatz 3H;5001;Aarau;AG;Amb;Schützen Rheinfelden AG Klinik & Ambulatorium;Bahnhofstrasse 19;4310 Rheinfelden;26.38;60.53;57.44;;104;;;2646370.666;1249216.744;;;;
623;Ambulatorium Baden;Bahnhofplatz 1;5400;Baden;AG;Amb;Klinik Im Hasel AG;Hasel 837;5728 Gontenschwil;10.48;24.74;36.15;;71;;;2665570.113;1258734.717;;;;
624;Ambulatorium Baden;Brown Boveri Strasse 7;5400;Baden;AG;Amb;Psychiatrische Dienste Aargau AG;Königsfelderstrasse 1;5210 Windisch;155.69;488.69;241.57;;489;;;2665253.186;1259073.454;;;;
625;Ambulatorium Bern;Schläflistrasse 17;3013;Bern;BE;Amb;Privatklinik Wyss AG;Fellenbergstrasse 32;3053 Münchenbuchsee;26.96;78.96;30.29;;106;;;2600836.006;1200534.125;;;;
626;Ambulatorium Biel;Dählenweg 6;2503;Biel/Bienne;BE;Amb;Privatklinik Wyss AG;Fellenbergstrasse 32;3053 Münchenbuchsee;26.96;78.96;30.29;;106;;;2586472.096;1220273.641;;;;
627;Ambulatorium Burgdorf;Dunantstrasse 7b;3400;Burgdorf;BE;Amb;Universitäre Psychiatrische Dienste Bern (UPD) AG;Bolligenstrasse 111;3072 Ostermundigen;139.57;400.36;222.17;;364;;;2613352.755;1212550.729;;;;
628;Ambulatorium Hallerstrasse Bern Bern;Hallerstrasse 10;3012;Bern;BE;Amb;Universitäre Psychiatrische Dienste Bern (UPD) AG;Bolligenstrasse 111;3072 Ostermundigen;139.57;400.36;222.17;;364;;;2599724.088;1200170.894;;;;
629;Ambulatorium Herzogenbuchsee;Stelliweg 24;3360;Herzogenbuchsee;BE;Amb;SRO AG;St. Urbanstrasse 67;4900 Langenthal;169.4;376.2;161.88;126;34;;;2621240.999;1226832.002;;;;
630;Ambulatorium Hochdorf;Brauiplatz 8;6280;Hochdorf;LU;Amb;Luzerner Psychiatrie AG;Schafmattstrasse 1;4915 St. Urban;92.35;367.58;197.82;;313;;;2664609.263;1224416.643;;;;
631;Ambulatorium Huttwil;Spitalstrasse 51;4950;Huttwil;BE;Amb;SRO AG;St. Urbanstrasse 67;4900 Langenthal;169.4;376.2;161.88;126;34;;;2630365.049;1218470.468;;;;
632;Ambulatorium Klinik SGM Basel;Chrischonarain 137;4126;Bettingen;BS;Amb;Stiftung für ganzheitliche Medizin;Weissensteinstrasse 30;4900 Langenthal;23.25;34.72;32.77;;53;4;;2618116.013;1268921.392;;;;
633;Ambulatorium Klinik SGM Bern;Speichergasse 27;3011;Bern;BE;Amb;Stiftung für ganzheitliche Medizin;Weissensteinstrasse 30;4900 Langenthal;23.25;34.72;32.77;;53;4;;2600330.343;1199881.815;;;;
634;Ambulatorium Klinik SGM Meggen;Hauptstrasse 52;6045;Meggen;LU;Amb;Stiftung für ganzheitliche Medizin;Weissensteinstrasse 30;4900 Langenthal;23.25;34.72;32.77;;53;4;;2671047.582;1211022.784;;;;
635;Ambulatorium Klinik SGM Spiez;Seestrasse 2;3700;Spiez;BE;Amb;Stiftung für ganzheitliche Medizin;Weissensteinstrasse 30;4900 Langenthal;23.25;34.72;32.77;;53;4;;2618582.439;1170575.008;;;;
636;Ambulatorium Klinik SGM St. Gallen;Rorschacher Strasse 67;9000;St. Gallen;SG;Amb;Stiftung für ganzheitliche Medizin;Weissensteinstrasse 30;4900 Langenthal;23.25;34.72;32.77;;53;4;;2746780.82;1254814.992;;;;
637;Ambulatorium Langenthal;Marktgasse 18;4900;Langenthal;BE;Amb;SRO AG;St. Urbanstrasse 67;4900 Langenthal;169.4;376.2;161.88;126;34;;;2626519.648;1229074.022;;;;
638;Ambulatorium Leutschenbach Zentrum für Soziale Psychiatrie;Thurgauerstrasse 80;8050;Zürich;ZH;Amb;Psychiatrische Universitäts-Klinik Zürich;Lenggstrasse 31;8032 Zürich;247.33;809.71;311.97;;545;;;2684273.299;1252541.951;;;;
639;Ambulatorium Luzern;Löwengraben 20;6004;Luzern;LU;Amb;Luzerner Psychiatrie AG;Schafmattstrasse 1;4915 St. Urban;92.35;367.58;197.82;;313;;;2665726.504;1211668.687;;;;
640;Ambulatorium Luzern;Kantonsspital 12;6000;Luzern 16;LU;Amb;Luzerner Psychiatrie AG;Schafmattstrasse 1;4915 St. Urban;92.35;367.58;197.82;;313;;;2664903.188;1212158.77;;;;
641;Ambulatorium Löwen;Marktstrasse 8;5630;Muri AG;AG;Amb;Stiftung Spital Muri;Spitalstrasse 144;5630 Muri AG;104.19;236.05;121.29;101;;;;2668004.203;1236463.889;;;;
642;Ambulatorium Münsingen;Dorfmattweg 8a;3110;Münsingen;BE;Amb;Spital STS AG;Krankenhausstrasse 12;3600 Thun;257.51;667.97;228.11;242;0;;;2609103.534;1191361.162;;;;
643;Ambulatorium Niederbipp;Anternstrasse 24;4704;Niederbipp;BE;Amb;SRO AG;St. Urbanstrasse 67;4900 Langenthal;169.4;376.2;161.88;126;34;;;2618713.295;1235714.114;;;;
644;Ambulatorium Privatklinik Meiringen Bern;Speichergasse 27;3011;Bern;BE;Amb;Privatklinik Reichenbach bei Meiringen AG;Willigen;3860 Meiringen;36.86;143.78;42.24;;187;;;2599936.453;1199601.813;;;;
645;Ambulatorium Privatklinik Meiringen Interlaken;Untere Bönigstrasse 8;3800;Interlaken;BE;Amb;Privatklinik Reichenbach bei Meiringen AG;Willigen;3860 Meiringen;36.86;143.78;42.24;;187;;;2632865.797;1171032.639;;;;
646;Ambulatorium Rheinfelden;Kaiserstrasse 21;4310;Rheinfelden;AG;Amb;Schützen Rheinfelden AG Klinik & Ambulatorium;Bahnhofstrasse 19;4310 Rheinfelden;26.38;60.53;57.44;;104;;;2626462.199;1266840.127;;;;
647;Ambulatorium Sarnen;Brünigstrasse 183;6060;Sarnen;OW;Amb;Luzerner Psychiatrie AG;Schafmattstrasse 1;4915 St. Urban;92.35;367.58;197.82;;313;;;2661474.084;1193496.678;;;;
648;Ambulatorium Selhofen Bern;Effingerstrasse 33;3011;Bern;BE;Amb;Stiftung Klinik Selhofen;Emmentalstrasse 8;3400 Burgdorf;0.55;15;7.55;;31;;;2599491.81;1199403.873;;;;
649;Ambulatorium Selhofen Biel;Bahnhofstrasse 7;2502;Biel;BE;Amb;Stiftung Klinik Selhofen;Emmentalstrasse 8;3400 Burgdorf;0.55;15;7.55;;31;;;2585195.299;1220366.444;;;;
650;Ambulatorium Sursee;Surentalstrasse 10;6210;Sursee;LU;Amb;Luzerner Psychiatrie AG;Schafmattstrasse 1;4915 St. Urban;92.35;367.58;197.82;;313;;;2650924.938;1225448.474;;;;
651;Ambulatorium Südhang Bern;Effingerstrasse 33;3011;Bern;BE;Amb;Stiftung südhang Klinik für Suchttherapien;Südhang 1;3038 Kirchlindach;15.21;19;31.23;;72;;;2599491.81;1199403.873;;;;
652;Ambulatorium Südhang Biel;Bahnhofstrasse 7;2502;Biel/Bienne;BE;Amb;Stiftung südhang Klinik für Suchttherapien;Südhang 1;3038 Kirchlindach;15.21;19;31.23;;72;;;2585195.299;1220366.444;;;;
653;Ambulatorium Südhang Burgdorf;Kirchbergstrasse 97;3402;Burgdorf;BE;Amb;Stiftung südhang Klinik für Suchttherapien;Südhang 1;3038 Kirchlindach;15.21;19;31.23;;72;;;2613315.388;1212503.341;;;;
654;Ambulatorium Wolhusen;Gütsch 1 Josefshaus;6110;Wolhusen;LU;Amb;Luzerner Psychiatrie AG;Schafmattstrasse 1;4915 St. Urban;92.35;367.58;197.82;;313;;;2648395.841;1212182.336;;;;
655;Ambulatorium Zürich;Forchstrasse 364;8008;Zürich;ZH;Amb, Stat;Psychiatrische Dienste Aargau AG;Königsfelderstrasse 1;5210 Windisch;155.69;488.69;241.57;;489;;;2686046.885;1245214.722;;;;
656;Ambulatorium für Erwachsene Freiamt;Bahnhofstrasse 6;5610;Wohlen;AG;Amb;Psychiatrische Dienste Aargau AG;Königsfelderstrasse 1;5210 Windisch;155.69;488.69;241.57;;489;;;2662953.012;1244620.563;;;;
657;Ambulatorium für Kinder und Jugendliche Aarau;Küttigerstrasse 42;5000;Aarau;AG;Amb;Psychiatrische Dienste Aargau AG;Königsfelderstrasse 1;5210 Windisch;155.69;488.69;241.57;;489;;;2645599.548;1249994.338;;;;
658;Ambulatorium für Konsiliar- und Alterspsychiatrie Dättwil;Husmatt 1;5405;Baden-Dättwil;AG;Amb;Psychiatrische Dienste Aargau AG;Königsfelderstrasse 1;5210 Windisch;155.69;488.69;241.57;;489;;;2663622.396;1256367.086;;;;
659;Ambulatorium für forensische Psychiatrie und Psychotherapie;Südbahnhofstrasse 14D;3007;Bern;BE;Amb;Universitäre Psychiatrische Dienste Bern (UPD) AG;Bolligenstrasse 111;3072 Ostermundigen;139.57;400.36;222.17;;364;;;2599425.155;1198219.587;;;;
660;Ambulatorium und Station Biel;Vogelsang 84;2501;Biel/Bienne;BE;Amb, Stat;PZM Psychiatriezentrum Münsingen AG;Hunzigenallee 1;3110 Münsingen;66.04;259.39;93.11;;333;;;2585312.151;1221705.327;;;;
661;Ambulatorium und Tagesklinik Biel;Kloosweg 24;2502;Biel/Bienne;BE;Amb;Universitäre Psychiatrische Dienste Bern (UPD) AG;Bolligenstrasse 111;3072 Ostermundigen;139.57;400.36;222.17;;364;;;2585673.13;1221826.376;;;;
662;Ambulatorium und Tagesklinik Burgdorf;Kirchbergstrasse 97;3400;Burgdorf;BE;Amb;Regionalspital Emmental AG;Oberburgstrasse 54;3400 Burgdorf;194.41;438.78;154.7;152;51;;;2613315.344;1212503.34;;;;
663;Ambulatorium und Tagesklinik Langenthal;Aarwangenstrasse 20;4900;Langenthal;BE;Amb;SRO AG;St. Urbanstrasse 67;4900 Langenthal;169.4;376.2;161.88;126;34;;;2626507.776;1229462.975;;;;
664;Ambulatorium und Tagesklinik Steffisburg;Aumattweg 66;3612;Steffisburg;BE;Amb;Spital STS AG;Krankenhausstrasse 12;3600 Thun;257.51;667.97;228.11;242;0;;;2613714.256;1180451.688;;;;
665;Ambulatorium und Tagesklinik für Erwachsene Aarau;Bleichemattstrasse 16;5000;Aarau;AG;Amb;Psychiatrische Dienste Aargau AG;Königsfelderstrasse 1;5210 Windisch;155.69;488.69;241.57;;489;;;2645656.044;1249059.648;;;;
666;Ambulatorium und Tageszentrum Fricktal;Baslerstrasse 8;4310;Rheinfelden;AG;Amb;Psychiatrische Dienste Aargau AG;Königsfelderstrasse 1;5210 Windisch;155.69;488.69;241.57;;489;;;2626113.915;1266859.088;;;;
667;Ambulatorium, Tagesklinik und Station Olvido Spiez;General-Guisanstrasse 2;3700;Spiez;BE;Amb, Stat;Universitäre Psychiatrische Dienste Bern (UPD) AG;Bolligenstrasse 111;3072 Ostermundigen;139.57;400.36;222.17;;364;;;2618319.451;1171132.426;;;;
668;Ambulatorium/Tageskl. Liestal;Spitalstrasse 1;4410;Liestal;BL;Amb;Psychiatrie Baselland;Bienentalstrasse 7;4410 Liestal;91.78;245.48;132.61;;246;;;2622050.78;1259754.581;;;;
669;Ambulatorium/Tageskl. Münchenst.;Emil Frey-Strasse 55;4142;Münchenstein;BL;Amb;Psychiatrie Baselland;Bienentalstrasse 7;4410 Liestal;91.78;245.48;132.61;;246;;;2613032.408;1264391.981;;;;
670;Andreas Klinik;Rigistrasse 1;6340;Cham;ZG;Amb, Stat;Andreas Klinik;Rigistrasse 1;6330 Cham;10.93;138.33;26.84;56;;;;2677092.454;1226055.193;;;;
671;Asana Spital Leuggern AG;Kommendeweg 12;5316;Leuggern;AG;Amb, Stat;Asana Spital Leuggern AG;Kommendeweg 12;5316 Leuggern;27.95;108.59;33.12;42;;;;2658585.543;1270288.92;;;;
672;Asana Spital Menziken AG;Spitalstrasse 1;5737;Menziken;AG;Amb, Stat;Asana Spital Menziken AG;Spitalstrasse 1;5737 Menziken;24.3;62.63;37.99;34;;;;2656920.804;1233094.981;;;;
673;Augenpraxis Baar;Bahnhofstrasse 14;6340;Baar;ZG;Amb;LUKS Spitalbetriebe AG;Spitalstrasse;6004 Luzern;1111.49;2535.92;762.34;671;;61;;2682167.944;1227659.42;;;;
674;Balgrist Flughafen Zürich;Circle 59;8058;Zürich-Flughafen;ZH;Amb;Universitätsklinik Balgrist;Forchstrasse 340;8008 Zürich;173.39;298.12;188.17;100;;29;;2685007.95;1256069.451;;;;
675;Bellikon;Mutschellenstrasse 2;5454;Bellikon;AG;Amb, Stat;Rehaklinik Bellikon;Mutschellenstrasse 2;5454 Bellikon;45.75;193.47;179.96;;;231;;2668323.36;1249005.155;;;;
676;Berit Klinik AG;Vögelinsegg 5;9042;Speicher;AR;Amb, Stat;Berit Klinik AG;Vögelinsegg 5;9042 Speicher;11.78;128.8;55.36;70;;26;;2750843.607;1253521.755;;;;
677;Berit Klinik AG Rehabiliation & Kur;Steinweg 1;9052;Niederteufen;AR;Amb, Stat;Berit Klinik AG;Vögelinsegg 5;9042 Speicher;11.78;128.8;55.36;70;;26;;2745276.452;1250586.114;;;;
678;Berit Klinik AG Ärztezentrum im Hamel;Stickereistrasse 4;9320;Arbon;TG;Amb;Berit Klinik AG;Vögelinsegg 5;9042 Speicher;11.78;128.8;55.36;70;;26;;2750162.077;1264141.192;;;;
679;Berit Klinik Goldach;Klosterstrasse 19;9403;Goldach;SG;Amb, Stat;Berit Klinik Goldach;Klosterstrasse 19;9403 Goldach;4;2.72;3.42;0;;;;2753463.265;1260269.156;;;;
680;Berit Klinik Wattwil;Steig 48;9630;Wattwil;SG;Amb, Stat;Berit Klinik Wattwil;Steig 48;9630 Wattwil;5.48;17.8;12.33;14;16;;;2724459.069;1239911.841;;;;
681;Berner Klinik Montana;Imp. Palace Bellevue 1;3963;Crans-Montana;VS;Amb, Stat;Berner Klinik Montana (Stiftung);Spitalackerstr. 74;3011 Bern;;;;;;;;2603687.614;1129126.198;;;;
682;Berner Reha Zentrum;Schwendi 303;3625;Heiligenschwendi;BE;Amb, Stat;Berner Reha Zentrum AG;Schwendi 303;3625 Heiligenschwendi;29.98;134.61;55.3;;;181;;2619469.348;1177642.272;;;;
683;Bethesda Spital;Gellertstrasse 144;4052;Basel;BS;Amb, Stat;Bethesda Spital AG;Gellertstrasse 144;4052 Basel;59.42;213.89;87.52;57;;40;;2613455.836;1266379.354;;;;
699;Centre Hospitalier Universitaire Vaudois;Rue du Bugnon 21;1011;Lausanne;VD;Amb, Stat;CHUV Centre Hospitalier Universitaire Vaudois;Rue du Bugnon 21;1011 Lausanne;1983.73;3664.13;1986.64;867;320;113;;2538698.004;1152910;1300;1175;Major Center;5170000
685;Brig - Verwaltung SZO;Spitalstrasse 7;3900;Brig;VS;;Spital Wallis - Spitalzentrum Oberwallis (SZO);Pflanzettastrasse 8;3930 Visp;182.57;409.53;108.36;179;40;50;;2641824.003;1129802.005;;;;
686;Bruderholz;;4101;Bruderholz;BL;Amb, Stat;Kantonsspital Baselland;Mühlemattstrasse 26;4410 Liestal;418.48;1042.04;457.26;426;;104;;2610775.648;1264149.308;;;;
687;Bürgenstock Hotels AG Waldhotel Health & Medical Excellence Rehabilitationsklinik;Bürgenstock 30;6363;Obbürgen;NW;Stat;Bürgenstock Hotels AG - Waldhotel Health & Medical Excellence Rehabilitationsklinik;Bürgenstock 30;6363 Obbürgen;2.26;6.77;2.42;0;;13;;2671965.771;1205515.207;;;;
688;Bürgerspital Solothurn;Schöngrünstrasse 36a;4500;Solothurn;SO;Amb, Stat;Solothurner Spitäler AG;Schöngrünstrasse 36a;4500 Solothurn;620.24;1438.16;466.03;460;140;;;2607570.379;1227667.347;;;;
996;Psychiatrie Nord CPNVD;Avenue des Sports 12B;1400;Yverdon-les-Bains;VD;Amb, Stat;CHUV Centre Hospitalier Universitaire Vaudois;Rue du Bugnon 21;1011 Lausanne;1983.73;3664.13;1986.64;867;320;113;;2539580.999;1181501.002;1300;50;Small;162500
690;CNP CUP;Maladière 45;2000;Neuchâtel;NE;Amb;CNP Centre Neuchâtelois de psychiatrie;;2017 Boudry;91.36;198.22;68.65;;106;;;2562277.629;1205143.086;;;;
691;CNP Site de CPCL;Vieux-Châtel 18-20;2000;Neuchâtel;NE;Amb;CNP Centre Neuchâtelois de psychiatrie;;2017 Boudry;91.36;198.22;68.65;;106;;;2562009.885;1205087.003;;;;
692;CNP Site de CPCM;Rue de la Jardinière 157a;2300;La Chaux-de-Fonds;NE;Amb;CNP Centre Neuchâtelois de psychiatrie;;2017 Boudry;91.36;198.22;68.65;;106;;;2552508.66;1216079.447;;;;
693;CNP Site de Préfargier;Site de Préfargier;2074;Marin-Epagnier;NE;Amb, Stat;CNP Centre Neuchâtelois de psychiatrie;;2017 Boudry;91.36;198.22;68.65;;106;;;2567297.543;1206222;;;;
694;Campus Brugg-Windisch;Bahnhofstrasse 5a;5210;Windisch;AG;Amb;aarReha Schinznach Zentrum für Rehabilitation;Badstrasse 55;5116 Schinznach Bad;24.8;101.25;58.09;;;139;;2658213.677;1259285.989;;;;
695;Cardiocentro Ticino (CCT);Via Tesserete 48;6900;Lugano;TI;Amb, Stat;EOC Ente ospedaliero cantonale;Viale Officina 3;6500 Bellinzona;913.99;2022.74;643.79;858;;120;;2717325.7;1097467.811;;;;
696;Center da Sanadad Savognin;Stradung 52;7460;Savognin;GR;Amb, Stat;Center da Sanadad Savognin SA;Stradung 52;7460 Savognin;6.79;11.34;8.59;7;;;;2765671.859;1162713.232;;;;
697;Center da Sanda Val Müstair;Via Val Müstair 186;7536;Sta. Maria V. M.;GR;Amb, Stat;Center da Sanda Val Müstair Akutabteilung;Via Val Müstair 186;7536 Sta. Maria V. M.;7.36;6.52;8.25;4;;;;2829335.069;1166102.68;;;;
698;Centrale Servizi Industriali;via Chiasso 22;6710;Biasca;TI;;EOC Ente ospedaliero cantonale;Viale Officina 3;6500 Bellinzona;913.99;2022.74;643.79;858;;120;;2718331.721;1133494.68;;;;
997;Psychiatrie Ouest Hôpital de Prangins;Chemin Oscar Forel 3;1197;Prangins;VD;Amb, Stat;CHUV Centre Hospitalier Universitaire Vaudois;Rue du Bugnon 21;1011 Lausanne;1983.73;3664.13;1986.64;867;320;113;;2509154.004;1139236.001;1300;75;Moderate;157500
700;Centre de physiothérapie ambulatoire;Rue de Lyon 77;1203;Genève;GE;Amb;Clinique de Maisonneuve SA;Avenue de Châtelaine 60­62;1219 Châtelaine;1.93;30.07;20.24;;;45;;2498672.056;1118275.184;;;;
701;Centro Sanitario Bregaglia Reparto Acuto;Flin;7606;Promontogno;GR;Amb, Stat;Centro Sanitario Bregaglia Reparto Acuto;Flin;7606 Promontogno;3.12;24.11;8;4;;;;2761982.044;1133873.081;;;;
702;Centro Sanitario Valposchiavo Ospedale San Sisto;Via da li Clüsüri 1;7742;Poschiavo;GR;Amb, Stat;Centro Sanitario Valposchiavo Ospedale San Sisto;Via da li Clüsüri 1;7742 Poschiavo;1.91;15.14;9.32;12;;;;2802009.567;1133513.263;;;;
722;Clinique Bois-Bougy;Avenue de Bois-Bougy 6;1260;Nyon;VD;Amb, Stat;Clinique Bois-Bougy Sàrl;Avenue de Bois­Bougy 6;1260 Nyon;6.48;41.86;16.47;;;84;;2506917.96;1136418.002;84;84;Moderate;176400
704;Chrysalide;Rue de la Paix 99;2300;La Chaux-de-Fonds;NE;Amb, Stat;Réseau hospitalier neuchâtelois RHNe;Maladière 45;2000 Neuchâtel;429.33;1041.97;321.97;317;;100;;2553053.784;1216626.753;;;;
723;Clinique Bois-Cerf;Avenue d'Ouchy 31;1006;Lausanne;VD;Amb, Stat;Clinique Bois-Cerf;Avenue d'Ouchy 31;1006 Lausanne;5.65;113.21;64.4;68;;;;2537982.885;1151497.132;68;68;Moderate;142800
706;Clienia Littenheid AG;Hauptstrasse 130;9573;Littenheid;TG;Amb, Stat;Clienia Littenheid AG Klinik für Psychiatrie und Psychotherapie;Hauptstrasse 130;9573 Littenheid;72.26;238.33;83.43;;253;;;2718439.992;1255626.244;;;;
707;Clienia Schlössli AG;Schlösslistrasse 8;8618;Oetwil am See;ZH;Amb, Stat;Clienia Schlössli AG;Schlösslistrasse 8;8618 Oetwil am See;72.95;238.74;67.61;;250;;;2696949.436;1236119.372;;;;
708;Clinic Bad Ragaz;Hans Albrecht-Strasse 2;7310;Bad Ragaz;SG;Stat;Kliniken Valens;Taminaplatz 1;7317 Valens;46.6;202.5;136.72;;;246;;2757029.489;1207434.892;;;;
709;Clinica Ars Medica;Via Grumo 16;6929;Gravesano;TI;Amb, Stat;SMN - Clinica Ars Medica;Via Grumo 16;6929 Gravesano;7.38;75.54;43.51;60;;;;2714985.256;1099790.953;;;;
710;Clinica Dr. Spinedi c/o Clinica Santa Croce;Via al Parco 27;6644;Orselina;TI;Stat;Clinica Dr Spinedi c/o Clinica Santa Croce SA a.c.a. sig. Luca Santagostino;Via al Parco 27;6644 Orselina;0.25;0.8;0;15;;;;2704949.804;1115035.202;;;;
711;Clinica Fondazione Varini;Via Consiglio Mezzano 38;6644;Orselina;TI;Amb, Stat;Clinica Fondazione G. Varini;Via Consiglio Mezzano 38;6644 Orselina;4.32;48.14;5.94;10;;;;2705112.372;1114933.171;;;;
712;Clinica Hildebrand Centro di riabilitazione;Via Crodolo 18;6614;Brissago;TI;Amb, Stat;Clinica Hildebrand - Centro di riabilitazione Brissago;Via Crodolo 18;6614 Brissago;17.4;134.98;75.67;;;120;;2698601.954;1108843.983;;;;
713;Clinica Holistica Susch;Plaz 40;7542;Susch;GR;Amb, Stat;Clinica Holistica Engiadina SA;Plaz 40;7542 Susch;6.05;0;27.55;;55;;;2801754.777;1180958.875;;;;
714;Clinica Moncucco;Via Soldino 5;6900;Lugano;TI;Amb, Stat;Gruppo ospedaliero Moncucco Clinica Moncucco;Via Soldino 5;6900 Lugano;84.37;353.79;81.41;183;;;;2716296.179;1095934.891;;;;
715;Clinica Riabilitazione EOC Sede di Novaggio;;6986;Novaggio;TI;Amb, Stat;EOC Ente ospedaliero cantonale;Viale Officina 3;6500 Bellinzona;913.99;2022.74;643.79;858;;120;;2709360.531;1096375.889;;;;
716;Clinica Sant'Anna;Via Sant'Anna 1;6924;Sorengo;TI;Amb, Stat;SMN - Clinica Sant'Anna;Via Sant'Anna 1;6924 Sorengo;12.81;79.8;19.23;70;;;;2716231.878;1095386.34;;;;
717;Clinica Santa Chiara;Via Stefano Franscini 4;6600;Locarno;TI;Amb, Stat;Gruppo ospedaliero Moncucco Clinica Santa Chiara SA;Via Moncucco 10;6900 Lugano;22.62;94.32;19.61;100;;;;2705152.097;1113749.134;;;;
718;Clinica Santa Croce SA;Via al Parco 27;6644;Orselina;TI;Amb, Stat;Clinica Santa Croce SA;Via al Parco 27;6644 Orselina;13.81;50.24;6.87;;82;;;2704949.804;1115035.202;;;;
719;Clinica Viarnetto SA;Via Ceresio 34 b;6963;Pregassona;TI;Stat;Clinica Viarnetto SA;Via Ceresio 34b;6963 Pregassona;10.05;26.84;3.67;;47;;;2718449.257;1097594.924;;;;
720;Clinica psichiatrica cantonale;Via Agostino Maspoli;6850;Mendrisio;TI;Amb, Stat;Clinica psichiatrica cantonale;Via Agostino Maspoli;6850 Mendrisio;21.74;131.56;9.86;;146;;;2719455.435;1079988.353;;;;
721;Clinique Belmont;Route de Chêne 26;1207;Genève;GE;Amb, Stat;Clinique Belmont;Route de Chêne 26;1207 Genève;3.29;17.6;7.94;;24;;;2501751.244;1117287.605;;;;
725;Clinique Cecil;Avenue Louis-Ruchonnet 53;1003;Lausanne;VD;Amb, Stat;Clinique Cecil;Avenue Louis-Ruchonnet 53;1003 Lausanne;4.47;196.33;65.29;86;;;;2537335.999;1152432.003;86;86;Moderate;180600
689;CIC;Rue du Grammont 2;1815;Clarens;VD;Amb, Stat;Clinique CIC Riviera;Rue du Grammont 2;1815 Clarens;0;45.71;4.81;35;;;;2557986.009;1143430.389;35;35;Small;113750
724;Clinique CIC Valais SA;route du Léman 29;1907;Saxon;VS;Amb, Stat;Clinique CIC Valais SA;Route du Léman 29;1907 Saxon;0;34.75;3.47;27;;;;2578804.371;1110286.372;;;;
741;Clinique de la Source;Avenue Vinet 30;1004;Lausanne;VD;Amb, Stat;Clinique de La Source;Avenue Vinet 30;1004 Lausanne;0;225.36;81.65;93;;;;2537793.003;1153196.003;93;93;Moderate;195300
726;Clinique Générale Beaulieu;Chemin de Beau-Soleil 20;1206;Genève;GE;Amb, Stat;Clinique Générale-Beaulieu;Chemin de Beau­Soleil 20;1206 Genève;2.68;208.36;41.07;110;;;;2501428.709;1116055.653;;;;
727;Clinique Générale Ste-Anne;Rue Hans-Geiler 6;1700;Fribourg;FR;Amb, Stat;SMN - Clinique Générale - Ste-Anne SA;Rue Hans­Geiler 6;1700 Fribourg;0;61.18;12.91;57;;;;2578308.003;1183213.449;;;;
728;Clinique La Colline;Avenue de Beau-Séjour 6;1206;Genève;GE;Amb, Stat;Clinique la Colline;Avenue de Beau­Séjour 6;1206 Genève;0.23;138.01;25.82;80;;;;2500511.253;1116368.191;;;;
744;Clinique la Lignière;La Lignière 5;1196;Gland;VD;Amb, Stat;Clinique la Lignière;La Lignière 5;1196 Gland;11.84;54.55;29.89;;15;79;;2511657.001;1142318;94;94;Moderate;197400
730;Clinique Le Noirmont;Chemin de Roc-Montès 20;2340;Le Noirmont;JU;Amb, Stat;Clinique le Noirmont;Chemin de Roc­Montès 20;2340 Le Noirmont;12.58;48.15;18.6;;;90;;2563745.319;1231197.42;;;;
731;Clinique Les Hauts d'Anières;Chemin des Courbes 9;1247;Anières;GE;Amb, Stat;Clinique Les Hauts d'Anières;Chemin des Courbes 9;1247 Anières;2.66;30.16;12.23;;;53;;2506809.749;1126114.383;;;;
732;Clinique Montbrillant;Rue de la Montagne 1;2300;La Chaux-de-Fonds;NE;Amb, Stat;SMN - Neuchâtel;Faubourg de l'Hôpital 81;2000 Neuchâtel;2.21;102.17;18.77;74;;;;2552985.423;1217345.074;;;;
733;Clinique St-Amé;Vers Saint-Amé 10;1890;St-Maurice;VS;Amb, Stat;Hôpital du Valais - Centre hospitalier du Valais Romand CHVR;Avenue du Grand-Champsec 80;1950 Sion;555.77;1385.2;321.14;452;154;145;;2566024.136;1118074.4;;;;
729;Clinique La Prairie;Rue du Lac 142;1815;Clarens;VD;Amb, Stat;Clinique la Prairie SA;Rue du Lac 142;1815 Clarens;0;22.49;20.22;34;;;;2557396.341;1143703.733;34;34;Small;110500
745;Clinique la Métairie;Avenue de Bois-Bougy 8;1260;Nyon;VD;Amb, Stat;Clinique Privée La Métairie Sàrl;Avenue de Bois­Bougy 8;1260 Nyon;6.86;44.9;13.54;;74;;;2506895.001;1136512;74;74;Moderate;155400
736;Clinique de Maisonneuve SA;Avenue de Châtelaine 60-62;1219;Châtelaine;GE;Amb, Stat;Clinique de Maisonneuve SA;Avenue de Châtelaine 60­62;1219 Châtelaine;1.93;30.07;20.24;;;45;;2497804.135;1118615.888;;;;
817;Hôpital de Gilly;Rte du Pavillon 12;1182;Gilly;VD;Amb, Stat;EHC Ensemble hospitalier de la Côte;Chemin du Crêt 2;1110 Morges;212.66;577.06;145.43;216;;59;;2512939;1147176;275;40;Small;130000
738;Clinique de Valère;Rue de Pré-Fleuri 16;1950;Sion;VS;Amb, Stat;SMN - Clinique de Valère;Rue de Pré­Fleuri 16;1950 Sion;2;76.65;16.15;60;;;;2593693.003;1119887.003;;;;
739;Clinique de jour Bienne;Chemin de Fléoles 2;2503;Biel/Bienne;BE;Amb;Réseau de l'Arc SA;Les Fontenayes 17;2610 St-Imier;152.88;421.68;100.6;87;88;8;;2586002.186;1219723.479;;;;
740;Clinique de la Plaine;Rue Charles-Humbert 5;1205;Genève;GE;Amb, Stat;Clinique de la Plaine;Rue Charles­Humbert 5;1205 Genève;1.35;15.33;0.17;6;;;;2499647.444;1117344.932;;;;
823;Hôpital de Morges;Chemin du Crêt 2;1110;Morges;VD;Amb, Stat;EHC Ensemble hospitalier de la Côte;Chemin du Crêt 2;1110 Morges;212.66;577.06;145.43;216;;59;;2527964.998;1152764.004;275;215;Big;838500
742;Clinique des Grangettes SA;Chemin des Grangettes 7;1224;Chêne-Bougeries;GE;Amb, Stat;Clinique des Grangettes SA;Chemin des Grangettes 7;1224 Chêne­Bougeries;11.27;303.28;67.17;115;;;;2502991.631;1117262.304;;;;
743;Clinique du Grand-Salève Sàrl;Avenue du Grand-Salève 2;1255;Veyrier;GE;Stat;Clinique du Grand-Salève Sàrl;Avenue du Grand-Salève 2;1255 Veyrier;1.98;27.51;5.29;;30;12;;2502993.133;1113685.88;;;;
835;Hôptial d'Aubonne;Rue de Trévelin 67;1170;Aubonne;VD;Amb, Stat;EHC Ensemble hospitalier de la Côte;Chemin du Crêt 2;1110 Morges;212.66;577.06;145.43;216;;59;;2519347.998;1149438.003;275;20;Small;65000
814;Hôpital d'Orbe;Chemin de la Magnenette 2;1350;Orbe;VD;Amb, Stat;Etablissements Hospitaliers du Nord Vaudois (eHnv);Rue d'Entremonts 11;1400 Yverdon­les­Bains;178.81;589.79;109.07;195;20;73;;2530835.002;1175774.001;288;20;Small;65000
746;Clinique romande de réadaptation;Avenue du Grand-Champsec 90;1950;Sion;VS;Amb, Stat;Clinique romande de réadaptation CRR (Suva);Avenue du Grand­Champsec 90;1950 Sion;44.89;103.36;103.59;;;148;;2596146.001;1120502.003;;131.6270567;;
747;Clinque de jour Bévilard;Champ de Chin 18;2735;Bévilard;BE;Amb;Réseau de l'Arc SA;Les Fontenayes 17;2610 St-Imier;152.88;421.68;100.6;87;88;8;;2588718.677;1231804.262;;46.06946984;;
748;Daler;Route de Bertigny 34;1700;Fribourg;FR;Amb, Stat;Hôpital Jules Daler;Route de Bertigny 34;1700 Fribourg;0;144.59;15.28;57;;;;2577279.465;1183379.37;;52.65082267;;
749;Dialysezentrum Oerlikon;Andreasstrasse 5;8050;Zürich;ZH;Amb;Stadtspital Zürich;Birmensdorferstrasse 497;8063 Zürich;653.76;1388.26;430.28;538;;;;2683666.055;1251949.712;;37.90859232;;
750;Direzione Generale EOC;Viale Officina 3;6500;Bellinzona;TI;;EOC Ente ospedaliero cantonale;Viale Officina 3;6500 Bellinzona;913.99;2022.74;643.79;858;;120;;2722574.789;1117398.822;;19.7440585;;
751;Drop-in;Bruchstrasse 29a;6007;Luzern;LU;Amb;Luzerner Psychiatrie AG;Schafmattstrasse 1;4915 St. Urban;92.35;367.58;197.82;;313;;;2665465.335;1211387.629;;131.6270567;;
752;EP Klinik Psychiatrie /Psychotherapie;Bienentalstrasse 7;4410;Liestal;BL;Amb, Stat;Psychiatrie Baselland;Bienentalstrasse 7;4410 Liestal;91.78;245.48;132.61;;246;;;2621697.892;1259910.989;;46.06946984;;
753;EP Zentrum für psychische Gesundheit;Hauptstrasse 34;4102;Binningen;BL;Amb;Psychiatrie Baselland;Bienentalstrasse 7;4410 Liestal;91.78;245.48;132.61;;246;;;2610183.691;1265690.726;;52.65082267;;
754;Engeriedspital;Riedweg 15;3012;Bern;BE;Amb, Stat;Lindenhofgruppe AG;Bremgartenstrasse 117;3012 Bern;80.75;945.88;159.5;333;;;;2599916.223;1201001.547;;37.90859232;;
755;Ergolz-Klinik;Hammerstrasse 35;4410;Liestal;BL;Amb, Stat;Ergolz-Klinik;Hammerstrasse 35;4410 Liestal;0.9;6.6;3.7;21;;;;2621574.692;1261004.972;;19.7440585;;
815;Hôpital d'Yverdon-les-Bains;Rue d'Entremonts 11;1400;Yverdon-les-Bains;VD;Amb, Stat;Etablissements Hospitaliers du Nord Vaudois (eHnv);Rue d'Entremonts 11;1400 Yverdon­les­Bains;178.81;589.79;109.07;195;20;73;;2539519.999;1180398.001;288;132;Moderate;277200
757;Estavayer-le-Lac;Rue de la Rochette;1470;Estavayer-le-Lac;FR;Amb, Stat;Hôpital Intercantonal de la Broye (HIB);Avenue de la Colline 3;1530 Payerne;106.36;251.44;80.18;105;;47;;2554728.287;1188971.878;;46.06946984;;
758;Eulachklinik AG;Brunngasse 6;8400;Winterthur;ZH;Amb, Stat;Eulachklinik AG;Brunngasse 6;8400 Winterthur;0;0.72;1.33;0;;;;2696941.608;1262391.868;;52.65082267;;
759;Fachspital Sune-Egge;Konradstrasse 62;8005;Zürich;ZH;Amb, Stat;Sune-Egge;Konradstrasse 62;8005 Zürich;5.66;30.55;4.89;25;;;;2682729.683;1248456.342;;37.90859232;;
760;Fachärztezentrum Glatt;Neue Winterthurerstrasse 99;8304;Wallisellen;ZH;Amb;Kantonsspital Winterthur;Brauerstrasse 15;8400 Winterthur;579.42;1468.94;383.92;347;12;;;2687316.827;1251554.406;;19.7440585;;
761;Felix Platter-Spital;Burgfelderstrasse 101;4055;Basel;BS;Amb, Stat;Felix Platter-Spital;Burgfelderstrasse 101;4055 Basel;69.96;357.04;119.01;138;38;128;;2609443.526;1268243.135;;131.6270567;;
762;Flury Stiftung Spital Schiers;;7220;Schiers;GR;Amb, Stat;Flury Stiftung Spital Schiers;;7220 Schiers;28.82;85.64;29.35;32;;;;2771051.072;1204642.501;;46.06946984;;
816;Hôpital de Chamblon;Route de l'Hôpital 3;1436;Chamblon;VD;Amb, Stat;Etablissements Hospitaliers du Nord Vaudois (eHnv);Rue d'Entremonts 11;1400 Yverdon­les­Bains;178.81;589.79;109.07;195;20;73;;2536613.668;1181270.487;288;53;Moderate;111300
764;Forel Klinik AG Ambulatorium;Sihlquai 255;8005;Zürich;ZH;Amb;Forel Klinik AG;Islikonerstrasse 5;8548 Ellikon an der Thur;9.64;24.3;40.35;;102;;;2682735.151;1246870.178;;37.90859232;;
765;Forel Klinik AG Tagesklinik;Sihlquai 255;8005;Zürich;ZH;Amb;Forel Klinik AG;Islikonerstrasse 5;8548 Ellikon an der Thur;9.64;24.3;40.35;;102;;;2682305.08;1249115.46;;19.7440585;;
766;Forel Klinik AG stationär;Islikonerstrasse 5;8548;Ellikon an der Thur;ZH;Amb, Stat;Forel Klinik AG;Islikonerstrasse 5;8548 Ellikon an der Thur;9.64;24.3;40.35;;102;;;2704399.427;1268700.435;;131.6270567;;
767;Forensisch-psychiatrische Tagesklinik Regionalgefängnis Burgdorf;Dunantstrasse 9;3400;Burgdorf;BE;Amb;Universitäre Psychiatrische Dienste Bern (UPD) AG;Bolligenstrasse 111;3072 Ostermundigen;139.57;400.36;222.17;;364;;;2613288.979;1212682.788;;46.06946984;;
768;Forensischer Dienst;Hobacherweg 2;6010;Kriens;LU;Amb;Luzerner Psychiatrie AG;Schafmattstrasse 1;4915 St. Urban;92.35;367.58;197.82;;313;;;2663468.178;1209591.017;;52.65082267;;
769;Frauen-Permanence Zürich;Goethestrasse 24;8001;Zürich;ZH;Amb;Spital Zollikerberg;Trichtenhauserstrasse 20;8125 Zollikerberg;178.14;484.39;75.01;170;;;;2683829.699;1246738.967;;37.90859232;;
770;Frauenarztpraxis Bremgarten;Sonnengutstrasse 4;5620;Bremgarten AG;AG;Amb;Stiftung Spital Muri;Spitalstrasse 144;5630 Muri AG;104.19;236.05;121.29;101;;;;2668675.92;1244901.937;;19.7440585;;
771;Frick;Mühlegasse 18;5070;Frick;AG;Amb;Privatklinik SALINA Salina Medizin AG;Roberstenstrasse 31;4310 Rheinfelden;9.98;27.17;46.17;;;39;;2643546.545;1262171.389;;131.6270567;;
772;GZF, Fachärztehaus Frick;Mühlegasse 18;5070;Frick;AG;Amb;Gesundheitszentrum Fricktal;Riburgerstrasse 12;4310 Rheinfelden;122.87;283.39;106.91;129;;;;2643546.545;1262171.389;;46.06946984;;
773;GZF, Spital Laufenburg;Spitalstrasse 10;5080;Laufenburg;AG;Amb, Stat;Gesundheitszentrum Fricktal;Riburgerstrasse 12;4310 Rheinfelden;122.87;283.39;106.91;129;;;;2647078.732;1268140.986;;52.65082267;;
774;GZF, Spital Rheinfelden;Riburgerstrasse 12;4310;Rheinfelden;AG;Amb, Stat;Gesundheitszentrum Fricktal;Riburgerstrasse 12;4310 Rheinfelden;122.87;283.39;106.91;129;;;;2627703.548;1267223.616;;37.90859232;;
775;GZO Spital Wetzikon;Spitalstrasse 66;8620;Wetzikon ZH;ZH;Amb, Stat;GZO Spital Wetzikon;Spitalstrasse 66;8620 Wetzikon ZH;125.28;335.99;56.93;129;;;;2703103.064;1242079.588;;19.7440585;;
776;Geburtshaus Delphys;Badenerstrasse 177;8003;Zürich;ZH;Amb, Stat;Geburtshaus Delphys;Badenerstrasse 177;8003 Zürich;0;8;0;;;;4;2681686.653;1247622.32;;131.6270567;;
777;Geburtshaus Luna Bern;Oberdorfstrasse 56;3072;Ostermundigen;BE;Amb, Stat;Geburtshaus Luna AG;Oberdorfstrasse 56;3072 Ostermundigen;0;17.83;0.13;;;;5;2603947.314;1200355.894;;46.06946984;;
778;Geburtshaus Maternité Alpine;Eggetlistrasse 5a;3770;Zweisimmen;BE;Amb, Stat;Genossenschaft Geburtshaus Simmental-Saaneland - Maternité Alpine;Eggetlistrasse 5a;3770 Zweisimmen;0;7.83;0;;;;2;2595038.993;1156595.044;;52.65082267;;
779;Geburtshaus St.Gallen;Lindenstrasse 71;9000;St. Gallen;SG;Amb, Stat;Geburtshaus St.Gallen GmbH;Lindenstrasse 71;9000 St. Gallen;0;15.38;0;;;;5;2747451.366;1255430.971;;37.90859232;;
780;Geburtshaus Stans GmbH;Hansmatt 13a;6370;Stans;NW;Amb, Stat;Geburtshaus Stans GmbH;Hansmatt 13a;6370 Stans;0;5.52;0;;;;3;2669657.234;1202224.727;;19.7440585;;
781;Geburtshaus Tagmond;Liestalerstrasse 21;4133;Pratteln;BL;Amb, Stat;Geburtshaus Tagmond GmbH;Liestalerstrasse 21;4133 Pratteln;0;7.07;0;;;;3;2619835.733;1263023.833;;131.6270567;;
782;Geburtshaus Terra Alta Luzern;Reckenbühlstr.14/St.Karlistr.37;6005;Luzern;LU;Amb, Stat;Geburtshaus Terra Alta;Schellenrain 20;6208 Oberkirch LU;0;29.73;0.44;;;;9;2665551.865;1210812.048;;46.06946984;;
783;Geburtshaus Terra Alta Oberkirch;Schellenrain 20;6208;Oberkirch LU;LU;Amb, Stat;Geburtshaus Terra Alta;Schellenrain 20;6208 Oberkirch LU;0;29.73;0.44;;;;9;2650115.252;1223646.099;;52.65082267;;
784;Geburtshaus Winterthur AG;Lindstrasse 16;8400;Winterthur;ZH;Amb, Stat;Geburtshaus Winterthur AG;Lindstrasse 16;8400 Winterthur;0;11.32;0;;;;2;2697237.815;1262385.955;;37.90859232;;
785;Geburtshaus Zürcher Oberland  AG;Schürlistrasse 3;8344;Bäretswil;ZH;Amb, Stat;Geburtshaus Zürcher Oberland AG;Schürlistrasse 3;8344 Bäretswil;0;17.48;0;;;;8;2706466.173;1243345.362;;19.7440585;;
786;Geburtshaus ambra GmbH;Unterdorfstrasse 25;4443;Wittinsburg;BL;Amb, Stat;Geburtshaus ambra GmbH;Unterdorfstrasse 25;4443 Wittinsburg;;;;;;;;2630405.782;1252636.779;;131.6270567;;
787;Geissbergstrasse 81;Geissbergstrasse 81;8208;Schaffhausen;SH;Amb, Stat;Spitäler Schaffhausen;Geissbergstrasse 81;8208 Schaffhausen;160.49;481.39;208.68;167;62;32;;2689977.481;1285217.835;;46.06946984;;
788;Gemeindepsychiatrisches Zentrum Morgenstrasse Bern;Morgenstrasse 83;3018;Bern;BE;Amb, Stat;Universitäre Psychiatrische Dienste Bern (UPD) AG;Bolligenstrasse 111;3072 Ostermundigen;139.57;400.36;222.17;;364;;;2596585.475;1198571.761;;52.65082267;;
789;Geriatrische Klinik St.Gallen;Rorschacher Strasse 94;9000;St. Gallen;SG;Amb, Stat;Geriatrische Klinik St. Gallen;Rorschacher Strasse 94;9000 St. Gallen;25.02;129.47;35.85;98;;;;2747149.003;1254957.047;;37.90859232;;
790;Gesundheitszentrum Psychiatrie Kornhausgasse;Kornhausgasse 7;4051;Basel;BS;Amb;Universitäre Psychiatrische Kliniken Basel;Wilhelm Klein­Strasse 27;4056 Basel;108.17;342.12;189.18;;325;;;2610907.366;1267302.422;;19.7440585;;
791;GiA Luzern;Voltastrasse 42;6005;Luzern;LU;Amb;Luzerner Psychiatrie AG;Schafmattstrasse 1;4915 St. Urban;92.35;367.58;197.82;;313;;;2665799.095;1210248.644;;131.6270567;;
792;GiA Sursee;Surentalstrasse 10;6210;Sursee;LU;Amb;Luzerner Psychiatrie AG;Schafmattstrasse 1;4915 St. Urban;92.35;367.58;197.82;;313;;;2650924.938;1225448.474;;46.06946984;;
828;Hôpital de Saint-Loup;Route de St-Loup 13;1318;Pompaples;VD;Amb, Stat;Etablissements Hospitaliers du Nord Vaudois (eHnv);Rue d'Entremonts 11;1400 Yverdon­les­Bains;178.81;589.79;109.07;195;20;73;;2528465.587;1168770.391;288;53;Moderate;111300
794;HFR Fribourg - Hôpital cantonal;Chemin des Pensionnats 2-6;1708;Fribourg;FR;Amb, Stat;HFR - Hôpital fribourgeois;Case postale;1708 Fribourg;598.06;1306.83;313.49;471;;124;;2577048.198;1183430.675;;37.90859232;;
795;HFR Meyriez-Murten;Chemin du Village 24;3280;Murten;FR;Amb, Stat;HFR - Hôpital fribourgeois;Case postale;1708 Fribourg;598.06;1306.83;313.49;471;;124;;2574804.586;1196862.385;;19.7440585;;
796;HFR Riaz;Rue de l'Hôpital 9;1632;Riaz;FR;Amb, Stat;HFR - Hôpital fribourgeois;Case postale;1708 Fribourg;598.06;1306.83;313.49;471;;124;;2571052.128;1165624.718;;131.6270567;;
797;HFR Tafers;Maggenberg 1;1712;Tafers;FR;Amb, Stat;HFR - Hôpital fribourgeois;Case postale;1708 Fribourg;598.06;1306.83;313.49;471;;124;;2582704.555;1184398.99;;46.06946984;;
798;HNZB Münsterlingen;Spitalstrasse 15;8596;Münsterlingen;TG;Amb, Stat;Herz-Neuro-Zentrum Bodensee AG;Spitalstrasse 15;8596 Münsterlingen;29.27;68.21;37.87;28;;;;2735250.592;1276975.425;;52.65082267;;
973;Permanence de Cossonay;Route d'Aubonne 2;1304;Cossonay;VD;Amb;Etablissements Hospitaliers du Nord Vaudois (eHnv);Rue d'Entremonts 11;1400 Yverdon­les­Bains;178.81;589.79;109.07;195;20;73;;2528441.96;1162968.003;288;38;Small;123500
800;HUG - Clinique de Crans-Montana Réadaptation;Impasse Clairmont 2;3963;Crans-Montana;VS;Stat;Les Hôpitaux Universitaires de Genève HUG;Rue Gabrielle­Perret­Gentil 4;1205 Genève;2093.97;5629.54;1336.21;1149;283;375;;2604278.653;1129436.471;;;;
801;HUG - Clinique de Joli-Mont - Réadaptation;Av. Jean-Trembley 45;1209;Genève;GE;Stat;Les Hôpitaux Universitaires de Genève HUG;Rue Gabrielle­Perret­Gentil 4;1205 Genève;2093.97;5629.54;1336.21;1149;283;375;;2498104.84;1119722.976;;;;
802;HUG - Réadaptation;Rue Gabrielle-Perret-Gentil 4;1205;Genève;GE;Amb, Stat;Les Hôpitaux Universitaires de Genève HUG;Rue Gabrielle­Perret­Gentil 4;1205 Genève;2093.97;5629.54;1336.21;1149;283;375;;2500451.002;1116615.634;;;;
803;HUG - Soins aigus;Rue Gabrielle-Perret-Gentil 4;1205;Genève;GE;Amb, Stat;Les Hôpitaux Universitaires de Genève HUG;Rue Gabrielle­Perret­Gentil 4;1205 Genève;2093.97;5629.54;1336.21;1149;283;375;;2500451.002;1116615.634;;;;
804;HUG - Soins psychiatriques;Rue Gabrielle-Perret-Gentil 4;1205;Genève;GE;Amb, Stat;Les Hôpitaux Universitaires de Genève HUG;Rue Gabrielle­Perret­Gentil 4;1205 Genève;2093.97;5629.54;1336.21;1149;283;375;;2500451.002;1116615.634;;;;
805;Heiden;Hasenbühlstrasse 11;9410;Heiden;AR;Amb, Stat;Hirslanden Klinik Am Rosenberg AG;Hasenbühlstrasse 11;9410 Heiden;6.04;69.04;13.31;35;;;;2757492.998;1257164.471;;;;
806;Hirslanden Klinik Aarau;Schänisweg 1;5001;Aarau;AG;Amb, Stat;Hirslanden Klinik Aarau;Schänisweg 1;5000 Aarau;14.19;384.54;93.22;155;;;;2645608.497;1249057.672;;;;
807;Hirslanden Klinik Birshof;Reinacherstrasse 28;4142;Münchenstein;BL;Amb, Stat;Hirslanden Klinik Birshof;Reinacherstrasse 28;4142 Münchenstein;10.77;90.71;53.31;54;;;;2612519.905;1264119.723;;;;
808;Hirslanden Klinik Meggen;Huobmattstrasse 9;6045;Meggen;LU;Amb, Stat;Hirslanden Klinik St. Anna AG;St. Anna­Strasse 32;6006 Luzern;85.62;469.05;164.58;213;;;;2671545.604;1211433.051;;;;
809;Hirslanden Klinik St. Anna AG;St. Anna-Strasse 32;6006;Luzern;LU;Amb, Stat;Hirslanden Klinik St. Anna AG;St. Anna­Strasse 32;6006 Luzern;85.62;469.05;164.58;213;;;;2667408.343;1212293.285;;;;
810;Hirslanden Klinik Stephanshorn;Brauerstrasse 95;9016;St. Gallen;SG;Amb, Stat;Hirslanden Klinik Stephanshorn;Brauerstrasse 95;9016 St. Gallen;38.99;230.82;63.73;88;;;;2748832.831;1256839.133;;;;
811;Hirslanden Seefeld;Seefeldstrasse 214;8008;Zürich;ZH;Amb;Klinik Hirslanden AG;Witellikerstrasse 40;8008 Zürich;131.32;793.79;203.79;331;;;;2684625.558;1245277.383;;;;
812;Hochgebirgsklinik Davos;Herman-Burchard-Strasse 1;7265;Davos Wolfgang;GR;Amb, Stat;Hochgebirgsklinik Davos AG;Herman­Burchard­Strasse 1;7265 Davos Wolfgang;54.45;110.72;65.11;1;45;118;;2784435.884;1189317.859;;;;
813;Hof Weissbad AG;Im Park 1;9057;Weissbad;AI;Stat;Hof Weissbad AG Nachbehandlungs-Zentrum;Im Park 1;9057 Weissbad;1.07;5.71;8.57;;;19;;2750785.537;1241770.26;;;;
763;Fondation Rive-Neuve;Chemin des Cuarroz 57;1807;Blonay;VD;Amb, Stat;Fondation Rive-Neuve - Unité de Soins Palliatifs;Chemin des Cuarroz 57;1807 Blonay;3.72;35.21;3.89;18;;2;;2557231;1145981.002;20;20;Small;65000
825;Hôpital de Nyon;Chemin Monastier 10;1260;Nyon;VD;Amb, Stat;Groupement Hospitalier de l'Ouest Lémanique (GHOL) SA;Chemin Monastier 10;1260 Nyon;92.76;344.66;61.47;141;;24;;2506830.003;1137618.002;165;120;Moderate;252000
826;Hôpital de Rolle;Route de l'Hôpital 26;1180;Rolle;VD;Amb, Stat;Groupement Hospitalier de l'Ouest Lémanique (GHOL) SA;Chemin Monastier 10;1260 Nyon;92.76;344.66;61.47;141;;24;;2516134.002;1146492.001;165;45;Small;146250
735;Clinique de Genolier;Route du Muids 3;1272;Genolier;VD;Amb, Stat;GSMN Schweiz SA - Clinique de Genolier;Route du Muids 3;1272 Genolier;16.16;100.5;47.68;112;;;;2506121.001;1144523.002;112;112;Moderate;235200
818;Hôpital de La Providence;Faubourg de l'Hôpital 81;2000;Neuchâtel;NE;Amb, Stat;SMN - Neuchâtel;Faubourg de l'Hôpital 81;2000 Neuchâtel;2.21;102.17;18.77;74;;;;2562008.789;1205021.137;;;;
819;Hôpital de La Tour;Avenue Jacob-Daniel Maillard 3;1217;Meyrin;GE;Amb, Stat;Hôpital de la Tour;Avenue Jacob­Daniel Maillard 3;1217 Meyrin;45.21;432.49;119.61;143;;;;2494200.753;1120644.001;;;;
737;Clinique de Montchoisi;Chemin des Allinges 10;1006;Lausanne;VD;Amb, Stat;GSMN Schweiz SA - Clinique de Montchoisi;Chemin des Allinges 10;1006 Lausanne;0;41.14;19.88;29;;;;2538370.998;1151258.001;29;29;Small;94250
821;Hôpital de Malévoz - IPVR;Route de Morgins 10;1870;Monthey;VS;Amb, Stat;Hôpital du Valais - Centre hospitalier du Valais Romand CHVR;Avenue du Grand-Champsec 80;1950 Sion;555.77;1385.2;321.14;452;154;145;;2561873.999;1122920.001;;;;
822;Hôpital de Martigny;Av. de la Fusion 27 Case postale;1920;Martigny;VS;Amb, Stat;Hôpital du Valais - Centre hospitalier du Valais Romand CHVR;Avenue du Grand-Champsec 80;1950 Sion;555.77;1385.2;321.14;452;154;145;;2571300.913;1105381.907;;;;
734;Clinique Valmont;Route de Valmont;1823;Glion;VD;Amb, Stat;GSMN Schweiz SA - Clinique Valmont;Route de Valmont;1823 Glion;4.85;36.38;42.8;;;59;;2560965.78;1141779.107;59;59;Moderate;123900
824;Hôpital de Moutier;Beausite 49;2740;Moutier;BE;Amb, Stat;Réseau de l'Arc SA;Les Fontenayes 17;2610 St-Imier;152.88;421.68;100.6;87;88;8;;2595137.271;1236783.036;;;;
820;Hôpital de Lavaux;Chemin des Colombaires 31;1096;Cully;VD;Amb, Stat;Hôpital de Lavaux;Chemin des Colombaires 31;1096 Cully;10.21;80.31;19.96;10;;46;;2545231.999;1149050.003;56;56;Moderate;117600
948;Moudon;Avenue de Cerjat 6;1510;Moudon;VD;Amb;Hôpital Intercantonal de la Broye (HIB);Avenue de la Colline 3;1530 Payerne;106.36;251.44;80.18;105;;47;;2551244.961;1168880.001;152;105;Moderate;220500
827;Hôpital de Saint-Imier;Les Fontenayes 17;2610;St-Imier;BE;Amb, Stat;Réseau de l'Arc SA;Les Fontenayes 17;2610 St-Imier;152.88;421.68;100.6;87;88;8;;2565490.363;1222035.004;;;;
972;Payerne;Avenue de la Colline 3;1530;Payerne;VD;Amb, Stat;Hôpital Intercantonal de la Broye (HIB);Avenue de la Colline 3;1530 Payerne;106.36;251.44;80.18;105;;47;;2562405.998;1185424.003;152;47;Small;152750
829;Hôpital de Sierre;Rue St-Charles 14;3960;Sierre;VS;Amb, Stat;Hôpital du Valais - Centre hospitalier du Valais Romand CHVR;Avenue du Grand-Champsec 80;1950 Sion;555.77;1385.2;321.14;452;154;145;;2606391.135;1126753.915;;;;
830;Hôpital de Sion Champsec;Av. du Grand-Champsec 80;1951;Sion;VS;Amb, Stat;Hôpital du Valais - Centre hospitalier du Valais Romand CHVR;Avenue du Grand-Champsec 80;1950 Sion;555.77;1385.2;321.14;452;154;145;;2596019.906;1120354.746;;;;
831;Hôpital de la Providence Service de dialyse;Chasseral 20;2300;La Chaux-de-Fonds;NE;Amb;SMN - Neuchâtel;Faubourg de l'Hôpital 81;2000 Neuchâtel;2.21;102.17;18.77;74;;;;2553953.177;1218217.012;;;;
833;Hôpital ophtalmique Jules-Gonin;Avenue de France 15;1004;Lausanne;VD;Amb, Stat;Hôpital Ophtalmique Jules Gonin Fondation Asile des Aveugles;Avenue de France 15;1004 Lausanne;59.99;85.55;47.3;9;;;;2537438.998;1152918.001;9;9;Small;29250
610;Aigle Pôle Physio-Ergo d'Aigle;Chemin de la Valerette 1;1860;Aigle;VD;Amb;Hôpital Riviera-Chablais Vaud-Valais;Route du Vieux Séquoia 20;1847 Rennaz;303.87;811.47;148.47;289;;92;;2563637.958;1128742.004;381;21;Small;68250
947;Mottex Réadaptation/gériatrie;Chemin de Mottex 25;1807;Blonay;VD;Amb, Stat;Hôpital Riviera-Chablais Vaud-Valais;Route du Vieux Séquoia 20;1847 Rennaz;303.87;811.47;148.47;289;;92;;2557475.961;1145610.001;381;42;Small;136500
994;Providence Permanence médicale Riviera Réadaptation/gériatrie;Avenue de la Prairie 3;1800;Vevey;VD;Amb, Stat;Hôpital Riviera-Chablais Vaud-Valais;Route du Vieux Séquoia 20;1847 Rennaz;303.87;811.47;148.47;289;;92;;2555111.96;1145345.002;381;64;Moderate;134400
836;Inselspital;Freiburgstrasse 18;3010;Bern;BE;Amb, Stat;Insel Gruppe AG (universitär);Freiburgstrasse 18;3010 Bern;1566.75;2889.65;1135.69;899;;18;;2599009.846;1199631.17;;254;;254
837;Institut für Radiologie Leuggern c/o Asana Spital;Kommendeweg 12;5316;Leuggern;AG;Amb;Kantonsspital Baden AG;Im Ergel;5404 Baden;459.39;927.92;408.43;370;;;;2658608.126;1270287.648;;0;;0
1024;Rennaz Centre hospitalier de Rennaz;Route du Vieux Séquoia 20;1847;Rennaz;VD;Amb, Stat;Hôpital Riviera-Chablais Vaud-Valais;Route du Vieux Séquoia 20;1847 Rennaz;303.87;811.47;148.47;289;;92;;2560179.958;1136600.001;381;254;Big;990600
839;Ita Wegman Ambulatorium;Viaduktstrasse 12;4051;Basel;BS;Amb;Klinik Arlesheim AG;Pfeffingerweg 1;4144 Arlesheim;81.4;135.06;66.3;42;47;;;2611179.397;1266525.186;;;;
840;Jugendpsychiatrische Th.station;Fenkernstrasse 15;6010;Kriens;LU;Amb, Stat;Luzerner Psychiatrie AG;Schafmattstrasse 1;4915 St. Urban;92.35;367.58;197.82;;313;;;2663698.823;1209468.21;;;;
841;KAP Hegibach;Minervastrasse 145;8032;Zürich;ZH;Amb, Stat;Psychiatrische Universitäts-Klinik Zürich;Lenggstrasse 31;8032 Zürich;247.33;809.71;311.97;;545;;;2684721.252;1246407.383;;;;
842;KJP Ambulatorium Laufen;Im Grossen Grien 6;4242;Laufen;BL;Amb;Psychiatrie Baselland;Bienentalstrasse 7;4410 Liestal;91.78;245.48;132.61;;246;;;2604723.357;1251896.012;;;;
843;KJP Ambulatorium Liestal;Goldbrunnenstrasse 11;4410;Liestal;BL;Amb;Psychiatrie Baselland;Bienentalstrasse 7;4410 Liestal;91.78;245.48;132.61;;246;;;2621349.295;1259832.748;;;;
844;KJP Klinik für Psychiatrie /Psychotherapiestation;Goldbrunnenstrasse 11;4410;Liestal;BL;Stat;Psychiatrie Baselland;Bienentalstrasse 7;4410 Liestal;91.78;245.48;132.61;;246;;;2621349.295;1259832.748;;;;
845;KJP Zentrum für psychische Gesundheit;Hauptstrasse 34;4102;Binningen;BL;Amb;Psychiatrie Baselland;Bienentalstrasse 7;4410 Liestal;91.78;245.48;132.61;;246;;;2610183.691;1265690.726;;;;
846;KJPD;Promenadenstrasse 21;8200;Schaffhausen;SH;Amb;Spitäler Schaffhausen;Geissbergstrasse 81;8208 Schaffhausen;160.49;481.39;208.68;167;62;32;;2689313.345;1283386.871;;;;
847;KJPD-Ambulatorium;Kantonsspital 13;6000;Luzern 16;LU;Amb;Luzerner Psychiatrie AG;Schafmattstrasse 1;4915 St. Urban;92.35;367.58;197.82;;313;;;2664914.467;1212202.547;;;;
848;KJPD-Ambulatorium Hochdorf;Brauiplatz 8;6280;Hochdorf;LU;Amb;Luzerner Psychiatrie AG;Schafmattstrasse 1;4915 St. Urban;92.35;367.58;197.82;;313;;;2664609.263;1224416.643;;;;
849;KJPD-Ambulatorium Sarnen;Brünigstrasse 183;6060;Sarnen;OW;Amb;Luzerner Psychiatrie AG;Schafmattstrasse 1;4915 St. Urban;92.35;367.58;197.82;;313;;;2661474.084;1193496.678;;;;
850;KJPD-Ambulatorium Sursee;Surentalstrasse 10;6210;Sursee;LU;Amb;Luzerner Psychiatrie AG;Schafmattstrasse 1;4915 St. Urban;92.35;367.58;197.82;;313;;;2650924.938;1225448.474;;;;
851;KJPD-Ambulatorium Wolhusen;Gütsch 1 Josefshaus;6110;Wolhusen;LU;Amb;Luzerner Psychiatrie AG;Schafmattstrasse 1;4915 St. Urban;92.35;367.58;197.82;;313;;;2648395.841;1212182.336;;;;
852;KJPP Zürich;Neumünsterallee 3;8032;Zürich;ZH;Amb, Stat;Psychiatrische Universitäts-Klinik Zürich;Lenggstrasse 31;8032 Zürich;247.33;809.71;311.97;;545;;;2684485.822;1246355.484;;;;
853;KSB City;Mellingerstrasse 18;5400;Baden;AG;Amb;Kantonsspital Baden AG;Im Ergel;5404 Baden;459.39;927.92;408.43;370;;;;2665248.606;1258191.636;;;;
854;KSK Diessenhofen;St. Katharinental;8253;Diessenhofen;TG;Amb, Stat;Spital Thurgau AG Klinik St. Katharinental;St. Katharinental;8253 Diessenhofen;17.63;79.42;32.87;;;84;;2697442.784;1283096.637;;;;
855;Kantonsspital Aarau AG;Tellstrasse 25;5001;Aarau;AG;Amb, Stat;Kantonsspital Aarau AG;Tellstrasse 25;5000 Aarau;759.49;1376.62;543.37;451;;;;2646931.66;1248829.529;;;;
856;Kantonsspital Aarau AG Lenzburg;Dammweg 19;5600;Lenbzurg;AG;Amb;Kantonsspital Aarau AG;Tellstrasse 25;5000 Aarau;759.49;1376.62;543.37;451;;;;2655553.45;1249112.528;;;;
857;Kantonsspital Baden;Im Ergel 1;5404;Baden;AG;Amb, Stat;Kantonsspital Baden AG;Im Ergel;5404 Baden;459.39;927.92;408.43;370;;;;2663342.712;1256244.701;;;;
858;Kantonsspital Frauenfeld KSF;Pfaffenholzstrasse 4, Postfach;8501;Frauenfeld;TG;Amb, Stat;Spital Thurgau AG Kantonsspitäler Frauenfeld & Münsterlingen;Waldeggstrasse 8a;8501 Frauenfeld;456.74;1153.28;333.38;483;;;;2710784.5;1267537.291;;;;
859;Kantonsspital Glarus Akutsomatik;Burgstrasse 99;8750;Glarus;GL;Amb, Stat;Kantonsspital Glarus;Burgstrasse 99;8750 Glarus;102.39;190.15;81.7;68;11;;;2723652.311;1211818.671;;;;
860;Kantonsspital Glarus Psychiatrie;Burgstrasse 99;8750;Glarus;GL;Amb, Stat;Kantonsspital Glarus;Burgstrasse 99;8750 Glarus;102.39;190.15;81.7;68;11;;;2723652.311;1211818.671;;;;
861;Kantonsspital Graubünden;Loestrasse 170;7000;Chur;GR;Amb, Stat;Kantonsspital Graubünden;Loestrasse 170;7000 Chur;415.98;797.25;304.78;305;;;;2760196.04;1192494.832;;;;
862;Kantonsspital Münsterlingen KSM;Spitalcampus 1;8596;Münsterlingen;TG;Amb, Stat;Spital Thurgau AG Kantonsspitäler Frauenfeld & Münsterlingen;Waldeggstrasse 8a;8501 Frauenfeld;456.74;1153.28;333.38;483;;;;2735218.318;1277053.826;;;;
863;Kantonsspital Obwalden;Brünigstrasse 181;6060;Sarnen;OW;Amb, Stat;Kantonsspital Obwalden;Brünigstrasse 181;6060 Sarnen;71.96;150.7;60.89;51;;;;2661534.533;1193423.883;;;;
864;Kantonsspital Olten;Baslerstrasse 150;4600;Olten;SO;Amb, Stat;Solothurner Spitäler AG;Schöngrünstrasse 36a;4500 Solothurn;620.24;1438.16;466.03;460;140;;;2635181.499;1245210.007;;;;
865;Kantonsspital St. Gallen;Rorschacher Strasse 95;9007;St. Gallen;SG;Amb, Stat;Kantonsspital St. Gallen;Rorschacher Strasse 95;9007 St. Gallen;905.01;1812.77;666.27;631;;;;2747016.041;1255229.838;;;;
866;Kantonsspital Uri;Spitalstrasse 1;6460;Altdorf UR;UR;Amb, Stat;Kantonsspital Uri;Spitalstrasse 1;6460 Altdorf UR;61.38;192.04;71.01;57;;;;2691376.516;1193085.687;;;;
867;Kantonsspital Winterthur;Brauerstrasse 15;8400;Winterthur;ZH;Amb, Stat;Kantonsspital Winterthur;Brauerstrasse 15;8400 Winterthur;579.42;1468.94;383.92;347;12;;;2697194.232;1262598.591;;;;
868;Kinder- und Jugendpsychiatrie Schwyz;Bahnhofstrasse 1;6410;Goldau;SZ;Amb;Triaplus AG;Widenstrasse 55;6317 Oberwil bei Zug;61.57;129.42;98.11;;145;;;2684391.185;1211501.061;;;;
869;Kinder- und Jugendpsychiatrie Uri;Reussacherstrasse 32;6460;Altdorf UR;UR;Amb;Triaplus AG;Widenstrasse 55;6317 Oberwil bei Zug;61.57;129.42;98.11;;145;;;2690795.063;1192541.373;;;;
870;Kinder- und Jugendpsychiatrie Zug;Rathausstrasse 1;6340;Baar;ZG;Amb;Triaplus AG;Widenstrasse 55;6317 Oberwil bei Zug;61.57;129.42;98.11;;145;;;2682397.496;1227653.519;;;;
871;Kinderpsychiatrische Th.station;Fenkernstrasse 15;6010;Kriens;LU;Amb, Stat;Luzerner Psychiatrie AG;Schafmattstrasse 1;4915 St. Urban;92.35;367.58;197.82;;313;;;2663698.823;1209468.21;;;;
872;Klinik Adelheid AG;Höhenweg 71;6314;Unterägeri;ZG;Amb, Stat;Klinik Adelheid AG;Höhenweg 71;6314 Unterägeri;17.74;120.13;46.38;;;137;;2687418.382;1221769.273;;;;
873;Klinik Althaus und Tagesklinik Grünthalhaus Bern;Bolligenstrasse 141;3000;Bern 60;BE;Amb, Stat;Universitäre Psychiatrische Dienste Bern (UPD) AG;Bolligenstrasse 111;3072 Ostermundigen;139.57;400.36;222.17;;364;;;2603187.986;1201614.069;;;;
874;Klinik Arlesheim AG;Pfeffingerweg 1;4144;Arlesheim;BL;Amb, Stat;Klinik Arlesheim AG;Pfeffingerweg 1;4144 Arlesheim;81.4;135.06;66.3;42;47;;;2613277.441;1260347.446;;;;
875;Klinik Barmelweid;;5017;Barmelweid;AG;Amb, Stat;Klinik Barmelweid AG;;5017 Barmelweid;52.07;180.06;91.18;6;100;163;;2640217.604;1252431.029;;;;
876;Klinik Barmelweid Ambulatorium Aarau;Ziegelrain 1;5000;Aarau;AG;Amb;Klinik Barmelweid AG;;5017 Barmelweid;52.07;180.06;91.18;6;100;163;;2645741.558;1249149.071;;;;
877;Klinik Barmelweid Ambulatorium Brugg c/o Medizinisches Zentrum;Fröhlichstrasse 7;5200;Brugg;AG;Amb;Klinik Barmelweid AG;;5017 Barmelweid;52.07;180.06;91.18;6;100;163;;2657655.763;1259397.411;;;;
878;Klinik Barmelweid Ambulatorium Frick;Dammstrasse 3;5070;Frick;AG;Amb;Klinik Barmelweid AG;;5017 Barmelweid;52.07;180.06;91.18;6;100;163;;2643209.963;1261763.738;;;;
879;Klinik Beau-Site;Schänzlihalde 11;3013;Bern;BE;Amb, Stat;Hirslanden Bern AG;Schänzlihalde 11;3013 Bern;63.54;534.37;166.3;218;;;;2600722.844;1200187.437;;;;
880;Klinik Bolligenstrasse Bern;Bolligenstrasse 111;3000;Bern 60;BE;Amb, Stat;Universitäre Psychiatrische Dienste Bern (UPD) AG;Bolligenstrasse 111;3072 Ostermundigen;139.57;400.36;222.17;;364;;;2603187.986;1201614.069;;;;
881;Klinik ESTA;Gstadstrasse 42;4153;Reinach BL;BL;Amb, Stat;Klinik ESTA;Gstadstrasse 42;4153 Reinach BL;1.5;11.62;5.06;;24;;;2612366.734;1259846.974;;;;
882;Klinik Gais AG;Gäbrisstrasse 1172;9056;Gais;AR;Amb, Stat;Klinik Gais AG - Ein Haus der Kliniken Valens;Gäbrisstrasse 1172;9056 Gais;25.61;56.08;56.97;;80;97;;2753703.676;1248709.782;;;;
883;Klinik Gut Fläsch;Steigstrasse 12;7306;Fläsch;GR;Amb, Stat;Klinik Gut St. Moritz AG;Via Arona 34;7500 St. Moritz;32.73;56.26;19.21;40;;;;2757782.148;1210201.059;;;;
884;Klinik Gut St. Moritz;Via Arona 34;7500;St. Moritz;GR;Amb, Stat;Klinik Gut St. Moritz AG;Via Arona 34;7500 St. Moritz;32.73;56.26;19.21;40;;;;2784196.758;1152286.083;;;;
885;Klinik Hasliberg;Laueli 89b;6083;Hasliberg Hohfluh;BE;Amb, Stat;Rehaklinik Hasliberg AG;Laueli 89b;6083 Hasliberg Hohfluh;11.48;32.34;29.38;;;80;;2656798.287;1177623.517;;;;
886;Klinik Hirslanden AG;Witellikerstrasse 40;8008;Zürich;ZH;Amb, Stat;Klinik Hirslanden AG;Witellikerstrasse 40;8008 Zürich;131.32;793.79;203.79;331;;;;2685918.394;1245125.803;;;;
887;Klinik Hohmad;Hohmadstrasse 1;3600;Thun;BE;Amb, Stat;Klinik Hohmad AG;Hohmadstrasse 1;3600 Thun;0;20.32;9.5;13;;;;2614224.5;1177617.169;;;;
888;Klinik Im Hasel;Hasel 837;5728;Gontenschwil;AG;Amb, Stat;Klinik Im Hasel AG;Hasel 837;5728 Gontenschwil;10.48;24.74;36.15;;71;;;2651827.434;1235335.638;;;;
889;Klinik Im Park;Seestrasse 220;8002;Zürich;ZH;Amb, Stat;Klinik Im Park;Seestrasse 220;8002 Zürich;24.81;220.16;62.65;111;;;;2682574.263;1245217.211;;;;
890;Klinik Lengg AG;Bleulerstrasse 60;8008;Zürich;ZH;Amb, Stat;Klinik Lengg AG;Bleulerstrasse 60;8008 Zürich;38.68;105.96;118.6;19;;52;;2685434.178;1244804.211;;;;
891;Klinik Linde;Blumenrain 105;2503;Biel/Bienne;BE;Amb, Stat;Hirslanden Klinik Linde AG;Blumenrain 105;2503 Biel;12.72;184.68;63.31;107;;;;2586667.165;1220246.79;;;;
892;Klinik Luzern;Areal Kantonsspital 11 Spitalstr;6000;Luzern 16;LU;Amb, Stat;Luzerner Psychiatrie AG;Schafmattstrasse 1;4915 St. Urban;92.35;367.58;197.82;;313;;;2664968.003;1212145.003;;;;
893;Klinik Meissenberg AG;Meisenbergstrasse 17;6301;Zug;ZG;Amb, Stat;Klinik Meissenberg AG;Meisenbergstrasse 17;6300 Zug;12.96;56.74;21.14;;75;;;2681644.586;1223138.618;;;;
894;Klinik Murtenstrasse Bern;Murtenstrasse 21;3008;Bern;BE;Amb, Stat;Universitäre Psychiatrische Dienste Bern (UPD) AG;Bolligenstrasse 111;3072 Ostermundigen;139.57;400.36;222.17;;364;;;2599024.136;1199754.117;;;;
895;Klinik Neuhaus Ittigen;Untere Zollgasse 99;3063;Ittigen;BE;Amb, Stat;Universitäre Psychiatrische Dienste Bern (UPD) AG;Bolligenstrasse 111;3072 Ostermundigen;139.57;400.36;222.17;;364;;;2603641.521;1202049.834;;;;
896;Klinik Oberried;Panoramastrasse 20;3854;Oberried am Brienzersee;BE;Amb, Stat;Reha- und Kurklinik Eden AG;Panoramastrasse 20;3854 Oberried am Brienzersee;2.29;27.4;11.92;;;35;;2640202.359;1176501.593;;;;
897;Klinik Permanence;Bümplizstrasse 83;3018;Bern;BE;Amb, Stat;Hirslanden Bern AG;Schänzlihalde 11;3013 Bern;63.54;534.37;166.3;218;;;;2596470.988;1199279.594;;;;
898;Klinik Pyramide am See;Bellerivestrasse 34;8008;Zürich;ZH;Amb, Stat;Klinik Pyramide am See AG;Bellerivestrasse 34;8008 Zürich;2.28;25.19;6.74;20;;;;2683878.729;1245839.454;;;;
899;Klinik SGM;Weissensteinstrasse 30;4900;Langenthal;BE;Amb, Stat;Stiftung für ganzheitliche Medizin;Weissensteinstrasse 30;4900 Langenthal;23.25;34.72;32.77;;53;4;;2625432.588;1229769.508;;;;
900;Klinik Sarnen  (Station A);Brünigstrasse 183;6060;Sarnen;OW;Stat;Luzerner Psychiatrie AG;Schafmattstrasse 1;4915 St. Urban;92.35;367.58;197.82;;313;;;2661474.084;1193496.678;;;;
901;Klinik Schloss Mammern;Dr. A.O. Fleisch-Strasse 3;8265;Mammern;TG;Amb, Stat;Klinik Schloss Mammern AG;Dr. A. O. Fleisch­Strasse 3;8265 Mammern;8.24;89.99;50.88;;;160;;2711134.636;1278383.719;;;;
902;Klinik Schönberg;Schönbergstrasse 40;3654;Gunten;BE;Amb, Stat;Klinik Schönberg AG;Schönbergstrasse 40;3654 Gunten;8;74.69;38.42;;;100;;2619910.158;1173740.146;;;;
903;Klinik Schützen;Bahnhofstrasse 19;4310;Rheinfelden;AG;Amb, Stat;Schützen Rheinfelden AG Klinik & Ambulatorium;Bahnhofstrasse 19;4310 Rheinfelden;26.38;60.53;57.44;;104;;;2626672.678;1266991.242;;;;
904;Klinik Siloah;Worbstrasse 316;3073;Gümligen;BE;Amb, Stat;Siloah AG;Worbstrasse 316;3073 Gümligen;41.91;139.74;49.45;43;;48;;2606032.837;1197872.626;;;;
905;Klinik Sonnenhalde, Basel;Aeschengraben 26;4051;Basel;BS;Amb;Klinik Sonnenhalde;Gänshaldenweg 22;4125 Riehen;13.13;54.65;32.35;;68;;;2611614.237;1266638.005;;;;
906;Klinik Sonnenhalde, Reinach;Bruggstrasse 12;4153;Reinach BL;BL;Amb;Klinik Sonnenhalde;Gänshaldenweg 22;4125 Riehen;13.13;54.65;32.35;;68;;;2611525.19;1259961.665;;;;
907;Klinik Sonnenhalde, Riehen;Gänshaldenweg 22;4125;Riehen;BS;Amb, Stat;Klinik Sonnenhalde;Gänshaldenweg 22;4125 Riehen;13.13;54.65;32.35;;68;;;2616440.271;1270455.947;;;;
908;Klinik Sonnenhof;Sonnenhofstrasse 15;9608;Ganterschwil;SG;Amb, Stat;Klinik Sonnenhof Kinder- & Jugendpsychiatrisches Zentrum;Sonnenhofstrasse 15;9608 Ganterschwil;4.72;55.2;13.57;;44;;;2724371.971;1249099.584;;;;
909;Klinik Soteria;Bühlstrasse 19a;3012;Bern;BE;Stat;Interessengemeinschaft Sozialpsychiatrie IGS (Verein);Bühlstrasse 19a;3012 Bern;0.34;5.94;14.3;;10;;;2599261.612;1199907.177;;;;
910;Klinik St. Urban;Schafmattstrasse 1;4915;St. Urban;LU;Amb, Stat;Luzerner Psychiatrie AG;Schafmattstrasse 1;4915 St. Urban;92.35;367.58;197.82;;313;;;2630615.916;1231092.265;;;;
911;Klinik Susenberg;Schreberweg 9;8044;Zürich;ZH;Amb, Stat;Klinik Susenberg;Schreberweg 9;8044 Zürich;6.84;38.55;9.91;15;;19;;2685301.773;1247950.865;;;;
912;Klinik Tiefenbrunnen;Dammstrasse 29;8702;Zollikon;ZH;Amb, Stat;Klinik Tiefenbrunnen AG;Dammstrasse 29;8702 Zollikon;0;1.74;2.54;1;;;;2685357.578;1244254.226;;;;
913;Klinik Wysshölzli;Waldrandweg 19;3360;Herzogenbuchsee;BE;Amb, Stat;Klinik Wysshölzli Marie Sollberger-Stiftung;Waldrandweg 19;3360 Herzogenbuchsee;0.34;9.24;13.61;;37;;;2620990.461;1226036.421;;;;
914;Klinik Zugersee;Widenstrasse 55;6317;Oberwil b. Zug;ZG;Amb, Stat;Triaplus AG;Widenstrasse 55;6317 Oberwil bei Zug;61.57;129.42;98.11;;145;;;2681479;1221984.004;;;;
915;Klinik für Forensische Psychiatrie;Königsfelderstrasse 1;5210;Windisch;AG;Amb, Stat;Psychiatrische Dienste Aargau AG;Königsfelderstrasse 1;5210 Windisch;155.69;488.69;241.57;;489;;;2658584.36;1259332.163;;;;
916;Klinik für Schlafmedizin;Badstrasse 33;5330;Bad Zurzach;AG;Amb, Stat;ZURZACH Care Klinik für Schlafmedizin;Badstrasse 33;5330 Bad Zurzach;2.52;9.73;4;;1;;;2663874.091;1271488.972;;;;
917;LUKS Luzern;Spitalstrasse;6000;Luzern 16;LU;Amb, Stat;LUKS Spitalbetriebe AG;Spitalstrasse;6004 Luzern;1111.49;2535.92;762.34;671;;61;;2665228.294;1212337.622;;;;
918;LUKS Sursee;Spitalstrasse 16A;6210;Sursee;LU;Amb, Stat;LUKS Spitalbetriebe AG;Spitalstrasse;6004 Luzern;1111.49;2535.92;762.34;671;;61;;2651481.199;1224362.61;;;;
919;LUKS Wolhusen;Spitalstrasse;6110;Wolhusen;LU;Amb, Stat;LUKS Spitalbetriebe AG;Spitalstrasse;6004 Luzern;1111.49;2535.92;762.34;671;;61;;2648292.572;1213030.457;;;;
920;La Chaux-de-Fonds;Chasseral 20;2300;La Chaux-de-Fonds;NE;Amb, Stat;Réseau hospitalier neuchâtelois RHNe;Maladière 45;2000 Neuchâtel;429.33;1041.97;321.97;317;;100;;2554027.057;1218274.714;;;;
1035;Samaritain Site administratif;Boulevard Paderewski 3;1800;Vevey;VD;;Hôpital Riviera-Chablais Vaud-Valais;Route du Vieux Séquoia 20;1847 Rennaz;303.87;811.47;148.47;289;;92;;2555143.957;1145697.003;381;0;Small;0
922;Laufen;Lochbruggstrasse 39;4242;Laufen;BL;Amb;Kantonsspital Baselland;Mühlemattstrasse 26;4410 Liestal;418.48;1042.04;457.26;426;;104;;2604979.732;1252730.441;;;;
923;Le Locle;Bellevue 42;2400;Le Locle;NE;Amb, Stat;Réseau hospitalier neuchâtelois RHNe;Maladière 45;2000 Neuchâtel;429.33;1041.97;321.97;317;;100;;2547111.938;1212010.72;;;;
924;Le Petit Prince;Route du Petit-Moncor 1d;1752;Villars-sur-Glâne;FR;Amb, Stat;Maison de Naissance le Petit Prince;Route du Petit­Moncor 1d;1752 Villars­sur­Glâne;0;8.37;0;;;;4;2575644.241;1183122.841;;;;
838;Institution de Lavigny;route du Vignoble 60;1175;Lavigny;VD;Amb, Stat;Institution de Lavigny;Route du Vignoble 60;1175 Lavigny;7.74;43.43;29.91;;;41;;2521158.003;1150633;41;41;Small;133250
1005;Pôle santé du Pays-d_x0019_ Enhaut;Route de l'Hôpital 17;1660;Château-d'Oex;VD;Amb, Stat;Pôle santé du Pays-d'Enhaut;Route de l'Hôpital 17;1660 Château­d'Oex;9.57;36.2;12.32;7;;6;;2577137.957;1147446;13;13;Small;42250
832;Hôpital de la Vallée de Joux;Rue de l_x0019_ Hôpital 3;1347;Le Sentier;VD;Amb, Stat;Pôle santé Vallée de Joux - Hôpital de la Vallée de Joux;Rue de l_x0019_ Hôpital 3;1347 Le Sentier;8.57;70.57;9.63;14;;;;2506729.023;1161854.363;14;14;Small;45500
928;Leukerbad Clinic;Willy-Spühlerstrasse 2;3954;Leukerbad;VS;Amb, Stat;Leukerbad Clinic RZL Rehabilitationszentrum Leukerbad Clinic AG;Willy­Spühlerstrasse 2;3954 Leukerbad;7.59;26.58;24.75;;;70;;2614478.999;1136253.003;;;;
929;Liestal;Mühlemattstrasse 26;4410;Liestal;BL;Amb, Stat;Kantonsspital Baselland;Mühlemattstrasse 26;4410 Liestal;418.48;1042.04;457.26;426;;104;;2621967.006;1259942.264;;;;
930;Limmatklinik AG;Hardturmstrasse 133;8005;Zürich;ZH;Amb, Stat;Limmatklinik AG;Hardturmstrasse 133;8005 Zürich;0;29.72;3.78;12;;;;2681129.591;1249677.377;;;;
931;Lindenhof Verwaltungsstandort;Muristrasse 12;3006;Bern;BE;;Lindenhofgruppe AG;Bremgartenstrasse 117;3012 Bern;80.75;945.88;159.5;333;;;;2601667.879;1199242.337;;;;
932;Lindenhofspital;Bremgartenstrasse 117;3012;Bern;BE;Amb, Stat;Lindenhofgruppe AG;Bremgartenstrasse 117;3012 Bern;80.75;945.88;159.5;333;;;;2599119.756;1200754.464;;;;
933;Luzerner Höhenklinik Montana;Route de l'Astoria 2;3963;Crans-Montana;VS;Amb, Stat;Luzerner Höhenklinik Montana AG;Route de l'Astoria 2;3963 Crans-Montana;9.23;38;17.72;0;;58;;2604544.824;1129488.506;;;;
934;Maison de Naissance Tilia Sàrl;Chemin des Valangines 9;2000;Neuchâtel;NE;Amb, Stat;Maison de Naissance Tilia Sàrl;Chemin des Valangines 9;2000 Neuchâtel;0;0;0;;;;2;2559973.412;1204672.004;;;;
935;Maison de naissance La Roseraie;Chemin du Châtelet 3;1205;Genève;GE;Stat;Maison de naissance La Roseraie;Chemin du Châtelet 3;1205 Genève;0;0;0;;;;2;2500330.498;1116138.881;;;;
936;Maison de naissance Les Cigognes;Route Principale 21;2824;Vicques;JU;Amb, Stat;Maison de naissance Les Cigognes;Route Principale 21;2824 Vicques;0;0.24;0;;;;1;2597951.106;1244203.959;;;;
937;Martigny - Admin.CHVR;Av. de la Fusion 27 Case postale;1920;Martigny;VS;;Hôpital du Valais - Centre hospitalier du Valais Romand CHVR;Avenue du Grand-Champsec 80;1950 Sion;555.77;1385.2;321.14;452;154;145;;2571300.001;1105381.818;;;;
938;Matthea Geburtshaus;Klybeckstrasse 64/70;4057;Basel;BS;Amb, Stat;Matthea Geburtshaus;Klybeckstrasse 64/70;4057 Basel;0;10.38;0;;;;6;2611491.013;1268358.179;;;;
939;Med. Zentrum Brugg;Fröhlichstrasse 7;5200;Brugg;AG;Amb;Kantonsspital Baden AG;Im Ergel;5404 Baden;459.39;927.92;408.43;370;;;;2657655.763;1259397.411;;;;
940;Memory Clinic;Schanzweg 7;5000;Aarau;AG;Amb;Psychiatrische Dienste Aargau AG;Königsfelderstrasse 1;5210 Windisch;155.69;488.69;241.57;;489;;;2645656.044;1249059.648;;;;
941;Memory Clinic Zentralschweiz;Surentalstrasse 10;6210;Sursee;LU;Amb;Luzerner Psychiatrie AG;Schafmattstrasse 1;4915 St. Urban;92.35;367.58;197.82;;313;;;2650924.938;1225448.474;;;;
942;Merian Iselin Klinik AG;Föhrenstrasse 2;4054;Basel;BS;Amb, Stat;Merian Iselin Klinik AG;Föhrenstrasse 2;4054 Basel;30.18;226.36;92.8;81;;;;2609858.837;1267219.014;;;;
943;Modellstation SOMOSA;Zum Park 20;8404;Winterthur;ZH;Amb, Stat;Modellstation SOMOSA;Zum Park 20;8404 Winterthur;1.45;9.99;28.09;;17;;;2699889.478;1262581.745;;;;
927;Les Rosiers;Rue des Rosiers 29;1450;Ste-Croix;VD;Amb, Stat;Réseau Santé Balcon du Jura.vd (RSBJ);Rue des Rosiers 29;1450 Ste­Croix;17.76;100.54;14.77;18;;;;2527977.998;1185772.004;18;18;Small;58500
945;Monthey Permanence médicale du Chablais;Route de Morgins;1870;Monthey;VS;Amb;Hôpital Riviera-Chablais Vaud-Valais;Route du Vieux Séquoia 20;1847 Rennaz;303.87;811.47;148.47;289;;92;;2561703.782;1122406.067;;;;
703;Chamoyron;Chemin de Chamoyron 29;1806;St-Légier-La Chiésaz;VD;Amb;Secteur Psychiatrique Est Fondation de Nant;Route de Nant;1804 Corsier­sur­Vevey;64.71;126.48;35.69;;83;;;2556819.999;1146603;83;4;Small;13000
705;Château-d'Oex;Rte des Chenolettes 4;1660;Château-d'Oex;VD;Amb;Secteur Psychiatrique Est Fondation de Nant;Route de Nant;1804 Corsier­sur­Vevey;64.71;126.48;35.69;;83;;;2575986;1146806.002;83;4;Small;13000
756;Espace Santé Rennaz;Route des Tilles 6A;1847;Rennaz;VD;Amb;Secteur Psychiatrique Est Fondation de Nant;Route de Nant;1804 Corsier­sur­Vevey;64.71;126.48;35.69;;83;;;2560100;1136410.002;83;4;Small;13000
949;Möhlin;Bachstrasse 10;4313;Möhlin;AG;Amb;Privatklinik SALINA Salina Medizin AG;Roberstenstrasse 31;4310 Rheinfelden;9.98;27.17;46.17;;;39;;2630368.195;1267753.862;;;;
950;NCVP Conches;Chemin de la Colombe 15;1231;Conches;GE;Amb, Stat;Nouvelle Clinique Vert-Pré;Chemin de la Colombe 15;1231 Conches;1;6.78;1;7;;;;2502632.961;1115900.751;;;;
951;Ospedale Malcantonese Fondazione Giuseppe Rossi;;6980;Castelrotto;TI;Amb, Stat;Ospedale Malcantonese Fondazione Giuseppe Rossi;;6980 Castelrotto;10.97;38.3;10.96;0;26;;;2708464.789;1094392.023;;;;
952;Ospedale Regionale Acquarossa;Corzoneso Piano;6716;Acquarossa;TI;Amb, Stat;EOC Ente ospedaliero cantonale;Viale Officina 3;6500 Bellinzona;913.99;2022.74;643.79;858;;120;;2715308.984;1145696.989;;;;
953;Ospedale Regionale Beata Vergine;via Alfonso Turconi 23;6850;Mendrisio;TI;Amb, Stat;EOC Ente ospedaliero cantonale;Viale Officina 3;6500 Bellinzona;913.99;2022.74;643.79;858;;120;;2719868.859;1080694.814;;;;
954;Ospedale Regionale Faido;Via Ospedale 32;6760;Faido;TI;Amb, Stat;EOC Ente ospedaliero cantonale;Viale Officina 3;6500 Bellinzona;913.99;2022.74;643.79;858;;120;;2704957.298;1148337.64;;;;
955;Ospedale Regionale La Carità;Via dell'Ospedale 1;6600;Locarno;TI;Amb, Stat;EOC Ente ospedaliero cantonale;Viale Officina 3;6500 Bellinzona;913.99;2022.74;643.79;858;;120;;2704467.072;1113950.138;;;;
956;Ospedale Regionale San Giovanni;Via Ospedale 12;6500;Bellinzona;TI;Amb, Stat;EOC Ente ospedaliero cantonale;Viale Officina 3;6500 Bellinzona;913.99;2022.74;643.79;858;;120;;2722594.983;1115948.574;;;;
957;Ospedale Regionale di Lugano;Via Tesserete 46;6900;Lugano;TI;Amb, Stat;EOC Ente ospedaliero cantonale;Viale Officina 3;6500 Bellinzona;913.99;2022.74;643.79;858;;120;;2717264.492;1097408.284;;;;
958;Ospidal d'Engiadina Bassa;Via da l'Ospidal 280;7550;Scuol;GR;Amb, Stat;Center da Sanda Engiadina Bassa Ospidal d'Engiadina Bassa;Via da l'Ospidal 280;7550 Scuol;25.23;38.53;31.06;22;;12;;2818680.93;1187203.093;;;;
959;Ostschweizer Kinderspital;Claudiusstrasse 6;9006;St. Gallen;SG;Amb, Stat;Stiftung Ostschweizer Kinderspital;Claudiusstrasse 6;9006 St. Gallen;112.61;272.65;68.57;76;8;;;2747515.172;1255064.845;;;;
960;PALLIATIVKLINIK IM PARK;Stollenrain 12;4144;Arlesheim;BL;Amb, Stat;PALLIATIVKLINIK IM PARK;Stollenrain 12;4144 Arlesheim;2.93;10.45;0;8;;;;2613172.9;1260139.224;;;;
961;PDGR Engadin / Südtäler;;7500;St. Moritz;GR;Amb;Psychiatrische Dienste Graubünden;Loestrasse 220;7000 Chur;64.48;275.43;91.44;;244;;;2784035.787;1150761.35;;;;
962;PDGR Jugendstation;Waisenhausstrasse 1;7000;Chur;GR;Amb, Stat;Psychiatrische Dienste Graubünden;Loestrasse 220;7000 Chur;64.48;275.43;91.44;;244;;;2760157.297;1193875.282;;;;
963;PDGR Klinik Beverin;;7408;Cazis;GR;Amb, Stat;Psychiatrische Dienste Graubünden;Loestrasse 220;7000 Chur;64.48;275.43;91.44;;244;;;2752073.808;1177400.182;;;;
964;PDGR Klinik Waldhaus;Loestrasse 220;7000;Chur;GR;Amb, Stat;Psychiatrische Dienste Graubünden;Loestrasse 220;7000 Chur;64.48;275.43;91.44;;244;;;2760237.454;1193050.497;;;;
965;PDGR Prättigau / Davos;;7270;Davos Platz;GR;Amb;Psychiatrische Dienste Graubünden;Loestrasse 220;7000 Chur;64.48;275.43;91.44;;244;;;2781406.375;1184541.263;;;;
966;PDGR Surselva;;7130;Ilanz;GR;Amb;Psychiatrische Dienste Graubünden;Loestrasse 220;7000 Chur;64.48;275.43;91.44;;244;;;2734959.132;1182181.173;;;;
967;PDGR Tagesklinik Glarus;;8750;Glarus;GL;Amb;Psychiatrische Dienste Graubünden;Loestrasse 220;7000 Chur;64.48;275.43;91.44;;244;;;2723611.592;1211801.872;;;;
968;PUK Rheinau;Alleestrasse 57;8462;Rheinau;ZH;Amb, Stat;Psychiatrische Universitäts-Klinik Zürich;Lenggstrasse 31;8032 Zürich;247.33;809.71;311.97;;545;;;2687584.05;1276680.536;;;;
969;PUK Zürich Lenggstrasse;Lenggstrasse 31;8032;Zürich;ZH;Amb, Stat;Psychiatrische Universitäts-Klinik Zürich;Lenggstrasse 31;8032 Zürich;247.33;809.71;311.97;;545;;;2685517.333;1245265.323;;;;
970;Pallas Kliniken AG;Louis-Giroud-Strasse 20;4600;Olten;SO;Amb, Stat;Pallas Kliniken AG;Louis-Giroud­Strasse 20;4600 Olten;4.28;19.53;7.2;5;;;;2635582.84;1244090.466;;;;
971;Palliativzentrum Hildegard;St. Alban-Ring 151;4052;Basel;BS;Stat;Palliativzentrum Hildegard;St. Alban­Ring 151;4052 Basel;5.97;33.92;2.94;20;;;;2612948.1;1266642.587;;;;
793;Grand-Chêne;Grand Chêne 1;1860;Aigle;VD;Amb;Secteur Psychiatrique Est Fondation de Nant;Route de Nant;1804 Corsier­sur­Vevey;64.71;126.48;35.69;;83;;;2563462.097;1129042.559;83;4;Small;13000
799;HRC;Route du Vieux-Séquoia 20;1847;Rennaz;VD;Amb;Secteur Psychiatrique Est Fondation de Nant;Route de Nant;1804 Corsier­sur­Vevey;64.71;126.48;35.69;;83;;;2560179.999;1136600.002;83;4;Small;13000
974;Permanence the Circle;Circle 59;8058;Zürich Flughafen;ZH;Amb;Universitäts-Kinderspital Zürich - Das Spital der Eleonorenstiftung;Steinwiesstrasse 75;8032 Zürich;351.87;726.3;343.15;133;13;39;;2685007.95;1256069.451;;;;
975;Pourtalès;Maladière 45;2000;Neuchâtel;NE;Amb, Stat;Réseau hospitalier neuchâtelois RHNe;Maladière 45;2000 Neuchâtel;429.33;1041.97;321.97;317;;100;;2562292.317;1205153.087;;;;
976;Praxis IAVO Möhlin;Bahnhofstrasse 1;4313;Möhlin;AG;Amb;Gesundheitszentrum Fricktal;Riburgerstrasse 12;4310 Rheinfelden;122.87;283.39;106.91;129;;;;2630022.557;1268047.024;;;;
977;Praxis IAVO Rheinfelden;Bahnhofstrasse 26;4310;Rheinfelden;AG;Amb;Gesundheitszentrum Fricktal;Riburgerstrasse 12;4310 Rheinfelden;122.87;283.39;106.91;129;;;;2626579.408;1266919.325;;;;
978;Praxis IAVO Stein;Schulstrasse 2b;4332;Stein;AG;Amb;Gesundheitszentrum Fricktal;Riburgerstrasse 12;4310 Rheinfelden;122.87;283.39;106.91;129;;;;2638552.216;1265930.767;;;;
979;Praxis am Bahnhof;Bahnhofstrasse 30;4310;Rheinfelden;AG;Amb;Gesundheitszentrum Fricktal;Riburgerstrasse 12;4310 Rheinfelden;122.87;283.39;106.91;129;;;;2626591.812;1266847.851;;;;
980;Praxis für Ihre psychische Gesundheit;Mühletalstrasse 29;4800;Zofingen;AG;Amb;Psychiatrische Dienste Aargau AG;Königsfelderstrasse 1;5210 Windisch;155.69;488.69;241.57;;489;;;2638544.306;1238557.926;;;;
981;Praxis im Zentrum;Landstrasse 38;5073;Gipf-Oberfrick;AG;Amb;Gesundheitszentrum Fricktal;Riburgerstrasse 12;4310 Rheinfelden;122.87;283.39;106.91;129;;;;2642548.599;1261006.902;;;;
982;Praxisklinik Rennbahn;Kriegackerstrasse 100;4132;Muttenz;BL;Amb, Stat;Praxisklinik Rennbahn AG;Kriegackerstrasse 100;4132 Muttenz;23.78;26.79;54.15;16;;;;2614703.389;1265001.208;;;;
983;Privat Klinik Wyss;Fellenbergstrasse 32;3053;Münchenbuchsee;BE;Amb, Stat;Privatklinik Wyss AG;Fellenbergstrasse 32;3053 Münchenbuchsee;26.96;78.96;30.29;;106;;;2600920.881;1207436.564;;;;
984;Privatklinik Aadorf;Fohrenbergstrasse 23;8355;Aadorf;TG;Amb, Stat;Klinik Aadorf AG Klinische Psychotherapie;Fohrenbergstrasse 23;8355 Aadorf;3.69;20.93;24.57;;54;;;2710873.745;1260932.083;;;;
985;Privatklinik Belair;Rietstrasse 30;8200;Schaffhausen;SH;Amb, Stat;SMN - Privatklinik Belair;Rietstrasse 30;8200 Schaffhausen;0.41;33.43;12.31;22;;;;2688972.648;1284070.892;;;;
986;Privatklinik Bethanien;Toblerstrasse 51;8044;Zürich;ZH;Amb, Stat;GSMN Schweiz AG - Privatklinik Bethanien;Toblerstrasse 51;8044 Zürich;0.04;102.6;33.22;91;;;;2684496.952;1248400.54;;;;
987;Privatklinik Hohenegg AG;Hohenegg 1;8706;Meilen;ZH;Amb, Stat;Privatklinik Hohenegg AG;Hohenegg 1;8706 Meilen;15.19;52.99;19.15;;95;;;2692470.362;1236570.789;;;;
988;Privatklinik Lindberg;Schickstrasse 11;8400;Winterthur;ZH;Amb, Stat;GSMN Schweiz AG - Privatklinik Lindberg;Schickstrasse 11;8400 Winterthur;0;58.41;15.13;52;;;;2697315.871;1262950.623;;;;
989;Privatklinik Meiringen;Reichenbach 9a;3860;Meiringen;BE;Amb, Stat;Privatklinik Reichenbach bei Meiringen AG;Willigen;3860 Meiringen;36.86;143.78;42.24;;187;;;2657237.842;1174553.443;;;;
990;Privatklinik Obach;Leopoldstrasse 5;4500;Solothurn;SO;Amb, Stat;SMN - Privatklinik Obach;Leopoldstrasse 5;4500 Solothurn;0;39.44;9.68;47;;;;2607004.878;1228231.208;;;;
991;Privatklinik Oberwaid;Rorschacher Strasse 311;9016;St. Gallen;SG;Amb, Stat;Oberwaid AG;Rorschacher Strasse 311;9016 St. Gallen;15.17;23.82;25.99;;54;37;;2749397.86;1257503.618;;;;
992;Privatklinik Siloah;Worbstrasse 316;3073;Gümligen;BE;Amb, Stat;SMN - Privatklinik Siloah;Worbstrasse 316;3073 Gümligen;0.19;41.32;11.24;24;;;;2606032.837;1197872.626;;;;
993;Privatklinik Villa im Park;Bernstrasse 84;4852;Rothrist;AG;Amb, Stat;SMN - Klinik Villa im Park;Bernstrasse 84;4852 Rothrist;0.5;41.9;4.37;45;;;;2634463.204;1239493.361;;;;
834;Hôpital psychiatrique Nant;Route de Nant;1804;Corsier-sur-Vevey;VD;Amb, Stat;Secteur Psychiatrique Est Fondation de Nant;Route de Nant;1804 Corsier­sur­Vevey;64.71;126.48;35.69;;83;;;2555005.367;1147684.165;83;41;Small;133250
995;Psychiatr. Klinik Münsterlingen;Seeblickstrasse 3;8596;Münsterlingen;TG;Amb, Stat;Spital Thurgau AG Psychiatrische Klinik Münsterlingen;Seeblickstrasse 3;8596 Münsterlingen;99.36;295.81;115.48;;306;;;2734909.392;1277341.057;;;;
921;La Tour-de-Peilz;Avenue de Sully 2;1814;La Tour-de-Peilz;VD;Amb, Stat;Secteur Psychiatrique Est Fondation de Nant;Route de Nant;1804 Corsier­sur­Vevey;64.71;126.48;35.69;;83;;;2555510.001;1144572.004;83;4;Small;13000
925;Les Communaux;Rue des Communaux 7;1800;Vevey;VD;Amb;Secteur Psychiatrique Est Fondation de Nant;Route de Nant;1804 Corsier­sur­Vevey;64.71;126.48;35.69;;83;;;2554639.004;1145675.005;83;4;Small;13000
998;Psychiatriezentrum Breitenau;Nordstrasse 111;8200;Schaffhausen;SH;Amb, Stat;Spitäler Schaffhausen;Geissbergstrasse 81;8208 Schaffhausen;160.49;481.39;208.68;167;62;32;;2689076.242;1284548.65;;;;
999;Psychiatriezentrum Münsingen;Hunzigenallee 1;3110;Münsingen;BE;Amb, Stat;PZM Psychiatriezentrum Münsingen AG;Hunzigenallee 1;3110 Münsingen;66.04;259.39;93.11;;333;;;2608730.17;1192159.247;;;;
1000;Psychiatriezentrum Uster;Asylstrasse 30;8610;Uster;ZH;Amb;Clienia Schlössli AG;Schlösslistrasse 8;8618 Oetwil am See;72.95;238.74;67.61;;250;;;2697402.976;1245399.962;;;;
1001;Psychiatriezentrum Wetzikon;Bahnhofstrasse 196;8620;Wetzikon;ZH;Amb;Clienia Schlössli AG;Schlösslistrasse 8;8618 Oetwil am See;72.95;238.74;67.61;;250;;;2703069.373;1242732.636;;;;
1002;Psychiatrische Dienste;Weissensteinstrasse 102;4503;Solothurn;SO;Amb, Stat;Solothurner Spitäler AG;Schöngrünstrasse 36a;4500 Solothurn;620.24;1438.16;466.03;460;140;;;2606034.869;1229617.06;;;;
1003;Psychiatrische Dienste Aargau AG;Königsfelderstrasse 1;5210;Windisch;AG;Amb, Stat;Psychiatrische Dienste Aargau AG;Königsfelderstrasse 1;5210 Windisch;155.69;488.69;241.57;;489;;;2658584.36;1259332.163;;;;
1004;Psychiatrisches Zentrum AR;Krombach 3;9100;Herisau;AR;Amb, Stat;Spitalverbund Appenzell Ausserrhoden;Krombach 3;9100 Herisau;88.07;235.63;85.22;67;76;;;2737849.474;1249953.79;;;;
926;Les Moulins;Rue des Moulins 11;1800;Vevey;VD;Amb;Secteur Psychiatrique Est Fondation de Nant;Route de Nant;1804 Corsier­sur­Vevey;64.71;126.48;35.69;;83;;;2554224;1146190.003;83;4;Small;13000
1006;REHA-Abteilung;Seestrasse 101;8267;Berlingen;TG;Stat;Tertianum AG Klinik Tertianum Neutal;Seestrasse 101;8267 Berlingen;2.88;28.82;1.54;;;36;;2718730.756;1281689.41;;;;
1007;REHAB Basel;Im Burgfelderhof 40;4055;Basel;BS;Amb, Stat;REHAB Basel;Im Burgfelderhof 40;4055 Basel;29.87;188.5;118.6;;;105;;2609060.484;1269110.537;;;;
1008;RFSM Bulle;Rue de la Condémine 60;1630;Bulle;FR;Amb;Réseau fribourgeois de santé mentale - RFSM Centre de soins hospitaliers;L'Hôpital 140;1633 Marsens;98.54;238.34;47.85;;194;;;2571048.08;1163503.206;;;;
1009;RFSM Fribourg;Chemin du Cardinal-Journet 3;1752;Villars-sur-Glâne;FR;Amb, Stat;Réseau fribourgeois de santé mentale - RFSM Centre de soins hospitaliers;L'Hôpital 140;1633 Marsens;98.54;238.34;47.85;;194;;;2577223.854;1183574.72;;;;
1010;RFSM Fribourg - Centre cantonal d'addictologie;Rue de Morat 8;1700;Fribourg;FR;Amb;Réseau fribourgeois de santé mentale - RFSM Centre de soins hospitaliers;L'Hôpital 140;1633 Marsens;98.54;238.34;47.85;;194;;;2578769.254;1184119.745;;;;
1011;RFSM Fribourg - Centre de pédopsychiatrie;Chemin des Mazots 2;1700;Fribourg;FR;Amb;Réseau fribourgeois de santé mentale - RFSM Centre de soins hospitaliers;L'Hôpital 140;1633 Marsens;98.54;238.34;47.85;;194;;;2577708.696;1182829.739;;;;
1012;RFSM Marsens;L'Hôpital 140;1633;Marsens;FR;Amb, Stat;Réseau fribourgeois de santé mentale - RFSM Centre de soins hospitaliers;L'Hôpital 140;1633 Marsens;98.54;238.34;47.85;;194;;;2571433.903;1167265.961;;;;
1013;RTH Hirslanden Männedorf;Bergstrasse 4;8708;Männedorf;ZH;Amb;Klinik Hirslanden AG;Witellikerstrasse 40;8008 Zürich;131.32;793.79;203.79;331;;;;2695108.152;1234148.505;;;;
1014;Radio-Onkologie am Zuger Kantonsspital;Landhausstrasse 11;6340;Baar;ZG;Amb;LUKS Spitalbetriebe AG;Spitalstrasse;6004 Luzern;1111.49;2535.92;762.34;671;;61;;2681782.408;1227562.885;;;;
1015;Rebstein;Alte Landstrasse 106;9445;Rebstein;SG;;Spitalregion Rheintal Werdenberg Sarganserland;Alte Landstrasse 106;9445 Rebstein;187.53;402.96;92.29;195;;;;2761599.445;1251791.871;;;;
1016;Regionalspital Surselva;Spitalstrasse 6;7130;Ilanz;GR;Amb, Stat;Regionalspital Surselva AG;Spitalstrasse 6;7130 Ilanz;30.09;77.93;38.66;47;;;;2734889.593;1182145.454;;;;
1017;Reha Seewis;Schlossstrasse 1;7212;Seewis Dorf;GR;Amb, Stat;Rehabilitationszentrum Seewis Klinik für Herz- & Kreislauferkrankungen;Schlossstrasse 1;7212 Seewis Dorf;4.94;26.71;15.49;;31;53;;2767218.401;1206590.852;;;;
1018;Reha-Zentrum Valens;Taminaplatz 1;7317;Valens;SG;Amb, Stat;Kliniken Valens;Taminaplatz 1;7317 Valens;46.6;202.5;136.72;;;246;;2755564.356;1204096.431;;;;
1019;Reha-Zentrum Walenstadtberg;Chnoblisbüel 1;8881;Walenstadtberg;SG;Amb, Stat;Kliniken Valens;Taminaplatz 1;7317 Valens;46.6;202.5;136.72;;;246;;2740019.187;1222681.3;;;;
1020;Rehabilitationszentrum Affoltern;Mühlebergstrasse 104;8910;Affoltern am Albis;ZH;Amb, Stat;Universitäts-Kinderspital Zürich - Das Spital der Eleonorenstiftung;Steinwiesstrasse 75;8032 Zürich;351.87;726.3;343.15;133;13;39;;2677774.363;1236765.982;;;;
1021;Rehaklinik Dussnang AG;Kurhausstrasse 34;8374;Dussnang;TG;Amb, Stat;Rehaklinik Dussnang AG;Kurhausstrasse 34;8374 Dussnang;9.13;84.1;32.39;;;171;;2715017.999;1254462.001;;;;
1022;Rehaklinik Tschugg;Bethesda 6;3233;Tschugg;BE;Amb, Stat;Rehaklinik Tschugg AG;Bethesda 6;3233 Tschugg;18.44;96.49;52.2;11;;76;;2572146.907;1208339.112;;;;
1023;Rehaklinik Zihlschlacht AG;Hauptstrasse 2-4;8588;Zihlschlacht;TG;Amb, Stat;Rehaklinik Zihlschlacht AG Neurologisches Rehabilitationszentrum;Hauptstrasse 2­4;8588 Zihlschlacht;25.47;173.15;117.29;15;;164;;2736897.522;1264399.288;;;;
944;Molage;Rue du Molage 8;1860;Aigle;VD;Amb;Secteur Psychiatrique Est Fondation de Nant;Route de Nant;1804 Corsier­sur­Vevey;64.71;126.48;35.69;;83;;;2563752.004;1129846.004;83;4;Small;13000
1025;Rheinburg-Klinik;Dorf;9428;Walzenhausen;AR;Amb, Stat;Stiftung Kliniken Valens - Rheinburg-Klinik;Dorf;9428 Walzenhausen;11.47;52.95;32.54;;;64;;2763374.905;1257807.211;;;;
1026;Rheinfelden;Salinenstrasse 98;4310;Rheinfelden;AG;Amb, Stat;Reha Rheinfelden;Salinenstrasse 98;4310 Rheinfelden;24.28;178.96;153.79;;;198;;2627785.965;1267620.841;;;;
1027;Romerhuus;Claudiusstrasse 6;9006;St. Gallen;SG;Stat;Stiftung Ostschweizer Kinderspital;Claudiusstrasse 6;9006 St. Gallen;112.61;272.65;68.57;76;8;;;2747515.172;1255064.845;;;;
1028;Rosenklinik AG;Güterstrasse 21/23;8640;Rapperswil;SG;Amb, Stat;Rosenklinik AG;Güterstrasse 21/23;8640 Rapperswil;1.64;19.91;8.34;15;;;;2704764.715;1231516.77;;;;
1029;Résidence La Promenade;Rue de l'Hôpital 58;2800;Delémont;JU;;Hôpital du Jura;Chemin de l'Hôpital 9a;2900 Porrentruy;161.6;640.36;184.63;165;12;82;;2592624.019;1246057.056;;;;
1030;SAE Ambulatorium Liestal;Wiedenhubstrasse 55;4410;Liestal;BL;Amb;Psychiatrie Baselland;Bienentalstrasse 7;4410 Liestal;91.78;245.48;132.61;;246;;;2621537.906;1259844.712;;;;
1031;SAE Ambulatorium Reinach;Baselstrasse 1;4153;Reinach BL;BL;Amb;Psychiatrie Baselland;Bienentalstrasse 7;4410 Liestal;91.78;245.48;132.61;;246;;;2611587.603;1260325.784;;;;
1032;SAE Zentrum für psychische Gesundheit;Hauptstrasse 34;4102;Binningen;BL;Amb;Psychiatrie Baselland;Bienentalstrasse 7;4410 Liestal;91.78;245.48;132.61;;246;;;2610183.691;1265690.726;;;;
1033;Salem-Spital;Schänzlistrasse 39;3013;Bern;BE;Amb, Stat;Hirslanden Bern AG;Schänzlihalde 11;3013 Bern;63.54;534.37;166.3;218;;;;2601155.776;1200109.264;;;;
1034;Salina Rehaklinik;Roberstenstrasse 31;4310;Rheinfelden;AG;Amb, Stat;Privatklinik SALINA Salina Medizin AG;Roberstenstrasse 31;4310 Rheinfelden;9.98;27.17;46.17;;;39;;2627139.792;1267620.348;;;;
946;Montreux;Avenue des Alpes 66;1820;Montreux;VD;Amb;Secteur Psychiatrique Est Fondation de Nant;Route de Nant;1804 Corsier­sur­Vevey;64.71;126.48;35.69;;83;;;2559433.316;1142718.606;83;4;Small;13000
1036;Sanatorium Kilchberg AG;Alte Landstrasse 70;8802;Kilchberg ZH;ZH;Amb, Stat;Sanatorium Kilchberg;Alte Landstrasse 70;8802 Kilchberg ZH;54.76;150.05;60.79;;184;;;2683480.735;1242430.476;;;;
1037;Schinznach - Bad;Badstrasse 50;5116;Schinznach Bad;AG;Amb, Stat;Bad Schinznach AG - Privat-Klinik Im Park;Badstrasse 50;5116 Schinznach Bad;5.53;28.75;31.93;;;58;;2654883.942;1256559.733;;;;
1038;Schinznach Bad;Badstrasse 55;5116;Schinznach Bad;AG;Amb, Stat;aarReha Schinznach Zentrum für Rehabilitation;Badstrasse 55;5116 Schinznach Bad;24.8;101.25;58.09;;;139;;2654755.181;1256556.709;;;;
1039;Schmerzklinik Basel;Hirschgässlein 11-15;4051;Basel;BS;Amb, Stat;SMN - Schmerzklinik Basel;Hirschgässlein 11-15;4051 Basel;11.93;12.66;17.89;13;;;;2611640.231;1266729.245;;;;
1040;Schulthess Klinik;Lengghalde 2;8008;Zürich;ZH;Amb, Stat;Schulthess Klinik;Lengghalde 2;8008 Zürich;138.71;213.66;174.85;97;;;;2685733.089;1245187.573;;;;
1041;Schweizer Paraplegiker-Zentrum;Guido A. Zäch Strasse 1;6207;Nottwil;LU;Amb, Stat;Schweizer Paraplegiker-Zentrum Nottwil AG;Guido A. Zäch Strasse 1;6207 Nottwil;103.21;441.69;181.08;113;;67;;2652517.041;1221316.17;;;;
1042;See-Spital Horgen;Asylstrasse 19;8810;Horgen;ZH;Amb, Stat;See-Spital;Asylstrasse 19;8810 Horgen;103.82;260.76;92.94;140;;;;2687107.398;1235368.525;;;;
1043;Seeschau Kreuzlingen;Bernrainstrasse 17;8280;Kreuzlingen;TG;Amb, Stat;Klinik Seeschau AG;Bernrainstrasse 17;8280 Kreuzlingen;2.35;37.88;5.25;27;;;;2729529.143;1278609.637;;;;
1044;Services ambulatoires et clinique de jour Bienne;Pont-du-Moulin 14;2502;Biel/Bienne;BE;Amb;Réseau de l'Arc SA;Les Fontenayes 17;2610 St-Imier;152.88;421.68;100.6;87;88;8;;2585319.604;1221037.765;;;;
1045;Sion - Admin.CHVR;Av. du Grand-Champsec 80;1951;Sion;VS;;Hôpital du Valais - Centre hospitalier du Valais Romand CHVR;Avenue du Grand-Champsec 80;1950 Sion;555.77;1385.2;321.14;452;154;145;;2596019.906;1120355.133;;;;
1046;Site de Delémont;Fbg des Capucins 30;2800;Delémont;JU;Amb, Stat;Hôpital du Jura;Chemin de l'Hôpital 9a;2900 Porrentruy;161.6;640.36;184.63;165;12;82;;2592456.212;1246381.25;;;;
1047;Site de Porrentruy;Chemin de l'Hôpital 9a;2900;Porrentruy;JU;Amb, Stat;Hôpital du Jura;Chemin de l'Hôpital 9a;2900 Porrentruy;161.6;640.36;184.63;165;12;82;;2571327.8;1252158.595;;;;
1048;Site de Saignelégier;Rue de l'Hôpital 11;2350;Saignelégier;JU;;Hôpital du Jura;Chemin de l'Hôpital 9a;2900 Porrentruy;161.6;640.36;184.63;165;12;82;;2566602.592;1234122.685;;;;
1049;Solothurner Spitäler AG;Schöngrünstrasse 36a;4500;Solothurn;SO;;Solothurner Spitäler AG;Schöngrünstrasse 36a;4500 Solothurn;620.24;1438.16;466.03;460;140;;;2607601.975;1227624.827;;;;
1050;Sonnenhofspital;Buchserstrasse 30;3006;Bern;BE;Amb, Stat;Lindenhofgruppe AG;Bremgartenstrasse 117;3012 Bern;80.75;945.88;159.5;333;;;;2602703.094;1199050.683;;;;
1051;Soteria FETZ;Hallerstrasse 10;3012;Bern;BE;Amb;Interessengemeinschaft Sozialpsychiatrie IGS (Verein);Bühlstrasse 19a;3012 Bern;0.34;5.94;14.3;;10;;;2599724.088;1200170.894;;;;
1052;Soteria Lobhaus;Murtenstrasse 46;3008;Bern;BE;Amb;Interessengemeinschaft Sozialpsychiatrie IGS (Verein);Bühlstrasse 19a;3012 Bern;0.34;5.94;14.3;;10;;;2598977.513;1199879.782;;;;
1053;Soteria Tageszentrum;Konsumstrasse 16c;3007;Bern;BE;Amb;Interessengemeinschaft Sozialpsychiatrie IGS (Verein);Bühlstrasse 19a;3012 Bern;0.34;5.94;14.3;;10;;;2598990.822;1199164.131;;;;
1054;Spital Aarberg;Lyssstrasse 31;3270;Aarberg;BE;Amb, Stat;Insel Gruppe AG (nicht-universitär);Freiburgstrasse 18;3010 Bern;195.06;517.56;208.51;152;;148;;2587886.022;1210757.264;;;;
1055;Spital Affoltern AG;Sonnenbergstrasse 27;8910;Affoltern am Albis;ZH;Amb, Stat;Spital Affoltern AG;Sonnenbergstrasse 27;8910 Affoltern am Albis;45.83;135.44;35.56;56;32;;;2677005.693;1237584.156;;;;
1056;Spital Affoltern Ambulatorium Obstgarten;Obstgartenstrasse 3;8910;Affoltern am Albis;ZH;Amb;Spital Affoltern AG;Sonnenbergstrasse 27;8910 Affoltern am Albis;45.83;135.44;35.56;56;32;;;2676010.874;1236404.063;;;;
1057;Spital Altstätten;F.-Marolani-Strasse 6;9450;Altstätten;SG;Amb, Stat;Spitalregion Rheintal Werdenberg Sarganserland;Alte Landstrasse 106;9445 Rebstein;187.53;402.96;92.29;195;;;;2758743.239;1250136.992;;;;
1058;Spital Burgdorf;Oberburgstrasse 54;3400;Burgdorf;BE;Amb, Stat;Regionalspital Emmental AG;Oberburgstrasse 54;3400 Burgdorf;194.41;438.78;154.7;152;51;;;2613859.507;1210783.535;;;;
1059;Spital Bülach;Spitalstrasse 24;8180;Bülach;ZH;Amb, Stat;Spital Bülach AG;Spitalstrasse 24;8180 Bülach;148.01;416.01;112.03;146;;;;2682399.174;1263997.511;;;;
1060;Spital Davos;Promenade 4;7270;Davos Platz;GR;Amb, Stat;Spital Davos AG Akutabteilung;Promenade 4;7270 Davos Platz;32.94;86.4;44.59;33;;;;2781376.748;1184578.166;;;;
1061;Spital Dornach;Spitalweg 11;4143;Dornach;SO;Amb, Stat;Solothurner Spitäler AG;Schöngrünstrasse 36a;4500 Solothurn;620.24;1438.16;466.03;460;140;;;2613192.575;1259550.842;;;;
1062;Spital Frutigen;Adelbodenstrasse 27;3714;Frutigen;BE;Amb, Stat;Spitäler Frutigen Meiringen Interlaken AG;Weissenaustrasse 27;3800 Unterseen;139.23;313.13;227.65;120;28;;;2615562.985;1159212.964;;;;
1063;Spital Grabs;Spitalstrasse 44;9472;Grabs;SG;Amb, Stat;Spitalregion Rheintal Werdenberg Sarganserland;Alte Landstrasse 106;9445 Rebstein;187.53;402.96;92.29;195;;;;2752359.911;1226779.356;;;;
1064;Spital Herisau;Spitalstrasse 6;9100;Herisau;AR;Amb, Stat;Spitalverbund Appenzell Ausserrhoden;Krombach 3;9100 Herisau;88.07;235.63;85.22;67;76;;;2739245.429;1250225.563;;;;
1065;Spital Interlaken;Weissenaustrasse 27;3800;Unterseen;BE;Amb, Stat;Spitäler Frutigen Meiringen Interlaken AG;Weissenaustrasse 27;3800 Unterseen;139.23;313.13;227.65;120;28;;;2630970.238;1170026.269;;;;
1066;Spital Lachen;Oberdorfstrasse 41;8853;Lachen SZ;SZ;Amb, Stat;Spital Lachen;Oberdorfstrasse 41;8853 Lachen SZ;106.74;227.87;82.44;80;;;;2707725.857;1227503.47;;;;
1067;Spital Langenthal;St. Urbanstrasse 67;4900;Langenthal;BE;Amb, Stat;SRO AG;St. Urbanstrasse 67;4900 Langenthal;169.4;376.2;161.88;126;34;;;2626891.65;1229521.849;;;;
1068;Spital Langnau;Dorfbergstrasse 10;3550;Langnau;BE;Amb, Stat;Regionalspital Emmental AG;Oberburgstrasse 54;3400 Burgdorf;194.41;438.78;154.7;152;51;;;2626520.693;1199206.266;;;;
1069;Spital Limmattal;Urdorferstrasse 100;8952;Schlieren;ZH;Amb, Stat;Spital Limmattal;Urdorferstrasse 100;8952 Schlieren;213.61;376.95;171.16;178;;;;2674949.941;1249649.098;;;;
1070;Spital Linth;Gasterstrasse 25;8730;Uznach;SG;Amb, Stat;Spital Linth;Gasterstrasse 25;8730 Uznach;76.44;169.7;60.78;96;;;;2717868.413;1231489.886;;;;
1071;Spital Muri, Dialyse;Spitalstrasse 144;5630;Muri AG;AG;Amb;Kantonsspital Baden AG;Im Ergel;5404 Baden;459.39;927.92;408.43;370;;;;2667568.198;1236588.57;;;;
1072;Spital Männedorf;Asylstrasse 10;8708;Männedorf;ZH;Amb, Stat;Spital Männedorf AG;Asylstrasse 10;8708 Männedorf;119.45;313.37;95.83;139;;;;2695262.928;1234044.533;;;;
1073;Spital Münsingen;Krankenhausweg 18/20;3110;Münsingen;BE;Amb, Stat;Insel Gruppe AG (nicht-universitär);Freiburgstrasse 18;3010 Bern;195.06;517.56;208.51;152;;148;;2609862.565;1191200.399;;;;
1074;Spital Nidwalden AG;Ennetmooserstrasse 19;6370;Stans;NW;Amb, Stat;Spital Nidwalden AG;Ennetmooserstrasse 19;6370 Stans;87.37;225.65;74.03;71;;;;2669919.147;1201399.589;;;;
1075;Spital Oberengadin;Via Nouva 3;7503;Samedan;GR;Amb, Stat;Spital Oberengadin;Via Nouva 3;7503 Samedan;52.19;86.91;22.44;38;;;;2787153.152;1157231.514;;;;
1076;Spital Riggisberg;Eyweg 2;3132;Riggisberg;BE;Amb, Stat;Insel Gruppe AG (nicht-universitär);Freiburgstrasse 18;3010 Bern;195.06;517.56;208.51;152;;148;;2603004.922;1184739.329;;;;
1077;Spital Schwyz;Waldeggstrasse 10;6430;Schwyz;SZ;Amb, Stat;Spital Schwyz;Waldeggstrasse 10;6430 Schwyz;66.36;253.97;40.36;92;;12;;2692772.249;1207926.09;;;;
1078;Spital Thun;Krankenhausstrasse 12;3600;Thun;BE;Amb, Stat;Spital STS AG;Krankenhausstrasse 12;3600 Thun;257.51;667.97;228.11;242;0;;;2614814.062;1178912.02;;;;
1079;Spital Thusis;Alte Strasse 31;7430;Thusis;GR;Amb, Stat;Spital Thusis;Alte Strasse 31;7430 Thusis;32.11;81.82;38.38;21;;;;2752828.155;1173721.236;;;;
1080;Spital Tiefenau;Tiefenaustrasse 112;3004;Bern;BE;Amb, Stat;Insel Gruppe AG (nicht-universitär);Freiburgstrasse 18;3010 Bern;195.06;517.56;208.51;152;;148;;2601072.931;1202685.335;;;;
1081;Spital Uster AG;Brunnenstrasse 42;8610;Uster;ZH;Amb, Stat;Spital Uster AG;Brunnenstrasse 42;8610 Uster;151.84;380.59;88.26;136;;;;2697151.424;1245537.848;;;;
1082;Spital Walenstadt;Spitalstrasse 5;8880;Walenstadt;SG;Amb, Stat;Spital Walenstadt;Spitalstrasse 5;8880 Walenstadt;28.4;88.95;22.04;36;;;;2742031.876;1220581.008;;;;
1083;Spital Wil;Fürstenlandstrasse 32;9500;Wil SG;SG;Amb, Stat;Spitalregion Fürstenland Toggenburg;Fürstenlandstrasse 32;9500 Wil SG;88.35;217.5;62.01;90;;;;2722088.723;1258421.621;;;;
1084;Spital Zofingen AG;Mühlethalstrasse 27;4800;Zofingen;AG;Amb, Stat;Spital Zofingen AG;Mühlethalstrasse 27;4800 Zofingen;70.36;291.57;84.41;85;;;;2638360.854;1238428.703;;;;
1085;Spital Zollikerberg;Trichtenhauserstrasse 20;8125;Zollikerberg;ZH;Amb, Stat;Spital Zollikerberg;Trichtenhauserstrasse 20;8125 Zollikerberg;178.14;484.39;75.01;170;;;;2687667.734;1244880.799;;;;
1086;Spital Zweisimmen;Karl Haueter-Strasse 21;3770;Zweisimmen;BE;Amb, Stat;Spital STS AG;Krankenhausstrasse 12;3600 Thun;257.51;667.97;228.11;242;0;;;2594958.329;1156289.414;;;;
1087;Spital und Altersheim Belp;Seftigenstrasse 89/91;3123;Belp;BE;Amb, Stat;Insel Gruppe AG (nicht-universitär);Freiburgstrasse 18;3010 Bern;195.06;517.56;208.51;152;;148;;2604237.887;1193461.417;;;;
1088;Spitalzentrum Biel;Vogelsang 84;2502;Biel/Bienne;BE;Amb, Stat;Spitalzentrum Biel AG;Vogelsang 84;2502 Biel/Bienne;262.34;561.76;155.82;209;;15;;2585312.194;1221705.327;;;;
1089;St. Anna im Bahnhof;Zentralstrasse 1;6003;Luzern;LU;Amb;Hirslanden Klinik St. Anna AG;St. Anna­Strasse 32;6006 Luzern;85.62;469.05;164.58;213;;;;2666234.773;1211374.971;;;;
1090;St. Claraspital;Kleinriehenstrasse 30;4058;Basel;BS;Amb, Stat;St. Claraspital;Kleinriehenstrasse 30;4058 Basel;132.54;392.59;125.43;207;;;;2613124.346;1268353.547;;;;
1091;Stadtspital Zürich Europaallee;Gustav-Gull-Platz 5;8004;Zürich;ZH;Amb;Stadtspital Zürich;Birmensdorferstrasse 497;8063 Zürich;653.76;1388.26;430.28;538;;;;2682480.34;1248217.283;;;;
1092;Stadtspital Zürich Triemli;Birmensdorferstrasse 497;8063;Zürich;ZH;Amb, Stat;Stadtspital Zürich;Birmensdorferstrasse 497;8063 Zürich;653.76;1388.26;430.28;538;;;;2679973.928;1246645.252;;;;
1093;Stadtspital Zürich Waid;Tièchestrasse 99;8037;Zürich;ZH;Amb, Stat;Stadtspital Zürich;Birmensdorferstrasse 497;8063 Zürich;653.76;1388.26;430.28;538;;;;2681640.683;1250360.541;;;;
1094;Standort Brig;Ueberlandstrasse;3900;Brig;VS;Amb, Stat;Spital Wallis - Spitalzentrum Oberwallis (SZO);Pflanzettastrasse 8;3930 Visp;182.57;409.53;108.36;179;40;50;;2641829.569;1129683.147;;;;
1095;Standort Heerbrugg;Bahnhofstrasse 18;9435;Heerbrugg;SG;Amb;Psychiatrie St.Gallen (PSG);Zürcherstrasse 30;9500 Wil SG;127.26;438.07;158.23;;374;;;2765246.751;1253481.391;;;;
1096;Standort Pfäfers;Klosterweg;7312;Pfäfers;SG;Amb, Stat;Psychiatrie St.Gallen (PSG);Zürcherstrasse 30;9500 Wil SG;127.26;438.07;158.23;;374;;;2756904.611;1206424.177;;;;
1097;Standort Rapperswil;Untere Bahnhofstrasse 11;8640;Rapperswil;SG;Amb;Psychiatrie St.Gallen (PSG);Zürcherstrasse 30;9500 Wil SG;127.26;438.07;158.23;;374;;;2704444.61;1231440.04;;;;
1098;Standort Rorschach;Mariabergstrasse 19;9401;Rorschach;SG;Amb;Psychiatrie St.Gallen (PSG);Zürcherstrasse 30;9500 Wil SG;127.26;438.07;158.23;;374;;;2754880.773;1260467.22;;;;
1099;Standort Sargans;Tiefrietstrasse 18;7320;Sargans;SG;Amb;Psychiatrie St.Gallen (PSG);Zürcherstrasse 30;9500 Wil SG;127.26;438.07;158.23;;374;;;2752545.359;1212541.319;;;;
1100;Standort St. Gallen;Teufenerstrasse 26;9000;St.Gallen;SG;Amb, Stat;Psychiatrie St.Gallen (PSG);Zürcherstrasse 30;9500 Wil SG;127.26;438.07;158.23;;374;;;2745712.629;1253863.907;;;;
1101;Standort Uznach;Zürcherstrasse 1;8730;Uznach;SG;Amb;Psychiatrie St.Gallen (PSG);Zürcherstrasse 30;9500 Wil SG;127.26;438.07;158.23;;374;;;2717017.742;1231525.307;;;;
1102;Standort Visp;Pflanzettastrasse 8;3930;Visp;VS;Amb, Stat;Spital Wallis - Spitalzentrum Oberwallis (SZO);Pflanzettastrasse 8;3930 Visp;182.57;409.53;108.36;179;40;50;;2634320.867;1126361.539;;;;
1103;Standort Wattwil;Hembergerstrasse 22;9630;Wattwil;SG;Amb;Psychiatrie St.Gallen (PSG);Zürcherstrasse 30;9500 Wil SG;127.26;438.07;158.23;;374;;;2725019.418;1240263.565;;;;
1104;Standort Wil;Zürcherstrasse 30;9501;Wil SG;SG;Amb, Stat;Psychiatrie St.Gallen (PSG);Zürcherstrasse 30;9500 Wil SG;127.26;438.07;158.23;;374;;;2720474.999;1258641;;;;
1105;Station BODAN Frührehabilitation;Spitalstrasse 15;8596;Münsterlingen;TG;Stat;Rehaklinik Zihlschlacht AG Neurologisches Rehabilitationszentrum;Hauptstrasse 2­4;8588 Zihlschlacht;25.47;173.15;117.29;15;;164;;2735240.977;1276982.779;;;;
1106;Station Hasliberg;Laueli 89b;6083;Hasliberg;BE;Stat;Privatklinik Reichenbach bei Meiringen AG;Willigen;3860 Meiringen;36.86;143.78;42.24;;187;;;2656776.574;1177639.362;;;;
1107;Station Lindenweg Moosseedorf;Lindenweg 4;3302;Moosseedorf;BE;Amb, Stat;Universitäre Psychiatrische Dienste Bern (UPD) AG;Bolligenstrasse 111;3072 Ostermundigen;139.57;400.36;222.17;;364;;;2603395.835;1207120.504;;;;
1108;Station Oranienburg;Schänzlistrasse 15;3013;Bern;BE;Stat;Stiftung Diaconis Palliative Care;Schänzlistrasse 15;3013 Bern;2.87;23.77;0.59;13;;;;2601359.078;1200133.578;;;;
1109;Stein;Schulstrasse 2 A/B;4332;Stein;AG;Amb;Privatklinik SALINA Salina Medizin AG;Roberstenstrasse 31;4310 Rheinfelden;9.98;27.17;46.17;;;39;;2638566.1;1265921.095;;;;
1110;Stiftung Spital Muri;Spitalstrasse 144;5630;Muri AG;AG;Amb, Stat;Stiftung Spital Muri;Spitalstrasse 144;5630 Muri AG;104.19;236.05;121.29;101;;;;2667568.198;1236588.57;;;;
1111;Suchtfachklinik Selhofen;Emmentalstrasse 8;3400;Burgdorf;BE;Amb, Stat;Stiftung Klinik Selhofen;Emmentalstrasse 8;3400 Burgdorf;0.55;15;7.55;;31;;;2614266.749;1211569.322;;;;
1112;Suchtfachklinik Zürich;Emil-Klöti-Strasse 14-18;8037;Zürich;ZH;Amb, Stat;Suchtfachklinik Zürich;Emil-Klöti-Strasse 14-18;8037 Zürich;4.2;18.18;4.89;;31;;;2681538.253;1250472.83;;;;
1113;Suchtfachklinik und Tagesklinik Südhang;Südhang 1;3038;Kirchlindach;BE;Amb, Stat;Stiftung südhang Klinik für Suchttherapien;Südhang 1;3038 Kirchlindach;15.21;19;31.23;;72;;;2597860.483;1205686.704;;;;
1114;Tagesklinik Langnau;Bäraustrasse 43C;3552;Bärau;BE;Amb;Regionalspital Emmental AG;Oberburgstrasse 54;3400 Burgdorf;194.41;438.78;154.7;152;51;;;2628441.279;1198114.704;;;;
1115;Tagesklinik Luzern;Areal Kantonsspital 11 Spitalstr;6000;Luzern 16;LU;Amb;Luzerner Psychiatrie AG;Schafmattstrasse 1;4915 St. Urban;92.35;367.58;197.82;;313;;;2664968.003;1212145.003;;;;
1116;Tagesklinik Sarnen (Station I);Brünigstrasse 183;6060;Sarnen;OW;Amb;Luzerner Psychiatrie AG;Schafmattstrasse 1;4915 St. Urban;92.35;367.58;197.82;;313;;;2661474.084;1193496.678;;;;
1117;Tagesklinik Sursee;Surentalstrasse 10;6210;Sursee;LU;Amb;Luzerner Psychiatrie AG;Schafmattstrasse 1;4915 St. Urban;92.35;367.58;197.82;;313;;;2650924.938;1225448.474;;;;
1118;Tagesklinik Unterseen;Hohmüedig 4;3800;Unterseen;BE;Amb;Spitäler Frutigen Meiringen Interlaken AG;Weissenaustrasse 27;3800 Unterseen;139.23;313.13;227.65;120;28;;;2630988.403;1170750.199;;;;
1119;Tagesklinik und Tageszentrum;St. Ursusstrasse 3;5400;Baden;AG;Amb;Psychiatrische Dienste Aargau AG;Königsfelderstrasse 1;5210 Windisch;155.69;488.69;241.57;;489;;;2665078.932;1258562.177;;;;
1120;Tageszentrum Aarau;Landhausweg 22;5000;Aarau;AG;Amb;Psychiatrische Dienste Aargau AG;Königsfelderstrasse 1;5210 Windisch;155.69;488.69;241.57;;489;;;2645937.331;1247684.654;;;;
1121;Tageszentrum Freiamt;Bahnhofweg 17;5610;Wohlen;AG;Amb;Psychiatrische Dienste Aargau AG;Königsfelderstrasse 1;5210 Windisch;155.69;488.69;241.57;;489;;;2662917.156;1244442.018;;;;
1122;Therapiestation Alpenstrasse Bern;Alpenstrasse 25;3006;Bern;BE;Amb, Stat;Universitäre Psychiatrische Dienste Bern (UPD) AG;Bolligenstrasse 111;3072 Ostermundigen;139.57;400.36;222.17;;364;;;2601436.93;1198982.647;;;;
1123;Therapiezentrum Meggen Fachklinik für Suchtkrankheiten;Rütliweg 1;6045;Meggen;LU;Amb, Stat;Therapiezentrum Meggen Fachklinik für Suchtkrankheiten;Rütliweg 1;6045 Meggen;0.7;4.36;7.56;;19;;;2670421.934;1211445.251;;;;
1124;Thurklinik AG;Bahnhofstrasse 123a;9244;Niederuzwil;SG;Amb, Stat;Thurklinik AG;Bahnhofstrasse 123a;9244 Niederuzwil;0.42;9.29;1.9;5;;;;2728426.384;1256255.723;;;;
1125;UATm - Clinique de Carouge;Avenue Cardinal-Mermillod 1;1227;Carouge;GE;Stat;ArKa SA;Route de Chancy 98;1213 Onex;0.84;17.93;0;20;;;;2499943.726;1115851.941;;;;
1126;UATm - Clinique et Permanence d'Onex;Route de Chancy 98;1213;Onex;GE;Stat;ArKa SA;Route de Chancy 98;1213 Onex;0.84;17.93;0;20;;;;2497019.089;1115792.628;;;;
1127;UKBB;Spitalstrasse 33;4056;Basel;BS;Amb, Stat;Universitäts-Kinderspital beider Basel (UKBB);Spitalstrasse 33;4056 Basel;176.07;422.57;85.91;108;;;;2610786.856;1268103.389;;;;
1128;UPK-Campus;Wilhelm Klein-Strasse 27;4056;Basel;BS;Amb, Stat;Universitäre Psychiatrische Kliniken Basel;Wilhelm Klein­Strasse 27;4056 Basel;108.17;342.12;189.18;;325;;;2609611.716;1268873.239;;;;
1129;USZ Flughafen;The Circle 59;8058;Zürich-Flughafen;ZH;Amb;Universitätsspital Zürich;Rämistrasse 100;8091 Zürich;1560.56;2659.17;1100.62;879;16;;;2685007.95;1256069.451;;;;
1130;USZ Stettbach;Sonnentalstrasse 23;8600;Dübendorf;ZH;;Universitätsspital Zürich;Rämistrasse 100;8091 Zürich;1560.56;2659.17;1100.62;879;16;;;2687739.736;1250266.96;;;;
1131;Unité de St-Imier;Rue du Midi 9;2610;St-Imier;BE;Stat;Réseau de l'Arc SA;Les Fontenayes 17;2610 St-Imier;152.88;421.68;100.6;87;88;8;;2566673.269;1222466.168;;;;
1132;Unité du Fuet;Les Vacheries dessus 3;2712;Le Fuet;BE;Stat;Réseau de l'Arc SA;Les Fontenayes 17;2610 St-Imier;152.88;421.68;100.6;87;88;8;;2581353.462;1233333.804;;;;
1133;Universitäts-Kinderspital Zürich;Steinwiesstrasse 75;8032;Zürich;ZH;Amb, Stat;Universitäts-Kinderspital Zürich - Das Spital der Eleonorenstiftung;Steinwiesstrasse 75;8032 Zürich;351.87;726.3;343.15;133;13;39;;2684559.481;1247374.983;;;;
1134;Universitätsklinik Balgrist;Forchstrasse 340;8008;Zürich;ZH;Amb, Stat;Universitätsklinik Balgrist;Forchstrasse 340;8008 Zürich;173.39;298.12;188.17;100;;29;;2685888.652;1245298.311;;;;
1135;Universitätsspital Basel;Hebelstrasse 32;4031;Basel;BS;Amb, Stat;Universitätsspital Basel;Hebelstrasse 32;4031 Basel;1093.27;1940.66;908.82;748;;;;2610756.889;1267827.385;;;;
1136;Universitätsspital Basel Augenklinik;Mittlere Strasse 91;4056;Basel;BS;Amb, Stat;Universitätsspital Basel;Hebelstrasse 32;4031 Basel;1093.27;1940.66;908.82;748;;;;2610371.3;1268012.135;;;;
1137;Universitätsspital Basel Universitäre elektive Orthopädie;Gellertstrasse 144;4052;Basel;BS;Amb, Stat;Universitätsspital Basel;Hebelstrasse 32;4031 Basel;1093.27;1940.66;908.82;748;;;;2613455.792;1266379.353;;;;
1138;Universitätsspital Zürich;Rämistrasse 100;8091;Zürich;ZH;Amb, Stat;Universitätsspital Zürich;Rämistrasse 100;8091 Zürich;1560.56;2659.17;1100.62;879;16;;;2683876.918;1247875.182;;;;
1139;Uroviva Klinik AG;Zürichstrasse 5;8180;Bülach;ZH;Amb, Stat;Uroviva Klinik AG;Zürichstrasse 5;8180 Bülach;5.28;20.58;6.03;13;;;;2683150.006;1263337.615;;;;
1140;Val-de-Ruz;Route de Landeyeux;2046;Fontaines;NE;Amb, Stat;Réseau hospitalier neuchâtelois RHNe;Maladière 45;2000 Neuchâtel;429.33;1041.97;321.97;317;;100;;2559588.91;1209166.57;;;;
1141;Val-de-Travers;Rue de l'Hôpital 4;2107;Couvet;NE;Amb;Réseau hospitalier neuchâtelois RHNe;Maladière 45;2000 Neuchâtel;429.33;1041.97;321.97;317;;100;;2538413.247;1197477.217;;;;
1142;Venenklinik Bellevue Kreuzlingen;Brückenstrasse 9;8280;Kreuzlingen;TG;Amb, Stat;Venenklinik Bellevue AG;Brückenstrasse 9;8280 Kreuzlingen;4.18;11.8;1.4;3;;;;2729980.045;1279522.158;;;;
1143;Vista Klinik;Hauptstrasse 55;4102;Binningen;BL;Stat;Vista Klinik;Hauptstrasse 55;4102 Binningen;2.74;6.78;0.27;8;;;;2610261.045;1265735.282;;;;
1144;Vista Klinik AG;Bahnhofstrasse 15;8808;Pfäffikon;SZ;Stat;Vista Klinik AG;Bahnhofstrasse 15;8808 Pfäffikon;0.05;0.15;0.13;5;;;;2701478.541;1228834.422;;;;
1145;Wagi-Areal Schlieren;Wagistrasse 14;8952;Schlieren;ZH;Amb;Universitätsspital Zürich;Rämistrasse 100;8091 Zürich;1560.56;2659.17;1100.62;879;16;;;2676969.132;1250251.389;;;;
1146;Wohncoaching;Moserstrasse 24;3014;Bern;BE;Amb;Universitäre Psychiatrische Dienste Bern (UPD) AG;Bolligenstrasse 111;3072 Ostermundigen;139.57;400.36;222.17;;364;;;2601092.437;1200656.196;;;;
1147;ZAE Ambi / TZ Selnaustrasse;Selnaustrasse 9;8001;Zürich;ZH;Amb;Psychiatrische Universitäts-Klinik Zürich;Lenggstrasse 31;8032 Zürich;247.33;809.71;311.97;;545;;;2682617.332;1247135.475;;;;
1148;ZAS Bülach;Bahnhofstrasse 39;8180;Bülach;ZH;Amb;Psychiatrische Universitäts-Klinik Zürich;Lenggstrasse 31;8032 Zürich;247.33;809.71;311.97;;545;;;2682863.236;1264044.068;;;;
1149;ZAS Dietikon;Löwenstrasse 15;8953;Dietikon;ZH;Amb;Psychiatrische Universitäts-Klinik Zürich;Lenggstrasse 31;8032 Zürich;247.33;809.71;311.97;;545;;;2672771.479;1250978.053;;;;
1150;ZAS Horgen;Bahnhofstrasse 6;8810;Horgen;ZH;Amb;Psychiatrische Universitäts-Klinik Zürich;Lenggstrasse 31;8032 Zürich;247.33;809.71;311.97;;545;;;2687682.921;1235103.466;;;;
1151;ZAS Uster;Gerberstrasse 3;8610;Uster;ZH;Amb;Psychiatrische Universitäts-Klinik Zürich;Lenggstrasse 31;8032 Zürich;247.33;809.71;311.97;;545;;;2696579.083;1244804.836;;;;
1152;ZAS Wetzikon;Guyer-Zeller-Strasse 21;8620;Wetzikon;ZH;Amb;Psychiatrische Universitäts-Klinik Zürich;Lenggstrasse 31;8032 Zürich;247.33;809.71;311.97;;545;;;2702304.941;1241575.136;;;;
1153;ZAS Winterthur;Albanistrasse 24;8400;Winterthur;ZH;Amb;Psychiatrische Universitäts-Klinik Zürich;Lenggstrasse 31;8032 Zürich;247.33;809.71;311.97;;545;;;2697467.892;1262521.699;;;;
1154;ZAS Zürich Nord;Thurgauerstrasse 39;8050;Zürich;ZH;Amb;Psychiatrische Universitäts-Klinik Zürich;Lenggstrasse 31;8032 Zürich;247.33;809.71;311.97;;545;;;2683906.918;1252117.593;;;;
1155;ZKJF Zürich;Neptunstrasse 60;8032;Zürich;ZH;Amb;Psychiatrische Universitäts-Klinik Zürich;Lenggstrasse 31;8032 Zürich;247.33;809.71;311.97;;545;;;2684480.13;1246720.21;;;;
1156;ZKP Brüschhalde;Bergstrasse 120;8708;Männedorf;ZH;Amb, Stat;Psychiatrische Universitäts-Klinik Zürich;Lenggstrasse 31;8032 Zürich;247.33;809.71;311.97;;545;;;2695721.492;1234373.788;;;;
1157;ZSP Ambi / TZ Heliostrasse KJPP LIFE Kriseninterventions- zentrum für Jugendliche;Heliosstrasse 32;8032;Zürich;ZH;Amb;Psychiatrische Universitäts-Klinik Zürich;Lenggstrasse 31;8032 Zürich;247.33;809.71;311.97;;545;;;2684770.07;1246355.073;;;;
1158;ZSP Ambi Limmattal;Zürcherstrasse 49;8953;Dietikon;ZH;Amb;Psychiatrische Universitäts-Klinik Zürich;Lenggstrasse 31;8032 Zürich;247.33;809.71;311.97;;545;;;2672941.115;1250726.628;;;;
1159;ZSP Ambi Oerlikon;Hofwiesenstrasse 318;8050;Zürich-Oerlikon;ZH;Amb;Psychiatrische Universitäts-Klinik Zürich;Lenggstrasse 31;8032 Zürich;247.33;809.71;311.97;;545;;;2683147.851;1251516.51;;;;
1160;ZSP Militärstrasse;Militärstrasse 8;8004;Zürich;ZH;Amb, Stat;Psychiatrische Universitäts-Klinik Zürich;Lenggstrasse 31;8032 Zürich;247.33;809.71;311.97;;545;;;2682685.317;1247844.581;;;;
1161;ZURZACH Care Akutnahe Rehabilitation;Im Ergel 1;5404;Baden;AG;Amb, Stat;ZURZACH Care Rehaklinik Bad Zurzach;Quellenstrasse 34;5330 Bad Zurzach;32.56;181.6;102.44;;;220;;2663342.712;1256244.701;;;;
1162;ZURZACH Care Rehaklinik Bad Zurzach;Quellenstrasse 34;5330;Bad Zurzach;AG;Amb, Stat;ZURZACH Care Rehaklinik Bad Zurzach;Quellenstrasse 34;5330 Bad Zurzach;32.56;181.6;102.44;;;220;;2663907.195;1271375.817;;;;
1163;ZURZACH Care Rehaklinik Baden;Bäderstrasse 16;5401;Baden;AG;Amb, Stat;ZURZACH Care Rehaklinik Baden;Bäderstrasse 16;5401 Baden;10.24;37.63;19.28;;;78;;2665837.714;1259049.798;;;;
1164;ZURZACH Care Rehaklinik Baden-Dättwil;Im Ergel 1;5404;Baden;AG;Amb, Stat;ZURZACH Care Rehaklinik Baden;Bäderstrasse 16;5401 Baden;10.24;37.63;19.28;;;78;;2663342.712;1256244.701;;;;
1165;ZURZACH Care Rehaklinik Basel;Hirzbrunnenstrasse 50/52;4058;Basel;BS;Amb, Stat;ZURZACH Care Rehaklinik Basel;Hirzbrunnenstrasse 50/52;4058 Basel;1.13;16.94;5.82;;;27;;2613200.727;1268427.397;;;;
1166;ZURZACH Care Rehaklinik Braunwald;Niederschlachtstrasse 12;8784;Braunwald;GL;Amb, Stat;ZURZACH Care Rehaklinik Braunwald;Niederschlachtstrasse 12;8784 Braunwald;1.5;8.32;13.53;;36;0;;2718424.005;1199312.001;;;;
1167;ZURZACH Care Rehaklinik Glarus;Burgstrasse 99;8750;Glarus;GL;Stat;ZURZACH Care Rehaklinik Glarus;Burgstrasse 99;8750 Glarus;0.64;11.11;3;;;11;;2723652.311;1211818.671;;;;
1168;Zentrale Bereiche;Nordring 4;3013;Bern;BE;;Hirslanden Bern AG;Schänzlihalde 11;3013 Bern;63.54;534.37;166.3;218;;;;2600609.441;1200405.044;;;;
1169;Zentrum f. psychische Gesundheit;Trichtenhauserstrasse 20;8125;Zollikerberg;ZH;Amb;Privatklinik Hohenegg AG;Hohenegg 1;8706 Meilen;15.19;52.99;19.15;;95;;;2687667.691;1244880.801;;;;
1170;Zentrum für Alterspsychiatrie;Lenggasse 44;3860;Meiringen;BE;Stat;Privatklinik Reichenbach bei Meiringen AG;Willigen;3860 Meiringen;36.86;143.78;42.24;;187;;;2657541.508;1175551.515;;;;
1171;Zentrum für Psychosomatik;Selnaustrasse 6;8001;Zürich;ZH;Amb;Sanatorium Kilchberg;Alte Landstrasse 70;8802 Kilchberg ZH;54.76;150.05;60.79;;184;;;2682685.699;1247148.838;;;;
1172;Zofingen;Mühlethalstrasse 27;4800;Zofingen;AG;Stat;aarReha Schinznach Zentrum für Rehabilitation;Badstrasse 55;5116 Schinznach Bad;24.8;101.25;58.09;;;139;;2638360.854;1238428.703;;;;
1173;Zuger Kantonsspital;Landhausstrasse 11;6340;Baar;ZG;Amb, Stat;Zuger Kantonsspital AG;Landhausstrasse 11;6340 Baar;180.1;398.37;140.58;155;;;;2681782.408;1227562.885;;;;
1174;Zurzach Care Rehaklinik Kilchberg;Grütstrasse 60;8802;Kilchberg ZH;ZH;Amb, Stat;Zurzach Care Rehaklinik Kilchberg;Grütstrasse 60;8802 Kilchberg ZH;4.31;38.9;18.37;;;36;;2682972.172;1241600.896;;;;
1175;Zurzach Care Rehaklinik Sonnmatt Luzern;Hemschlenstrasse;6006;Luzern;LU;Amb, Stat;Zurzach Care Rehaklinik Sonnmatt Luzern;Hemschlenstrasse;6006 Luzern;4.55;44.7;24.46;;;52;;2669167.83;1212541.684;;;;
1176;Zurzach Care Rehaklinik Zollikerberg;Trichtenhauserstrasse 20;8125;Zollikerberg;ZH;Amb, Stat;Zurzach Care Rehaklinik Zollikerberg;Trichtenhauserstrasse 20;8125 Zollikerberg;2.29;27.87;12.74;;;36;;2687667.734;1244880.799;;;;
1177;Zürcher RehaZentren Klinik Davos;Klinikstrasse 6;7272;Davos Clavadel;GR;Amb, Stat;Stiftung Kliniken Valens Davos c/o Stiftung Kliniken Valens;Taminaplatz 1;7317 Valens SG;17.63;42.41;26.79;;8;104;;2781554.321;1182487.203;;;;
1178;Zürcher RehaZentren Klinik Wald;Faltigbergstrasse 7;8636;Wald ZH;ZH;Amb, Stat;Stiftung Kliniken Valens Wald c/o Stiftung Kliniken Valens;Taminaplatz 1;7317 Valens SG;29.07;132.87;56.37;;;156;;2713889.112;1237165.273;;;;
1179;cereneo International AG;Seestrasse 18;6354;Vitznau;LU;Amb, Stat;cereneo International AG Neurorehabilitationsklinik;Seestrasse 18;6354 Vitznau;1.58;12.26;7.36;;;10;;2678990.604;1207661.854;;;;
1180;cereneo Schweiz AG;Hertensteinstrasse 162;6353;Weggis;LU;Amb, Stat;cereneo Schweiz AG Neurorehabilitationsklinik;Hertensteinstrasse 162;6353 Weggis;3.53;30.58;24.57;;;23;;2678990.647;1207661.854;;;;
1181;entero Klinik Entwöhnung;Steinlerweg 12;5702;Niederlenz;AG;Amb, Stat;entero Klinik Drogenentzug / Übergang / Krisenintervention;Zürcherstrasse 52;5432 Neuenhof;3;13.23;23.97;;48;;;2655902.632;1250664.197;;;;
1182;entero Klinik Entwöhnung;Hutmattenweg 11;5704;Egliswil;AG;Amb, Stat;entero Klinik Drogenentzug / Übergang / Krisenintervention;Zürcherstrasse 52;5432 Neuenhof;3;13.23;23.97;;48;;;2655902.676;1250664.197;;;;
1183;entero Klinik Entzug / Übergang;Zürcherstrasse 52;5432;Neuenhof;AG;Amb, Stat;entero Klinik Drogenentzug / Übergang / Krisenintervention;Zürcherstrasse 52;5432 Neuenhof;3;13.23;23.97;;48;;;2666287.69;1256228.483;;;;
1184;ipw AFT_Wi;Technikumstrasse 81;8400;Winterthur;ZH;Amb;IPW Integrierte Psychiatrie Winterthur - Zürcher Unterland;Wieshofstrasse 102;8408 Winterthur;94.11;314.96;125.73;;242;;;2696940.053;1261608.581;;;;
1185;ipw BSJ_Wi;Trollstrasse 18;8400;Winterthur;ZH;Amb;IPW Integrierte Psychiatrie Winterthur - Zürcher Unterland;Wieshofstrasse 102;8408 Winterthur;94.11;314.96;125.73;;242;;;2697471.457;1262096.396;;;;
1186;ipw Bülach;Gartematt 6;8180;Bülach;ZH;Amb;IPW Integrierte Psychiatrie Winterthur - Zürcher Unterland;Wieshofstrasse 102;8408 Winterthur;94.11;314.96;125.73;;242;;;2683173.518;1263719.174;;;;
1187;ipw Dielsdorf;Brunnwiesenstrasse 8;8157;Dielsdorf;ZH;Amb;IPW Integrierte Psychiatrie Winterthur - Zürcher Unterland;Wieshofstrasse 102;8408 Winterthur;94.11;314.96;125.73;;242;;;2677252.454;1259781.528;;;;
1188;ipw Embrach;Römerweg 51;8424;Embrach;ZH;Amb, Stat;IPW Integrierte Psychiatrie Winterthur - Zürcher Unterland;Wieshofstrasse 102;8408 Winterthur;94.11;314.96;125.73;;242;;;2686337.822;1264376.529;;;;
1189;ipw GAT_Wi;Salstrasse 48;8400;Winterthur;ZH;Amb;IPW Integrierte Psychiatrie Winterthur - Zürcher Unterland;Wieshofstrasse 102;8408 Winterthur;94.11;314.96;125.73;;242;;;2696357.831;1262262.144;;;;
1190;ipw GEZ_Wi;Rudolfstrasse 19;8400;Winterthur;ZH;Amb;IPW Integrierte Psychiatrie Winterthur - Zürcher Unterland;Wieshofstrasse 102;8408 Winterthur;94.11;314.96;125.73;;242;;;2696788.794;1261976.987;;;;
1191;ipw Glattbrugg;Feldeggstrasse 5;8152;Glattbrugg;ZH;Amb;IPW Integrierte Psychiatrie Winterthur - Zürcher Unterland;Wieshofstrasse 102;8408 Winterthur;94.11;314.96;125.73;;242;;;2684627.309;1254131.008;;;;
1192;ipw ISW;Tösstalstrasse 19 und 53;8400;Winterthur;ZH;Amb;IPW Integrierte Psychiatrie Winterthur - Zürcher Unterland;Wieshofstrasse 102;8408 Winterthur;94.11;314.96;125.73;;242;;;2697523.501;1261610.218;;;;
1193;ipw KIZ_Wi;Bleichestrasse 9;8400;Winterthur;ZH;Amb, Stat;IPW Integrierte Psychiatrie Winterthur - Zürcher Unterland;Wieshofstrasse 102;8408 Winterthur;94.11;314.96;125.73;;242;;;2696374.451;1262258.463;;;;
1194;ipw Kloten;Bahnhofstrasse 6;8302;Kloten;ZH;Amb;IPW Integrierte Psychiatrie Winterthur - Zürcher Unterland;Wieshofstrasse 102;8408 Winterthur;94.11;314.96;125.73;;242;;;2686289.265;1255983.523;;;;
1195;ipw PP_Wi;Haldenstrasse 63;8400;Winterthur;ZH;Amb;IPW Integrierte Psychiatrie Winterthur - Zürcher Unterland;Wieshofstrasse 102;8408 Winterthur;94.11;314.96;125.73;;242;;;2697297.403;1262603.984;;;;
1196;ipw STS 210;Schlosstalstrasse 210;8408;Winterthur;ZH;Amb;IPW Integrierte Psychiatrie Winterthur - Zürcher Unterland;Wieshofstrasse 102;8408 Winterthur;94.11;314.96;125.73;;242;;;2693998.13;1262372.007;;;;
1197;ipw Winterthur;Wieshofstrasse 102;8408;Winterthur;ZH;Amb, Stat;IPW Integrierte Psychiatrie Winterthur - Zürcher Unterland;Wieshofstrasse 102;8408 Winterthur;94.11;314.96;125.73;;242;;;2693877.778;1262515.917;;;;
1198;reha andeer ag;Veia Granda;7440;Andeer;GR;Amb, Stat;reha andeer ag Rehabilitationsklinik;Veia Granda;7440 Andeer;0;8.04;6.87;;;17;;2752279.13;1163328.191;;;;
1199;Ärztezentrum Limmatfeld;Heimstrasse 1;8953;Dietikon;ZH;Amb;Kantonsspital Baden AG;Im Ergel;5404 Baden;459.39;927.92;408.43;370;;;;2672917.139;1251363.199;;;;
