I,ID,Aigle Pôle Physio-Ergo d'Aigle,Biotonus,CIC,Centre Hospitalier Universitaire Vaudois,Chamoyron,Château-d'Oex,Clinique Bois-Bougy,Clinique Bois-Cerf,Clinique Cecil,Clinique La Prairie,Clinique Valmont,Clinique de Genolier,Clinique de Montchoisi,Clinique de la Source,Clinique la Lignière,Clinique la Métairie,Espace Santé Rennaz,Fondation Rive-Neuve,Grand-Chêne,HRC,Hôpital d'Orbe,Hôpital d'Yverdon-les-Bains,Hôpital de Chamblon,Hôpital de Gilly,Hôpital de Lavaux,Hôpital de Morges,Hôpital de Nyon,Hôpital de Rolle,Hôpital de Saint-Loup,Hôpital de la Vallée de Joux,Hôpital ophtalmique Jules-Gonin,Hôpital psychiatrique Nant,Hôpital d'Aubonne,Institution de Lavigny,La Tour-de-Peilz,Les Communaux,Les Moulins,Les Rosiers,Molage,Montreux,Mottex Réadaptation/gériatrie,Moudon,Payerne,Permanence de Cossonay,Providence Permanence médicale Riviera Réadaptation/gériatrie,Psychiatrie Nord CPNVD,Psychiatrie Ouest Hôpital de Prangins,Pôle Santé Pays-d'Enhaut,Rennaz Centre hospitalier de Rennaz,Samaritain Site administratif
177,Aclens,45246.94298,34922.87591,32420.85619,10927.39241,30067.65535,48354.90528,30587.90892,11019.1978,9966.296368,31771.02009,35823.981,26303.24226,11474.6369,9989.576535,23097.2546,30539.08644,37794.2272,30682.29528,44919.57815,37753.79649,18176.23563,25066.09164,24804.54885,19106.0536,18502.97732,5025.443491,29830.13701,16977.71838,11074.2011,22538.5387,9807.649687,27983.8673,12618.68145,10471.98008,29694.96921,28432.26839,27839.8072,28084.33648,44637.3279,34033.8484,31051.4656,25004.00878,43505.62437,5281.689022,29000.64891,26094.04433,27024.82358,49340.96733,37753.76305,28881.46539
179,Agiez,57570.91627,45097.04257,42668.61132,23846.87021,39573.64688,54700.99056,44112.44886,24872.27358,23767.17995,42067.37591,45920.16948,37781.2636,25238.03558,23225.3065,36653.29533,44042.46245,49353.62834,40304.78354,57225.11869,49257.28541,2227.864536,12066.89585,10156.79928,31784.41943,30366.07051,21911.46936,43121.32412,30926.47085,5899.97378,25611.33047,23350.78657,37530.78761,26969.71378,25242.3202,40158.84671,38755.55808,38094.87317,11159.19009,56764.26697,44179.70948,40740.99966,23071.54294,35189.2327,11695.53297,39316.62263,12680.75438,40558.09066,55378.40648,49257.26015,39076.37149
0,Aigle,1032.805771,12806.69036,14708.57744,33771.21417,18088.76873,21368.31674,56695.50407,33352.86014,34454.95767,15180.3081,12304.8867,58989.07169,32902.91934,34627.37926,53081.02481,56729.54943,7412.525273,17362.42552,687.1833644,7553.014193,56330.42862,55981.02133,58045.82665,53230.28505,26427.13599,42132.67352,56937.76006,49989.3497,52301.70705,65005.3192,34701.27144,19785.0815,48108.03907,46984.24784,16764.17844,18146.05349,18796.44312,66243.02081,568.5114925,13573.88444,16930.04614,40987.10347,55753.59043,48135.99408,17633.705,56957.07744,54895.74733,22576.73176,7553.029716,17932.74595
178,Allaman,47522.5528,40642.39135,38374.06615,19801.74039,37039.86552,56205.38763,16691.43687,18734.80193,18359.21927,37761.83612,41518.81034,13897.32027,19057.78862,19029.64229,9405.233318,16649.50294,41696.98418,37463.3968,47244.94343,41726.37105,30781.46692,38755.7848,38140.5082,6848.810281,25526.95846,9979.854839,16025.08452,3694.247691,23395.30404,19743.68415,18605.34701,35228.20291,2430.982582,3839.813371,35812.68295,34882.99478,34451.63331,39585.83006,47214.51117,39886.23049,37720.58416,38296.57183,57357.8761,18123.52694,35369.96791,39739.48966,13193.86958,57358.3395,41726.33161,35386.76027
176,Arnex-sur-Nyon,60116.7864,56346.85466,54368.17988,38281.18622,53708.3472,72658.66608,2880.205603,37046.22329,36845.30145,53818.30579,57154.09926,8146.027652,37307.80845,37588.91233,9491.932907,2851.356441,56057.51916,54001.27879,59903.56577,56137.0542,47423.6249,56330.78237,55249.39451,13783.20198,43015.80966,28844.31169,2948.073482,15590.89256,40354.99698,25352.65227,37148.73805,52144.30848,19945.35686,22102.01009,52073.82116,51395.40313,51080.61871,54649.88151,60094.98034,55722.48066,54179.94863,57159.98724,76066.93858,35891.2129,51804.6518,57229.74102,5726.631365,73890.44347,56137.0132,51896.45023
175,Arnex-sur-Orbe,54841.4808,42540.34972,40090.10792,20913.0325,37051.09929,52663.11028,41985.34018,21910.66687,20800.78233,39480.16938,43376.26644,35952.8304,22281.66134,20273.69297,34468.75196,41918.71474,46674.93874,37775.52871,54496.67322,46583.7395,4216.544059,13163.17432,11829.99627,29688.27213,27553.54068,19049.60466,41029.5224,28620.94217,3182.314691,24924.55502,20389.71568,34987.06892,24551.23772,22737.93167,37542.46775,36143.25633,35484.34565,14126.63676,54052.11797,41620.80832,38207.87706,21829.68384,35543.67089,8850.759038,36709.09546,13957.11305,38407.30863,53386.29603,46583.71334,36479.16585
290,Arzier-Le Muids,60531.76427,54704.56989,52496.87641,33925.16683,51287.78919,70456.23151,9415.443995,32950.11506,32493.21447,51896.33898,55567.14471,1339.731763,33291.80538,33104.45964,7002.29111,9319.100091,55351.02842,51692.00645,60279.07998,55398.2589,39274.06161,48544.44873,47209.59256,7535.309224,39829.9255,23499.96026,8215.852201,10618.1461,32501.75137,16167.23326,32697.4025,49504.15108,14294.06458,16366.5411,49983.67807,49099.21278,48686.31162,45900.96557,60341.25409,53977.98313,51936.51906,51233.90798,69352.16071,28662.64437,49573.67585,49380.35671,7432.243049,71620.64529,55398.21862,49604.18871
297,Assens,43402.31078,31164.15555,28696.33287,10247.58623,25723.39941,42209.84781,40172.71678,11562.23424,10591.72207,28079.5154,32012.0107,36012.88972,11838.63056,9853.413609,32739.30132,40127.76634,35227.44671,26437.71545,43057.07332,35136.83115,14176.95418,17560.95768,18258.8262,28825.72073,16205.62114,13679.78179,39455.58799,26634.20012,10308.04993,30314.47166,10109.67881,23638.42977,22287.63267,20124.71792,26121.47986,24726.3062,24069.34675,24486.56291,42607.22544,30243.59784,26864.44699,15388.94011,33864.84946,8577.081774,25295.10159,18661.76511,36636.3182,43040.10746,35136.80487,25073.52282
294,Aubonne,49230.04846,41720.02267,39387.1604,19847.58366,37843.59515,56957.04089,18050.67774,18958.34693,18428.16741,38761.7225,42608.48088,13993.34103,19324.42737,19004.87934,10509.90843,17997.04615,43103.71093,38309.06557,48943.22577,43121.58267,28566.57505,36844.6146,36077.66222,6677.52748,26134.14278,9362.797203,17247.37035,4396.078361,21218.9037,17331.13163,18607.21693,35957.7024,375.8219839,2240.163554,36767.53657,35763.55546,35295.88743,37122.7679,48873.80522,40932.4853,38590.70192,37413.81305,56120.26639,16200.29904,36271.9389,37800.91327,14464.3239,58078.96614,43121.54392,36262.89226
275,Avenches,63510.97399,50760.13295,49920.26281,49842.4406,47145.56397,45600.17497,83804.63631,51394.93693,51069.1367,49796.51023,50934.70919,79303.9663,51345.95913,50188.50325,76355.67827,83759.56683,56373.19366,47635.45527,63228.77114,56172.38312,42070.97291,32287.58783,34738.513,72279.20124,49382.92841,57234.06049,83080.59989,70240.28365,47280.62027,69771.4808,50628.19676,46644.27045,65883.33892,63729.87575,49461.85233,48667.75559,48309.1844,42145.98887,62401.07875,50298.389,47930.84465,29531.54372,9767.493011,50400.88788,48838.7537,31851.49264,80264.73545,45142.85854,56172.39102,48493.23813
181,Ballaigues,63209.60098,51281.15385,48804.49709,28680.15939,45850.58958,61723.96408,42111.88686,29419.58907,28282.73016,48182.73913,52133.32927,34971.17045,29835.32627,27915.34053,35013.7598,42031.76325,55187.46061,46564.75178,62868.28248,55107.69803,9280.916801,18520.69223,15988.55971,29991.48167,35801.20763,24009.5944,41020.28568,29906.42349,9929.49293,20425.63127,27939.15211,43764.95719,26556.45103,25272.52338,46203.13625,44815.46597,44161.77676,11778.32861,62467.19135,50360.51758,46991.04675,30511.01866,41950.41851,14652.54023,45387.33544,18877.33138,38708.20882,62448.12163,55107.67,45174.87176
180,Ballens,52939.54723,44033.2503,41587.26928,20536.2389,39585.10906,58323.8393,22992.46104,20121.66797,19284.6131,40941.9606,44936.85223,17055.50221,20556.21895,19596.74071,15552.86684,22922.7438,46166.00206,40139.26068,52633.14432,46156.75017,23074.99063,32008.78173,30875.53771,10666.26429,27753.7862,10157.69867,22008.74505,10086.64087,15990.88678,12965.15842,19294.199,37565.44736,6930.405548,6290.738875,38880.53039,37725.34771,37183.87196,30969.38968,52471.5648,43184.58515,40472.53957,35128.18875,52732.07837,12011.23953,38272.63107,32886.25599,19439.84299,59361.88578,46156.71352,38204.01422
184,Bassins,59245.95248,53157.64135,50927.41551,32154.58185,49660.29507,68828.15136,10223.67018,31202.37706,30726.0329,50322.21127,54025.22097,2358.372418,31549.93315,31326.02343,6233.425197,10130.27757,53919.29535,50075.60958,58987.97299,53962.18626,37543.22405,46766.22707,45465.36159,5800.507841,38147.68416,21686.25021,9026.815354,8971.96337,30720.9575,15223.88478,30922.25154,47856.96555,12502.68745,14554.36171,48394.23328,47488.83714,47066.17957,44329.20689,59031.21838,52420.44,50326.77041,49379.24577,67505.29656,26824.49103,47969.48866,47610.28609,7665.390004,69984.69715,53962.14616,47993.29491
183,Baulmes,63374.96285,50348.15429,48019.68915,30794.89804,44770.84284,58184.6396,51500.50123,31966.87514,30902.52882,47454.94431,51119.21156,44823.72941,32296.89558,30275.19844,44130.22466,51426.80596,55008.33623,45515.17477,63026.87885,54893.33792,6727.244942,9735.653845,6714.697032,39187.9656,36710.33786,29757.8579,50470.99227,38543.06813,13766.28609,31081.67378,30455.57659,42825.51541,34691.64667,33026.0873,45668.67075,44267.28405,43608.43087,3892.353466,62503.53228,49447.55065,45959.05083,25207.88478,32542.12878,19545.52076,44805.21682,9624.932996,47984.50267,58715.59117,54893.31621,44532.16819
182,Bavois,51632.08606,39078.31282,36655.21096,18402.77429,33550.57247,48851.2331,43075.66141,19572.62121,18513.68358,36056.51377,39899.16431,37569.30186,19900.83188,17879.34329,35509.10034,43015.41128,43380.96191,34282.40402,51285.57924,43281.54406,5816.092406,11717.10422,11288.53691,30934.71763,24556.35425,18504.36232,42187.79756,29489.30672,5100.011848,27909.99925,18063.37539,31510.96644,25240.04217,23260.40084,34158.557,32754.23481,32093.14244,16171.82456,50811.81796,38161.54296,34719.06465,18052.97825,32747.16148,8937.726166,33313.28213,12693.84891,39478.36307,49561.09688,43281.51934,33069.50927
161,Begnins,57292.13933,51740.2643,49570.52715,31557.71558,48470.29319,67626.38695,7744.190428,30495.01515,30116.15685,48978.36654,52594.55874,2357.796021,30814.33489,30774.54422,3652.027141,7656.550543,52237.47609,48851.7267,57043.03394,52289.35622,38875.17998,47867.13131,46724.52376,5513.389227,37155.09283,21413.35623,6591.845877,8100.061205,31855.44962,17922.1163,30354.09225,46730.70624,12198.38085,14353.62249,47094.22228,46249.72145,45856.52293,46114.41278,57118.28227,51030.93854,49083.03252,49522.75763,68043.25174,27570.8058,46711.83556,48749.94901,4833.933594,68806.46109,52289.31577,46755.18199
160,Belmont-sur-Lausanne,32328.33957,21122.89181,18611.79672,3080.199251,16192.26238,34710.2196,38387.71543,3912.652095,4420.61461,17963.80379,22018.75005,36526.82837,3617.263156,4017.134675,31787.58739,38369.20374,24426.39697,16808.07238,31988.14213,24361.83053,25679.28641,27955.21489,29194.66092,29312.71695,4923.305209,13793.19623,37980.38949,26326.36024,20982.88091,36248.13661,4333.368702,14111.64436,22622.08698,20686.54017,15895.06188,14597.75044,13991.7595,35982.83335,31603.8807,20222.61597,17180.10738,18902.01538,38838.85155,16915.65422,15170.5156,29050.30672,35212.15354,35750.27967,24361.80017,15035.35605
159,Belmont-sur-Yverdon,54820.46744,41501.978,39252.04051,24169.04257,35937.91072,48763.46027,51014.79928,25564.39586,24631.78818,38715.43721,42237.9516,45377.59841,25810.00395,23864.33827,43450.08717,50953.83995,46392.89664,36683.27469,54472.47059,46265.23602,7031.049229,3781.828795,4362.747748,38841.51662,28993.66486,26191.96999,50118.18799,37438.89495,12444.37665,34547.39453,24144.28442,34071.92832,33190.38534,31203.61307,37028.66597,35643.68942,34993.67246,13092.21033,53904.79914,40617.71785,37127.76366,15783.83102,26042.53054,16886.99851,36159.41358,4807.161717,47418.11066,49284.90082,46265.21701,35866.55793
9,Bercher,46912.08973,33378.5502,31218.56577,19256.58573,27860.54877,40262.69191,51052.73893,20815.56679,20132.10599,30714.16882,34077.85348,46529.91953,20934.61788,19259.62737,43570.71951,51005.137,38466.80361,28601.74601,46565.59637,38327.57298,13976.98137,10108.81337,12400.70222,39470.72823,22370.4604,24648.45083,50303.37959,37450.70456,15859.0329,38577.32677,19639.84467,26094.27065,33090.96952,30945.19306,29145.03832,27791.49759,27158.22416,21610.79025,45959.26286,32514.57028,29043.86568,7569.125913,23065.09756,17785.60576,28277.92471,11078.13612,47495.92815,40802.14638,38327.55668,27966.6191
162,Berolle,55814.25116,47026.35134,44583.22009,23530.11971,42587.51371,61316.34701,22354.83886,23124.03415,22284.44124,43938.27171,47929.72734,15666.34382,23558.62221,22589.19706,15228.58461,22277.02924,49112.90657,43141.41979,55510.51841,49106.1134,24187.35868,33480.1639,32116.2371,10203.90053,30755.76867,13146.2067,21288.40704,10568.8098,17457.57035,10036.53322,22290.18636,40567.52774,8507.6363,8526.902886,41877.96851,40725.65972,40185.13658,31310.69474,55361.93385,46179.47206,43474.35301,37623.62155,54798.94827,14202.45551,41272.39162,34301.61644,18917.60715,62350.8324,49106.07654,41204.76087
156,Bettens,46254.61947,34255.88506,31772.52227,12258.16378,28861.45965,45495.43866,38780.50519,13339.16478,12257.11538,31148.17516,35113.74628,34099.16101,13687.56193,11666.79566,31254.68158,38729.22345,38166.88647,29567.66418,45911.27998,38083.73455,11976.33805,17116.12096,17264.9036,27058.30389,18897.29349,12923.40743,37992.32192,25135.80723,7136.945707,27332.79889,11820.61143,26765.09377,20779.89345,18662.68895,29162.57003,27776.68496,27124.07257,22375.06744,45488.07033,33335.45193,29989.65185,17908.74147,35489.83225,5654.411161,28349.26778,18181.65759,35203.05192,46326.43536,38083.70704,28140.27208
1,Bex,7464.352971,21109.22027,23137.97599,41968.04086,26511.73133,25971.57214,62113.49583,41453.11835,42571.43617,23631.52029,20519.50811,65190.73624,41009.29641,42798.26821,59234.4449,62157.29304,15891.38117,25777.64574,7812.595545,16024.17408,64789.19848,64450.49086,66532.49707,59879.89727,34747.60316,49838.13299,62482.63267,56693.70645,60633.34024,72434.43114,42844.79887,28254.34371,55192.31692,54238.38213,25252.54984,26637.02777,27288.20948,74728.29747,8385.954699,21923.07377,25340.18148,49309.70818,63330.47403,56324.85664,26121.98548,65420.8082,60664.05657,26970.69236,16024.19166,26418.27621
158,Bière,54725.34315,46462.20335,44055.56625,23413.7253,42223.73813,61134.89584,19913.40022,22840.30001,22093.55533,43416.34453,47361.82194,13556.09906,23256.95788,22492.8011,12690.63081,19838.01691,48269.02116,42746.70989,54429.14946,48272.59872,26353.30544,35464.10471,34228.46544,7671.423643,30382.74916,12741.86088,18872.24018,8010.304478,19420.02234,11348.40043,22156.96772,40245.94032,6428.672839,6967.244327,41375.20552,40274.96308,39759.69191,33768.57101,54316.85854,45636.29082,43061.58373,38697.45442,56344.62489,15624.12787,40809.15392,36319.43303,16435.1753,62202.63259,48272.561,40763.2072
157,Bioley-Magnoux,50245.47658,36597.1511,34513.57051,22974.68955,31138.28403,42439.27235,53920.52199,24523.56331,23806.9039,34033.08566,37262.56991,49045.33098,24656.41958,22942.4516,46389.91368,53869.00662,41808.12192,31872.85881,49900.50757,41662.26889,13594.42111,7169.325874,9909.854443,42120.3789,26125.24833,27790.3311,53126.97442,40273.14191,17182.6676,39969.26206,23312.26501,29449.30519,35919.0597,33802.96634,32541.38772,31210.5142,30588.735,19566.39825,49271.91546,35752.73846,32311.17214,9280.027468,20716.16855,20095.67856,31679.11366,7973.715639,50341.53072,42886.87829,41662.2543,31358.93271
299,Blonay - Saint-Légier,18823.40054,5128.358216,3158.919775,19922.92176,762.1172114,18408.19354,51672.86297,20211.4897,21080.43029,2865.437764,5860.685183,51504.78611,19777.17322,20871.97849,46123.61411,51677.0136,10461.55186,679.1864828,18482.35456,10297.13681,39609.78033,38357.40697,40553.15303,44650.07465,12598.04618,30260.93803,51537.36304,41450.6293,36621.45823,53106.33313,21122.64271,2809.313958,38344.31967,36652.93872,2873.051628,3073.34943,3377.948181,49134.15325,17820.80053,4267.692958,958.8431322,23201.09545,39163.1599,33442.74561,2753.351199,39306.0144,48982.10948,19578.5789,10297.12742,2586.553678
171,Bofflens,56754.93363,44496.73042,42043.61006,22693.93677,39011.9957,54603.38953,42210.73173,23641.87229,22522.51091,41432.36701,45334.21206,35909.50191,24023.24321,22026.8541,34749.01724,42140.91809,48606.05727,39735.66501,56410.53821,48516.30693,3962.46721,13672.81151,11937.17036,29883.29986,29435.91354,20189.10237,41221.61221,29023.17767,4201.149213,24042.77798,22124.07526,36945.90387,25075.70168,23361.60038,39489.74472,38091.5472,37433.08266,12822.60009,55971.84864,43576.98189,40167.55357,23547.18709,36549.59988,9991.483944,38658.17934,14352.59846,38655.07637,55319.51547,48516.28053,38430.11832
173,Bogis-Bossey,61868.10979,58636.76101,56717.24279,41152.37198,56178.05832,75028.94425,5354.266931,39885.29789,39722.00065,56180.71647,59428.30529,11056.49454,40133.74154,40480.77227,12565.42192,5372.066925,58123.9884,56446.59693,61666.81604,58211.28883,50542.04905,59464.07904,58375.53068,16917.2179,45677.8435,31872.37506,5868.887202,18680.89483,43484.86805,27999.40712,40037.86887,54664.69296,23039.80308,25190.59054,54479.80601,53847.89765,53554.81206,57691.62379,61893.31347,58037.97146,56610.65619,60187.66843,79156.93258,39022.43999,54241.7764,60362.1043,8700.852592,76273.11757,58211.24782,54346.13645
174,Bonvillars,63209.56445,49480.07502,47470.88132,35091.92298,44090.58157,53728.5191,61952.67125,36560.39995,35697.04164,47010.66414,50109.57776,55900.12695,36764.75069,34888.08137,54416.99527,61887.36893,54789.73179,44817.51034,62866.33767,54638.68461,16066.55559,7725.378833,8160.985045,49672.25009,39040.64112,37608.83198,61008.85033,48497.08326,23078.32637,43348.12557,35202.49732,42462.67705,44324.815,42399.31063,45575.34982,44259.17266,43644.09608,13567.91808,62218.40792,48656.79047,45251.3211,21426.2422,21176.31404,28087.1333,44717.16898,6643.138665,58367.54126,53996.67071,54638.67144,44392.20913
172,Borex,61225.05887,57306.27238,55306.01184,38933.60671,54596.00814,73582.88783,4001.112513,37726.12092,37494.16124,54751.11027,58118.92324,7834.568806,37997.79076,38223.77634,9973.871132,3958.313951,57089.50839,54899.6068,61009.3967,57166.77565,47455.91891,56459.90866,55316.45589,13977.10283,43810.94863,29335.3544,3819.309058,15998.20715,40451.02797,24806.91429,37786.41103,53009.15865,20328.67442,22494.83526,52989.6662,52291.67112,51967.37044,54499.32348,61193.25542,56672.65047,55084.51587,57633.17068,76425.22121,36108.25433,52707.43076,57344.81571,6422.46101,74809.40015,57166.73466,52793.73367
169,Bottens,41410.69424,28744.79983,26324.70797,10239.86053,23219.26765,39112.62847,42752.60828,11761.11651,11009.38887,25728.46652,29565.88437,38941.08669,11923.43335,10151.03712,35411.07634,42712.2089,33107.11302,23950.12349,41063.23265,33002.5579,15948.05917,17413.57075,18650.94841,31693.10458,14774.97022,16105.72823,42086.81004,29348.59249,13246.03931,33685.24049,10513.91603,21177.38938,25041.39457,22872.44045,23844.7355,22439.4452,21778.0239,25931.14656,40567.38843,27828.15939,24386.34742,12341.83076,31422.12649,11950.35534,22995.28037,18512.62145,39257.20593,39910.11547,33002.53411,22746.72292
163,Bougy-Villars,50731.38109,43761.3901,41472.43758,22406.42617,40062.58098,59214.72969,15378.83375,21445.87734,20975.06937,40855.67704,44641.6145,11290.60037,21794.72883,21586.68338,7813.875884,15321.71759,44888.33522,40502.68409,50454.08948,44916.06324,30941.1469,39409.97546,38553.9866,3989.609463,28454.0479,12067.10635,14539.56978,1836.464602,23648.39868,16959.1663,21178.7995,38219.2925,2836.767395,4994.791692,38890.51116,37933.82794,37488.51179,39199.60384,50424.33856,42995.58898,40769.23362,40182.90104,58876.44356,18806.36166,38428.93747,40350.59407,11782.88598,60355.04342,44916.02388,38436.27209
166,Boulens,45453.56589,31902.19451,29751.53334,18386.39949,26390.29341,38834.86998,50889.61983,19959.64442,19333.57595,29250.7864,32598.27851,46575.84174,20052.44851,18451.41164,43447.14259,50844.48624,37008.69113,27130.76909,45107.30939,36868.24908,15212.88426,11581.77298,13889.96301,39454.07725,21140.39282,24357.52828,50168.15243,37336.0914,16579.86917,39155.15714,18846.68668,24636.09694,32983.10954,30824.90959,27696.28348,26347.71827,25717.15878,23069.03677,44497.10782,31040.25331,27572.4839,6397.606436,23148.34568,18049.62433,26830.04171,12538.80768,47350.7011,39387.74771,36868.23309,26516.65052
281,Bourg-en-Lavaux,27914.83757,16771.52041,14269.64155,7224.569447,12067.8329,30975.4898,40454.31556,7396.423719,8289.901361,13619.74374,17672.461,39361.64113,6962.128054,8162.747806,34282.97204,40445.3836,19975.34737,12632.40098,27573.26643,19910.27113,29789.82959,31262.09064,32755.04049,32302.66906,605.4751687,17460.73595,40161.78602,29183.83983,25375.5707,40311.21678,8370.551645,10056.09496,25799.18664,24008.35043,11543.50638,10293.97936,9717.378618,39998.26631,27175.75498,15882.60762,12977.67196,20177.40998,39725.81923,21364.45222,10858.40178,32337.26643,37469.21134,32072.55804,19910.24082,10753.48295
165,Bournens,45171.38449,33636.51415,31130.46103,10634.48096,28379.31226,45669.00966,36283.34083,11503.65949,10379.5279,30493.27588,34513.55343,31824.63873,11893.32163,9915.912884,28783.44975,36234.10735,37242.33783,29061.05362,44831.64648,37171.88455,14128.84969,19768.39008,19841.76737,24701.38836,17768.08703,10264.94717,35518.84879,22662.24051,8243.089562,26123.75471,9990.358351,26267.69372,18301.98146,16163.30139,28462.54212,27103.87981,26464.45816,24473.42585,44449.18332,32720.34573,29469.00481,19715.73737,37846.88057,4562.943683,27680.41728,20829.77275,32717.15587,46557.63707,37171.85508,27498.64883
164,Boussens,44014.49851,32277.44752,29777.85978,9759.630757,26968.74114,44101.8321,37415.35433,10798.45399,9709.232149,29144.90985,33148.15552,33168.09034,11154.24307,9137.114251,29955.93251,37368.81536,36008.17428,27659.19065,43672.88507,35932.08049,14529.19048,19354.69305,19676.08953,25992.4461,16610.11653,11071.88652,36680.97331,23842.70165,9276.829261,27758.21093,9278.037375,24860.03795,19488.97597,17331.55016,27129.41308,25759.08034,25114.04585,24926.70068,43270.70063,31359.1017,28072.20966,18231.28602,36635.87323,6171.845491,26334.71822,20436.95755,33867.05102,44980.68951,35932.05186,26142.65825
168,Bremblens,43421.7643,33533.08076,31049.79883,9696.977129,28864.42212,47453.9816,29305.40582,9482.878937,8534.424218,30400.36163,34437.2193,25580.19485,9934.717954,8749.338024,21925.66123,29262.43195,36140.35767,29447.91009,43098.89266,36109.66546,20509.98948,27077.80026,26959.30176,18285.10919,17117.53361,2889.791539,28614.97053,15860.60987,13474.95485,23506.0355,8480.980746,26812.11581,11568.88996,9403.108588,28325.32581,27109.52606,26540.45526,30481.04837,42846.44133,32659.65394,29799.20593,25791.47974,44744.10893,7694.490122,27669.36431,28124.74143,25788.46986,48479.684,36109.63092,27574.35392
170,Bretigny-sur-Morrens,40574.08155,28330.07406,25858.924,8051.482244,22903.01764,39627.40279,40373.79235,9511.594545,8680.912991,25240.82991,29180.42366,36737.93382,9717.644782,7850.201701,33073.29562,40334.98687,32387.42817,23614.25911,40228.53662,32296.12804,16908.30533,19451.59993,20453.3372,29460.53423,13451.2063,13724.60099,39726.98661,27037.98882,13097.62303,32261.8113,8184.172332,20813.30535,22759.19099,20593.44563,23279.56131,21885.05738,21228.46699,27146.29866,39774.08842,27409.44865,24039.33714,14607.73044,33881.26483,10724.58996,22454.28708,20556.01771,36895.61436,40487.53562,32296.10187,22234.23035
167,Bretonnières,58725.96182,46561.59692,44101.01045,24487.96147,41091.33362,56756.57966,42148.90681,25369.18111,24240.68856,43486.51031,47403.51412,35572.34096,25762.97672,23786.41368,34770.11214,42075.76199,50612.3242,41812.41241,58382.38401,50525.50784,5050.460837,14868.82674,12797.10609,29831.47861,31364.79356,21243.9859,41125.72259,29203.71573,5659.40586,22857.1862,23859.35797,39018.9867,25414.47288,23822.00075,41532.34084,40136.79993,39479.52713,11988.80685,57954.69633,45641.38163,42242.77746,25614.99305,38053.90899,11200.30084,40705.18828,15434.18692,38627.52203,57473.49914,50525.48095,40481.68997
222,Buchillon,45734.33714,38706.97876,36432.05314,17938.95255,35087.10396,54252.33023,18251.4396,16838.65486,16495.39759,35818.63277,39584.87877,15825.18011,17153.4296,17185.70598,11145.40399,18215.45691,39816.92827,35511.66963,45453.23046,39843.68405,30116.41792,37780.88133,37301.50195,8801.440023,23578.6171,8439.85475,17652.4792,5634.901001,22723.93836,21072.40688,16756.32058,33274.99426,3367.557728,3613.308427,33865.92445,32932.268,32499.6397,39208.40989,45408.77278,37947.48234,35769.72154,36696.95216,55907.93461,17257.57692,33420.2208,38785.67615,14823.67204,55405.07864,39843.64475,33435.9116
221,Bullet,66170.10169,52837.31455,50598.73339,34670.56603,47278.46835,59413.6771,56524.5714,35937.66369,34914.29632,50064.38597,53565.8293,49821.72414,36237.73484,34230.32557,49153.14174,56450.81187,57743.8223,48023.5663,65822.06574,57616.33405,11275.00799,9829.257483,7200.44897,44212.28368,40092.8846,34465.50185,55494.11227,43551.05772,18576.29153,35775.65029,34449.1018,45421.1599,39671.97401,37977.73151,48379.42836,46993.72564,46343.18214,4394.300931,65255.76206,51956.25391,48467.90139,26260.75975,30241.83657,24292.09357,47510.22601,9178.212272,53008.80152,59843.10056,57616.31502,47217.66536
217,Bursinel,52875.12321,47170.58325,45000.37576,27235.05756,43913.75045,63065.40727,9653.352748,26116.5769,25791.47787,44408.53028,48025.42208,6897.980571,26420.83999,26481.2496,2085.49391,9595.051382,47706.54292,44290.70321,52620.91479,47756.06302,36514.35715,45108.42389,44197.46796,3256.676378,32648.38947,17391.348,8814.57534,4060.790177,29276.75726,18998.09957,26052.60464,42185.24275,8417.76073,10571.96971,42526.53243,41687.45883,41297.91389,44458.39688,52678.76241,46460.65283,44519.78089,45680.2405,64538.04932,24528.22926,42147.58117,46040.3608,6056.025518,64248.25221,47756.02266,42192.93325
218,Bursins,54528.78545,48595.13828,46394.95438,28179.22123,45223.80484,64389.07642,9877.47132,27125.22451,26738.08442,45796.47735,49456.52903,5534.728088,27447.93647,27393.91028,2783.386429,9805.98779,49251.76619,45618.35872,54271.35173,49297.40101,36195.35608,44993.35412,43966.34286,2456.251206,33841.15158,18049.21252,8888.117515,4719.082052,29051.67511,17455.59985,26973.99901,43460.94226,8858.192882,11022.79011,43891.87081,43021.47418,42616.5379,43839.73727,54317.27087,47871.59293,45857.66463,46212.43831,64849.85766,24538.70573,43491.31519,45901.06685,6364.735498,65560.53631,49297.3608,43526.72181
220,Burtigny,57228.78739,50973.62142,48732.66923,29918.43655,47441.29782,66607.90252,10807.87641,28962.27667,28488.98042,48125.35385,51843.62714,4061.001247,29309.45913,29092.29359,5151.062853,10721.68162,51801.71286,47860.72804,56966.93278,51841.82192,35941.51753,45033.49841,43822.53602,3563.134039,35913.20245,19474.09363,9666.222557,6765.436827,28997.06973,15150.13977,28687.40988,45631.41299,10273.25537,12340.67372,46190.67521,45276.56728,44850.13736,43058.38687,56996.15943,50231.23598,48114.47659,47266.65384,65522.74072,24904.153,45759.68653,45899.21545,7707.984908,67761.74216,51841.78194,45780.76666
289,Bussigny,41518.67169,31140.02354,28639.93201,7150.33952,26321.91704,44741.00613,31842.58112,7246.173254,6180.143248,27989.99523,32041.6695,28390.84142,7700.475365,6208.063332,24554.95857,31803.64009,34016.61467,26928.2768,41189.48509,33974.50894,20003.27741,25660.04287,25841.71542,21081.38829,14715.71273,5193.666889,31197.39054,18548.37037,13472.85583,26146.24721,6017.929819,24246.38884,14318.8815,12168.70003,25913.54386,24657.76105,24069.46133,30249.39249,40895.28801,30252.85211,27293.05959,23124.79855,42325.03432,8063.341951,25224.86492,26735.60784,28365.7589,45748.62123,33974.47569,25110.04174
219,Bussy-sur-Moudon,43575.05022,29754.96759,27942.95782,22117.61385,24595.44475,33957.55003,56515.96196,23680.37238,23326.13563,27551.59513,30315.39739,52691.79819,23651.2411,22443.93574,49202.90647,56477.28247,35260.54403,25289.2269,43238.19921,35094.738,21624.85033,15696.26211,18553.18414,45468.75228,22630.77233,29866.77035,55867.23858,43145.77672,23466.56576,45983.64348,22882.6572,23222.1992,38837.43665,36668.36781,26374.41642,25171.14683,24615.87003,28241.75838,42544.97896,28982.46502,25704.38458,1908.009318,18127.32271,24652.11289,25555.21708,16355.7703,53036.22801,34349.57624,35094.72924,25210.26838
223,Château-d'Oex,21838.75863,16925.77657,18748.81013,38361.45772,19680.83747,659.1223813,70296.66405,38855.57376,39628.74495,19291.37809,16203.78005,70407.74912,38439.80744,39302.19927,64974.1992,70306.12611,19198.20273,19273.01321,21701.75958,19031.45369,54305.19738,50242.91229,52989.61827,63569.34463,31381.61401,48954.04081,70223.79354,60369.27583,52995.23361,71468.83115,39604.15674,21533.36994,57236.20297,55507.26093,21068.46004,21872.58862,22276.81879,62496.79846,20886.75425,17456.81888,19039.69163,33818.44781,41502.94231,50839.6501,21413.43,50951.88271,67728.50224,1234.02286,19031.48937,21367.14393
196,Chéserex,62026.07924,57614.17999,55554.14875,38512.66167,54707.39663,73776.95908,5375.354568,37368.05676,37069.27352,54985.71635,58441.80656,6088.357868,37661.2641,37767.05961,9491.846801,5301.884738,57621.4232,55039.19599,61800.98249,57691.19463,45928.732,55064.94557,53831.0504,12855.80226,43704.46686,28616.65809,4689.610273,15225.71185,39026.25506,22663.1344,37336.81309,53062.59322,19462.32367,21628.75673,53179.27898,52428.9793,52079.68336,52725.49757,61955.43395,56954.45873,55240.75904,56819.47912,75387.79217,34880.68955,52861.75611,55928.03984,6593.38239,74988.04134,57691.15373,52933.11852
234,Chêne-Pâquier,53475.33852,39658.16733,37817.15833,28995.50741,34457.51742,43014.29315,60494.26729,30569.40455,29937.17763,37411.56684,40222.77976,55537.38042,30659.62246,29056.81597,52958.98416,60442.3205,45142.93268,35159.38526,53137.76853,44979.29214,18441.00514,9244.850819,12202.9314,48657.97988,31253.65013,34350.24284,59695.17275,46844.29427,23244.89314,45824.84702,29448.74981,33016.29129,42492.2063,40379.52162,36168.0787,34927.82174,34351.77096,21543.42202,52448.28578,38880.13519,35578.82655,11494.27446,14650.08043,26579.55773,35335.16221,9285.247084,56913.23584,43267.58368,44979.2827,34994.75484
235,Chamblon,59012.71049,45631.57266,43407.65697,28285.0882,40078.6494,52360.38833,53552.58207,29647.60074,28686.19768,42879.12447,46354.82436,47506.23153,29909.14599,27941.14271,46022.55694,53486.84211,50578.27179,40823.31492,58664.90741,50448.06683,7724.027415,3172.253452,252.160868,41266.50853,33241.65409,29576.38746,52604.79863,40123.56109,14679.03165,35393.12733,28203.91578,38237.74717,35979.04031,34083.2766,41217.14551,39836.95687,39189.37042,9655.335573,58088.86825,44753.54003,41267.40287,19209.52255,26339.32115,19815.33702,40347.63337,3179.634256,49969.58902,52826.15641,50448.0484,40050.91779
225,Champagne,62776.46388,49087.63576,47038.95817,34162.98368,43660.51257,53749.86441,60658.32089,35614.61871,34731.7889,46566.44958,49733.86706,54575.7486,35829.79808,33933.26254,53127.58242,60592.57497,54344.35361,44391.93204,62432.10999,54196.62988,14735.29307,6683.472522,6861.701231,48370.78402,38297.25236,36436.45804,59709.92211,47220.7336,21784.51776,42000.35537,34238.71141,41993.52119,43061.3238,41147.38836,45090.38518,43760.85172,43139.05221,12429.31405,61795.74649,48253.76391,44828.34957,21175.31526,22125.0016,26846.64742,44228.61651,5581.731756,57075.20794,54050.23919,54196.6158,43907.73946
226,Champtauroz,51937.81928,38114.90153,36329.71311,28506.44946,32985.54074,41130.194,60762.743,30088.34443,29516.8706,35941.75312,38658.17103,56020.49497,30150.72941,28629.75223,53255.66515,60713.41627,43642.57533,33677.58597,51602.2767,43475.50359,19739.51734,10896.53161,13902.04026,49055.2531,30320.36557,34422.79215,59992.78472,47134.46625,24103.80778,46821.36084,29035.31583,31606.51358,42774.93283,40641.75415,34759.36139,33545.73949,32983.32296,23363.69013,50901.48065,37352.49485,34091.40313,10101.76055,13720.62254,27087.18524,33936.64443,11038.97532,57194.91706,41369.62413,43475.49526,33592.76985
286,Champvent,60877.87383,47608.53935,45345.62633,29409.66377,42040.56537,54706.68455,53016.99845,30706.46793,29701.25441,44803.72335,48349.11159,46714.43386,30995.18648,28997.12273,45533.95586,52948.06291,52460.0843,42786.09401,60529.71697,52335.08553,6971.78338,5669.256583,2635.1058,40693.8427,34745.92181,29820.18763,52035.89831,39739.18797,14322.44498,33933.79449,29229.91816,40160.14171,35692.5412,33876.94949,43095.606,41705.85015,41053.24069,7190.812661,59971.62338,46721.71945,43230.67601,21586.46967,28553.51199,19800.2313,42226.98923,5531.900984,49453.49684,55192.05739,52335.06594,41938.24432
224,Chardonne,21748.27881,8976.364213,6495.516835,15369.14679,3821.000772,22812.49247,47667.44702,15654.78558,16520.65355,5879.375248,9840.439708,47196.2789,15221.96447,16317.90763,41907.16549,47667.35747,13335.2465,4432.456048,21400.18148,13215.13554,35802.70948,35337.22709,37340.49941,40267.65381,8061.267233,25715.31135,47480.66749,37090.97024,32416.8767,48546.94989,16564.88499,1812.548511,33891.70805,32166.21324,3986.33352,2583.461522,1925.331154,45572.94583,20844.0533,8056.280443,4815.032838,21153.26748,38719.69483,29026.06299,3128.175196,36333.93982,44876.1647,23944.95967,13215.11472,2879.40411
232,Chavannes-de-Bogis,62106.26644,59116.64747,57226.28758,41948.42666,56746.48288,75541.43615,6157.376514,40662.35862,40522.2457,56696.45843,59900.39556,12195.16821,40902.78317,41290.19605,13533.55963,6188.301714,58501.32943,57002.75204,61910.1353,58592.06552,51629.34817,60521.70011,59452.60582,17970.49393,46351.22932,32782.03559,6801.451378,19654.86635,44554.84702,29134.20154,40845.78157,55259.3817,24015.10455,26158.36048,55017.5707,54408.88087,54126.74739,58817.04819,62151.43023,58530.29835,57159.50825,61089.23001,80116.7636,40052.79847,54794.95407,61424.25438,9622.092489,76791.33828,58592.02453,54905.47482
231,Chavannes-des-Bois,64261.09256,61890.58167,60071.19787,45400.13727,59727.53033,78376.92473,9766.764237,44082.22795,43982.46023,59557.59418,62654.77698,15834.67648,44308.16308,44765.24341,17247.72297,9809.435108,61025.09493,59955.95486,64079.2046,61124.33343,55380.09707,64277.74054,63207.63641,21726.54605,49568.0235,36414.35036,10510.38923,23367.14609,48311.1488,32506.55599,44318.6819,58300.17689,27725.71015,29860.82154,57931.45212,57376.00873,57118.66477,62507.1881,64359.84294,61334.40892,60096.01184,64699.24914,83800.01411,43800.04218,57744.05906,65180.75356,13307.44842,79639.43436,61124.29255,57868.30643
230,Chavannes-le-Chêne,53890.27094,40067.82542,38268.13514,29885.30237,34918.98713,43031.73132,61511.11324,31461.90962,30844.76598,37874.9549,40615.70384,56561.0198,31544.80968,29962.40633,53977.21953,61459.32341,45585.2702,35614.04328,53554.24801,45419.10547,19366.28115,10035.45351,12946.19314,49680.23812,31998.49949,35347.72836,60713.65721,47861.92804,24252.45465,46809.20582,30357.82316,33519.31693,43509.18106,41395.06789,36672.3546,35448.84387,34881.15957,22148.82807,52855.95786,39301.67499,36029.54146,11994.90452,13681.74144,27603.15957,35845.85637,9996.198217,57930.75787,43254.26459,45419.09685,35503.16885
227,Chavannes-le-Veyron,51619.47517,41063.95312,38553.49233,17119.57633,36062.60546,53939.28452,31022.48349,17349.5226,16268.94946,37905.22461,41960.48376,25289.95281,17802.87154,16204.77179,23488.71116,30957.50184,44105.00554,36703.41625,51291.06697,44059.65541,15142.87344,23798.16119,22777.41012,18764.53085,24706.00799,10066.09555,30086.27325,17629.4804,7855.129475,17548.92771,16068.31736,33959.66847,13613.75774,11910.9051,35834.85815,34539.19409,33929.88017,23934.84164,51000.58189,40164.60418,37087.3351,27806.22595,44689.94271,4252.204538,35112.34964,24693.02978,27436.91788,54870.14589,44059.62257,34973.6916
233,Chavannes-près-Renens,38850.65813,28727.05028,26241.11496,4939.672524,24060.19495,42726.86289,31934.47353,4686.389077,3723.378571,25591.52171,29630.95772,29153.62089,5141.003896,4005.294488,24879.29709,31903.26625,31430.09188,24639.62597,38523.22986,31393.54183,22342.39111,27369.57122,27781.85378,21850.88142,12306.41183,5911.781931,31379.4509,19067.51969,16055.31923,28306.11877,3697.1491,22014.43453,15061.43779,13005.95831,23515.99928,22297.58242,21728.60542,32667.47857,38241.93222,27851.57801,24989.25423,23162.14005,42762.87171,10770.38204,22857.64304,28461.66415,28555.66707,43769.46663,31393.50793,22762.35125
229,Chavannes-sur-Moudon,40460.61868,26651.23278,24792.33679,19694.72866,21434.07795,31702.21014,54709.53322,21225.32365,20976.2732,24388.89055,27233.36112,51261.81504,21154.66219,20110.82527,47507.69149,54675.1448,32118.45631,22134.74266,40122.1427,31955.20704,22691.72627,17933.99118,20631.83438,43982.22807,19613.99976,28141.53882,54110.6283,41515.59522,23524.66896,45575.74486,20557.60705,20026.78121,37264.256,35102.20789,23179.75006,21966.90525,21407.80685,30161.81069,39438.89482,25864.37216,22553.99097,1573.033184,20773.66491,23940.68835,22356.43572,18704.16701,51279.4956,32182.13854,31955.19744,22012.61736
293,Chavornay,53668.21103,40856.32123,38475.99424,21004.84233,35293.34626,49858.54036,45648.4654,22234.3859,21198.77565,37893.48129,41654.44776,39931.81403,22545.22756,20530.60477,38090.65785,45586.02193,45347.46659,36032.97466,53320.61655,45239.56341,3823.215142,9113.541182,8437.370305,33438.02655,26848.46979,21369.254,44736.58001,32115.57424,6995.081148,29379.04394,20737.7865,33295.99742,27908.50138,25966.50729,36050.43898,34645.2189,33984.10664,13729.14474,52819.19237,39945.89091,36474.13157,18031.97212,31088.0128,11650.9912,35194.02658,10028.98899,42054.26283,50506.80008,45239.54028,34934.33675
198,Cheseaux-Noréaz,57173.55995,43539.65816,41446.871,28579.95572,38073.60527,48967.14027,56600.02053,30057.95539,29209.78352,40961.51458,44206.26573,50950.72209,30255.54409,28392.84138,49034.33934,56539.3617,48732.97549,38809.35566,56828.18598,48588.74995,11872.05391,2031.765905,4692.894548,44430.98392,32558.83539,31564.88531,55706.06728,43014.83407,17989.45988,39706.70848,28714.27767,36366.96565,38754.76683,36753.36937,39446.4504,38105.93658,37478.80068,14037.46377,56204.35705,42693.73824,39248.30534,15962.70309,21489.80811,22452.69503,38582.01634,1729.32618,53003.01713,49347.64915,48588.73494,38265.07799
197,Cheseaux-sur-Lausanne,41386.43435,29754.79501,27249.31695,7180.37623,24500.59456,41941.70308,37213.72498,8313.592962,7264.998098,26612.63705,30631.37951,33498.10767,8642.783221,6620.629706,29878.30887,37173.28793,33404.632,25180.63183,41045.23385,33331.01152,17011.92963,21108.81734,21700.22785,26223.81345,13978.21675,10568.84616,36549.11878,23826.19596,11911.27649,29403.08795,6807.704607,22388.62281,19534.26338,17366.89347,24584.3434,23223.52018,22583.30932,27407.80066,40648.08959,28838.41546,25587.83271,17824.58353,36923.11279,8320.937912,23799.9706,22207.23739,33719.19247,42854.85427,33330.98251,23616.97055
195,Chessel,7264.627545,9006.834444,10079.1148,27497.72649,13306.48153,22443.65419,51201.46588,27037.0699,28145.35635,10371.41974,8926.393943,53095.5279,26588.95414,28340.79931,47229.38831,51230.10191,3696.330589,12654.71998,6939.013004,3898.685695,50391.58188,50558.61836,52488.78117,47160.3675,20251.47718,35785.05312,51375.03127,43905.85722,46135.9306,58686.80995,28402.36605,14647.60911,41891.1022,40718.46258,11498.96497,12780.32155,13389.49601,60425.8687,6716.215955,9472.648371,12271.06222,36171.91269,52260.6949,41862.80451,12342.30313,51564.91638,49226.44845,23750.10829,3898.662185,12677.35419
199,Chevilly,52860.86926,41478.67083,38971.83721,18148.68766,36217.41025,53266.33377,35641.91021,18762.20456,17627.41735,38333.95904,42356.36235,29731.65406,19190.58526,17331.5536,28120.04097,35575.82735,45018.62535,36901.45898,52523.71875,44952.95124,10498.13102,19288.56625,18157.14723,23356.55506,25509.44845,13585.2288,34692.88741,22276.82148,3250.294712,20163.87933,17314.27157,34106.41534,18241.71034,16483.64798,36299.95796,34944.30154,34305.95429,19579.42466,52164.68221,40562.81486,37310.43734,24981.66006,40790.32836,3870.443226,35520.93284,20151.1645,32061.3157,54114.63297,44952.92108,35340.82996
194,Chevroux,64588.17751,51083.53989,49776.56996,45271.44065,46654.12216,49270.01237,77293.12513,46855.08959,46329.33511,49523.26196,51433.72375,72138.00895,46892.91874,45439.86329,69745.08268,77239.70738,56783.03758,47254.89607,64276.82034,56594.13605,33426.7707,23610.36794,25685.23033,65368.14212,46345.68679,51188.53953,76476.46511,63638.71987,39384.77018,61261.50456,45853.00485,45711.84611,59294.15031,57192.9762,48768.44795,47747.26449,47278.12964,32254.88997,63494.35996,50469.31221,47615.19442,25626.71518,8334.215117,43239.48074,48031.47541,22979.09036,73706.17197,49073.39174,56594.13646,47677.99721
193,Chexbres,24144.92621,12450.74281,9941.831725,11561.2327,7756.516478,26809.59039,43879.28371,11730.86789,12640.68219,9292.885082,13348.45429,43240.92303,11290.69264,12503.80526,37998.7117,43876.49677,15977.68722,8296.894797,23798.86202,15894.3039,33222.02854,33723.50746,35485.0956,36285.94512,4090.226412,21752.90428,43660.54332,33117.94639,29287.51684,44656.42352,12720.0116,5810.777167,29894.62344,28168.65248,7221.183559,5946.486448,5365.931802,43247.53331,23339.96146,11554.1181,8633.597025,20881.2875,39591.94542,25543.90659,6513.857219,34764.59517,41028.38453,27938.06519,15894.27632,6402.595979
200,Chigny,44069.66952,35276.3251,32856.8984,12405.19802,31010.78355,49963.39106,24990.78837,11687.41384,11024.11814,32215.88693,36177.66536,21596.55393,12090.64158,11523.76274,17664.0935,24949.50669,37282.61708,31531.41836,43761.21178,37275.36224,24034.00528,31165.69836,30870.85128,14280.42019,19173.4869,1752.54541,24322.59631,11659.66781,16739.54258,21851.99184,11149.09644,29040.72464,7485.481231,5382.90573,30169.42896,29060.97707,28544.24663,33645.40718,43590.675,34442.84775,31846.03456,30013.69405,49079.01772,11005.3048,29596.56389,32193.38844,21492.40303,51045.73588,37275.32541,29548.5829
201,Clarmont,47763.80293,38439.48828,35977.76058,14820.28566,33909.55989,52606.36198,25736.41241,14449.2628,13584.36061,35330.45541,39343.90757,21113.63369,14889.48486,13879.1558,18184.67797,25681.96136,40763.98655,34473.81016,47449.74306,40745.86455,21302.87941,29228.76338,28589.07622,13974.83785,22096.86301,4756.170872,24917.67334,12082.96324,13908.72537,18494.95722,13581.76265,31878.59842,7761.591436,5748.275071,33262.46967,32084.74476,31533.29254,30460.64844,47248.38435,37580.87608,34813.43508,30223.83388,48562.63451,8578.398295,32636.8462,30203.05929,22146.65262,53642.1751,40745.82872,32558.87563
202,Coinsins,57678.45696,52606.23986,50486.72766,33013.25813,49511.08845,68634.08469,5673.622566,31892.2828,31569.68251,49905.50347,53448.77893,2834.661039,32194.08738,32257.49347,4143.436486,5582.694363,52884.60143,49867.60399,57438.50083,52944.22656,40994.01511,49942.24361,48829.50683,7452.270788,38355.78933,23078.21096,4494.8909,9686.757496,33946.13161,19812.88346,31829.53148,47819.4057,13940.44033,16108.91431,48057.68393,47259.45308,46888.22905,48267.16458,57545.08008,51919.68484,50084.14268,51298.68748,69955.34361,29580.1538,47707.19537,50832.53362,3261.022574,69829.91571,52944.18587,47764.6542
189,Commugny,60946.03843,58510.83954,56695.35797,42245.81491,56367.88641,74999.54691,7041.143661,40904.27466,40836.46744,56183.08932,59274.47304,14176.7135,41119.54065,41631.34032,14606.42378,7103.428242,57652.49521,56591.94946,60761.04519,57751.03312,53073.33215,61792.24675,60829.54619,19334.24266,46275.11979,33484.97506,7991.989462,20670.76123,45908.42843,31353.94715,41183.29877,54952.07253,25003.70793,27105.5404,54562.49332,54014.47602,53761.29264,60535.88452,61033.59053,57955.94714,56729.65862,61706.21585,80937.10137,41217.06441,54379.76175,62717.76306,10637.40948,76262.83581,57750.99222,54506.03213
188,Concise,63365.57932,49554.94584,47681.93918,37054.19035,44313.76662,52509.78523,65383.01209,38574.09077,37786.56454,47263.60192,50128.21072,59529.95569,38738.1359,36944.80444,57825.63256,65320.37195,55012.64819,45022.15607,63026.96011,54851.43395,19823.76691,10653.50207,11847.76045,53156.42379,40329.97427,40492.55595,64467.15716,51841.0244,26581.26,47350.08082,37289.73126,42821.47256,47608.53162,45629.07683,45967.52476,44701.93484,44112.22962,17649.03981,62343.60472,48769.37078,45445.20259,21356.19421,17604.46906,31308.189,45125.64363,9706.098901,61789.11914,52681.4721,54851.42375,44789.24537
187,Coppet,59960.98419,57569.14204,55763.2144,41470.66092,55457.06781,74063.99621,6599.097097,40116.90611,40066.14668,55253.31921,58330.31801,14080.69058,40326.28273,40867.03818,14116.78655,6670.417801,56686.10726,55676.34045,59776.37443,56785.29959,52652.33938,61300.1639,60378.46971,18928.28843,45418.3358,32823.8013,7633.758043,20132.65644,45455.64652,31351.33571,40418.38391,54052.52942,24444.8755,26528.84352,53640.91928,53101.74371,52852.95194,60231.68005,60050.09115,57018.13461,55811.28058,61004.638,80289.29645,40697.31715,53463.91101,62233.94999,10165.69646,75328.87189,56785.2587,53592.46187
186,Corbeyrier,4432.291026,9486.345813,11548.39061,31521.99056,14909.23035,18661.28255,56441.16553,31232.30248,32307.18655,12067.57243,8921.980685,58263.63233,30777.71008,32408.38493,52414.51077,56469.59771,4535.424441,14171.01803,4120.570875,4619.812812,53554.39764,52874.82917,55003.92096,52241.98683,24035.10824,40378.95242,56610.92664,48980.74941,49793.45073,63403.67945,32517.64724,16709.40333,46837.27666,45589.06342,13797.95729,15200.20937,15859.8757,63355.03357,3348.375305,10299.04204,13731.15742,37691.90032,52277.62725,45840.50283,14661.50105,53835.89398,54451.17733,19919.1925,4619.839414,14938.0023
185,Corcelles-le-Jorat,37075.75235,23818.27946,21526.21684,11522.31556,18241.83423,33105.06109,46745.96192,13060.29881,12802.83738,20980.13233,24580.36215,43671.79984,13003.50258,11940.13581,39653.14283,46714.91223,28645.86975,18987.13162,36727.84923,28518.11116,21055.46116,20062.91872,22007.03169,36358.9025,12532.16912,20361.69721,46187.54581,33746.34609,19286.44842,39616.37974,12387.80328,16337.03188,29580.38828,27442.04034,19281.97998,17898.98282,17250.69085,30412.78411,36157.72058,22923.1214,19431.57927,8835.571738,28794.42651,17957.41748,18412.63718,21084.02773,43361.73837,33869.53293,28518.09213,18119.44103
191,Corcelles-près-Concise,63057.13659,49262.44484,47348.15629,36231.18276,43973.61002,52614.69792,64228.55523,37739.46342,36932.13843,46917.29769,49852.68397,58336.43443,37913.87087,36097.83602,56674.62612,64165.36985,54680.38819,44688.03331,62717.01715,54522.04306,18600.54218,9542.474443,10625.04989,51989.68976,39686.60723,39449.91589,63306.97551,50702.2273,25403.02985,46102.33235,36435.42776,42440.61232,46481.27445,44512.60807,45579.86693,44298.642,43701.13314,16478.65256,62043.73106,48465.21566,45114.58757,21058.66547,18514.79412,30187.36744,44732.57613,8564.435817,60636.01982,52817.22649,54522.03199,44399.17659
192,Corcelles-près-Payerne,58054.05011,44817.91012,43722.84151,42034.52491,40754.86731,41872.41189,75815.56061,43597.53886,43233.63583,43531.45374,45091.40605,71330.24833,43565.69992,42349.10778,68364.75082,75770.30713,50504.95494,41303.36238,57753.54125,50309.93904,34543.17439,24888.11595,27519.0523,64293.81399,41964.45365,49255.03575,75089.98382,62249.27926,39464.08149,62077.27236,42785.34971,40037.60555,57892.35219,55738.88835,42985.59285,42078.84553,41666.82837,35610.82391,56950.24583,44270.29282,41633.46543,21744.26418,1795.637161,42448.91588,42304.29773,24568.23924,72274.48895,41622.80472,50309.9428,41952.99922
190,Corseaux,20922.99044,8487.447385,5975.925965,15596.12834,3787.417901,22951.00086,47272.27531,15777.55642,16689.14165,5335.33029,9374.359562,46974.1984,15336.05935,16541.04408,41623.23359,47274.175,12546.91164,4269.608751,20574.74838,12436.11748,36522.52897,36238.07241,38205.62981,40103.44339,8129.392622,25778.76764,47110.1295,36907.2983,32978.50307,48704.65985,16764.10103,2166.701058,33796.75264,32113.9682,3314.86674,1945.725599,1325.210308,46355.51636,20039.7555,7576.870306,4590.699365,22175.51878,39768.32919,29447.6048,2522.47081,37241.74766,44530.16206,24112.28016,12436.09474,2368.739291
214,Corsier-sur-Vevey,20802.92422,7520.392138,5160.480573,17217.73256,2038.805856,20895.64586,49504.53655,17543.05329,18392.60212,4617.339057,8338.130062,49099.14053,17113.13414,18166.93891,43792.66169,49505.53398,12358.30479,2738.908718,20456.71024,12217.67405,37106.48936,36214.3223,38319.42033,42180.14073,9970.534399,27614.85372,49330.6368,39000.59966,33963.80115,50411.2086,18424.36029,111.2933741,35808.61307,34082.11635,3169.329027,2095.247919,1765.702796,46743.45413,19850.42416,6607.163649,3166.258089,21516.33074,38410.69969,30726.09014,2371.179517,37187.45022,46737.60988,22029.53966,12217.65795,2019.404963
209,Cossonay,48886.11049,37747.20489,35235.00668,14154.72729,32582.63837,50074.80427,34059.48461,14700.49409,13568.98046,34592.07326,38633.44757,28878.86264,15134.04101,13311.8758,26491.89035,34001.46764,41123.07326,33249.58643,48550.77194,41063.29621,13233.23577,20800.50989,20217.12917,22029.80142,21608.44951,9998.365911,33197.9205,20437.83267,6025.232316,21812.47465,13272.28098,30470.56604,16164.5975,14176.56773,32540.65787,31204.95208,30576.4416,23034.78158,48207.95382,36836.31154,33648.80869,23539.79759,40778.047,235.6762877,31781.44458,21775.50338,30462.41983,50972.4876,41063.26523,31617.00717
295,Crans,58589.52042,55177.51882,53248.06148,37767.53009,52697.42087,71557.96082,2013.261228,36481.74507,36341.63252,52709.64921,55972.1542,9453.326518,36722.99404,37110.57613,9555.949469,2059.360869,54721.59086,52967.28284,58382.76228,54806.45922,47978.99737,56718.48583,55739.40808,14239.86519,42210.02647,28661.57948,2898.640971,15656.33101,40819.44453,26791.54826,36665.96801,51183.12645,20007.4535,22131.16364,51003.59249,50368.04782,50073.93102,55482.19076,58593.6895,54574.13749,53132.39135,56953.84383,76050.75552,36165.97301,50762.92656,57639.5991,5588.812302,72800.58895,54806.4182,50866.46953
215,Crassier,62087.64619,58329.82126,56345.73397,40099.81306,55668.80424,74632.51219,4865.757089,38885.2803,38661.10627,55794.41346,59138.21527,8881.993178,39154.18584,39393.92222,11161.41637,4839.691506,58047.56614,55965.86718,61875.65856,58127.18335,48591.80485,57620.12532,56461.34015,15157.66566,44930.61343,30525.55921,4875.352137,17191.41711,41605.00122,25659.36435,38955.91317,54095.08573,21522.0351,23688.23535,54044.57044,53359.13744,53040.63035,55567.98175,62070.54889,57703.29333,56146.83565,58825.14408,77617.05404,37286.76301,53770.82289,58501.7277,7562.267006,75862.6333,58127.14235,53860.58434
213,Crissier,40021.0497,29452.05899,26947.78237,5458.642346,24589.60565,42973.68386,33079.8791,5733.614049,4620.610571,26298.12371,30352.33107,29895.50016,6178.487595,4531.251781,25885.58423,33044.41496,32430.08858,25202.18147,39689.32223,32383.2666,20474.54448,25491.11227,25880.46151,22579.09224,13046.6689,6561.080215,32474.4863,19947.08733,14314.48814,27910.87228,4391.665218,22508.72249,15789.7816,13664.51362,24222.77819,22954.36322,22360.1774,30817.85989,39376.83786,28560.71691,25570.75311,21877.90972,41299.84369,9230.486567,23523.45147,26581.25424,29643.39237,43980.1659,32383.23392,23402.15016
216,Cronay,53827.18327,40160.55177,38092.19839,26092.81728,34715.24679,45572.55121,55717.79917,27614.02932,26834.43973,37615.51256,40818.03948,50450.16555,27776.78332,25989.04633,48155.21627,55661.71311,45392.16136,35448.40659,53482.49227,45245.3915,12807.99985,4218.51993,7232.855533,43709.44822,29600.04573,30050.07245,54873.5914,42070.62206,17813.95133,40247.44876,26337.67335,33037.38866,37748.84813,35681.589,36132.71404,34803.41512,34182.18914,16951.64991,52850.36617,39320.56369,35885.88146,12526.07151,20267.84594,21578.78636,35270.89288,4748.667331,52123.50982,45969.16736,45245.37716,34950.09891
212,Croy,56932.40826,44933.21863,42458.11226,22546.51143,39501.25207,55526.94704,40415.39558,23381.89944,22249.54227,41837.24525,45784.6454,34014.03747,23782.77493,21821.90308,32986.31415,40344.18942,48872.81283,40215.29787,56590.03355,48790.6664,5933.709534,15666.43923,13908.31444,28086.5922,29537.338,19115.66203,39412.15563,27333.33136,3670.593087,22065.67963,21879.10986,37415.51056,23468.89589,21826.87721,39861.5431,38472.32231,37817.97191,14045.62924,56177.4619,44012.57851,40641.59801,25004.59063,38481.46739,9076.905274,39043.6825,16346.10651,36872.86054,56277.80839,48790.63875,38829.53951
211,Cuarnens,53700.20587,42935.85373,40423.03084,19085.05096,37852.67911,55480.77522,32246.6671,19406.17377,18307.50627,39776.69035,43828.28386,26116.85292,19856.3436,18188.43761,24780.14461,32177.44698,46107.82603,38507.33901,53369.80178,46057.63425,13819.94463,22931.09282,21657.74513,19922.6662,26648.28197,12339.39064,31265.33856,19095.06581,6902.90652,16740.19592,18079.65976,35743.4814,15272.65404,13725.05119,37713.09866,36398.64602,35780.08984,22086.57906,53064.80481,42030.78155,38899.21505,28335.21389,44501.38161,5281.368881,36973.7772,23765.5499,28687.34809,56382.6321,46057.60202,36823.27831
210,Cuarny,55538.43666,41867.75358,39802.96935,27581.89984,36425.72871,47123.53256,56565.75326,29088.68165,28283.0903,39326.96188,42523.08575,51121.88222,29264.22914,27447.48158,48997.98882,56507.59589,47103.82324,37158.58795,55193.79603,46956.91456,12696.03324,3222.967511,6217.321791,44478.17005,31244.84584,31155.57975,55698.85875,42938.51721,18280.34283,40411.95368,27786.32637,34749.50959,38640.68485,36600.69278,37844.80245,36515.16183,35893.65706,15779.51649,54560.99529,41028.90538,37595.87844,14156.50794,20356.317,22385.06713,36982.9209,3416.169347,52968.5821,47499.94537,46956.90025,36662.20256
5,Cudrefin,71644.53299,58695.22734,57730.86464,55814.45207,54843.82371,53980.33776,88541.32758,57391.8531,56949.10563,57570.56354,58912.4029,83481.88502,57391.77038,56059.34906,81006.10812,88489.52966,64348.129,55368.72015,71356.27724,64149.50515,44734.36714,34944.15249,36918.0861,76676.3323,56137.96066,62286.57179,87741.93196,74891.74962,50754.05895,72547.79905,56485.42643,54202.91558,70539.38555,68424.41777,57110.44928,56240.91642,55844.50246,42828.24276,70535.4158,58193.65152,55684.23692,35685.72641,15932.07856,54558.87962,56448.85233,34278.96608,84960.68896,53525.34196,64149.51133,56099.10359
208,Cugy ,39565.73893,27519.40692,25031.75671,6696.146623,22154.57363,39251.53552,39491.39399,8156.40497,7336.614658,24405.64885,28380.99883,36069.264,8361.42075,6499.629754,32252.29438,39454.89104,31436.26956,22853.93511,39221.26763,31350.6358,18064.80672,20806.84201,21788.19564,28769.33551,12316.7534,12884.33652,38871.48143,26259.12092,13878.13421,32235.99685,6839.783595,20051.50536,22023.49415,19867.33366,22416.00013,21031.40031,20379.6305,28353.16766,38783.74087,26599.29751,23272.29715,15457.34644,34933.00031,10971.0128,21604.46594,21911.32908,36039.58765,40143.9478,31350.60868,21398.07241
205,Curtilles,44263.11871,30471.62514,28858.71696,25060.03025,25589.26466,33005.87836,59725.70779,26604.69012,26311.89168,28527.31006,30954.18684,55957.0896,26548.47682,25437.58244,52433.92083,59688.00457,36094.48384,26244.31112,43933.62346,35918.44366,24245.21961,17384.09225,20364.53532,48728.11887,24968.12952,33083.99344,59087.75416,46386.2315,26547.26379,49157.0902,25881.15553,24428.93907,42084.95773,39916.10823,27549.64299,26437.86561,25928.72201,30103.53392,43205.36124,29757.15414,26637.27205,4803.018594,15335.58205,27900.47569,26769.23911,17884.35531,56256.12854,33279.92875,35918.4385,26417.63454
204,Démoret,51270.12458,37477.78427,35563.18917,26227.00904,32189.98168,41673.68168,57968.47592,27801.01178,27171.11479,35135.81198,38073.22533,53158.30783,27891.16153,26290.23959,50449.48169,57918.10459,42895.44043,32902.98698,50929.98715,42736.53537,17060.69755,8778.515896,11811.09323,46214.66865,28570.89025,31714.89632,57187.16958,44329.67196,21222.44732,43961.18569,26683.08064,30677.5407,39972.02867,37846.33075,33822.29939,32555.25717,31965.95861,21486.03088,50257.27279,36678.69148,33328.89497,9283.495591,16612.68942,24214.21511,32979.56458,9146.682437,54395.01511,42000.87435,42736.52445,32643.55823
203,Daillens,47209.15209,35541.16241,33040.97203,12730.51438,30231.0248,47241.29832,36918.53791,13605.41851,12480.20252,32407.56296,36412.24083,32058.05224,13995.88799,12017.9936,29370.403,36864.8128,39240.23381,30922.44276,46868.57099,39166.43973,12176.68891,18430.43454,18263.36136,25077.40209,19799.51757,11551.38006,36103.59655,23263.93212,6146.485374,25188.05232,12092.78467,28122.83384,18923.96206,16840.45251,30389.86128,29021.11751,28376.70417,22469.67442,46477.11881,34622.93553,31335.87947,20091.2644,37528.86595,3475.197705,29596.90613,19463.0699,33330.91127,48100.20052,39166.41076,29405.92416
207,Denens,45677.76784,37052.36458,34640.46248,14212.99684,32818.94519,51781.57489,23686.31105,13507.25538,12838.01694,34000.6441,37952.82166,19953.35828,13910.40199,13325.29614,16259.3861,23640.52646,38983.15738,33335.89768,45372.435,38979.38182,24328.68634,31875.22655,31416.2106,12641.49276,20985.09532,3498.003573,22967.20377,10177.91066,16955.27685,20184.66494,12955.58821,30853.45175,5887.79216,3729.232191,31958.11502,30858.5036,30345.57421,33668.47568,45217.56301,36223.17254,33648.14316,31477.24819,50353.28464,11386.23609,31392.00638,32880.22606,20146.80503,52864.87044,38979.34468,31347.32567
206,Denges,40471.62005,30992.43272,28537.5201,7726.55407,26540.45915,45389.22349,29017.72116,7098.667436,6362.897956,27891.22783,31896.63698,26149.14161,7522.188909,6839.530083,21904.92467,28984.35769,33341.33529,27087.00055,40152.44985,33319.37387,23139.64613,29048.60342,29185.87467,18848.22489,14700.71076,3014.961191,28439.04334,16066.1534,16329.20612,25943.31457,6468.711919,24535.72508,12062.07986,10022.33608,25826.91463,24667.14018,24126.55314,33273.74279,39923.30497,30137.91104,27417.27923,25976.10344,45422.41785,10638.44443,25214.71907,30122.04894,25611.28787,46456.11862,33319.33841,25145.92726
228,Dizy,51183.0678,39778.1268,37271.25977,16484.91471,34519.45457,51622.12007,35598.33675,17133.09402,15996.78769,36633.37887,40655.90241,29987.62673,17557.19175,15678.74081,28042.44904,35535.70524,43326.34399,35202.77519,50845.45787,43259.94378,10950.92101,19159.71625,18288.56394,23395.52097,23820.38372,12497.50206,34686.19939,22088.85091,3578.047454,21326.75331,15673.0038,32408.25369,17929.33902,16056.70603,34599.5133,33243.72363,32605.38127,20516.09374,50482.48263,38862.30182,35611.38592,23745.2628,40074.22393,2384.944171,33820.35386,20078.63754,32004.69684,52478.97106,43259.91373,33640.29195
128,Dompierre,44965.1307,31274.18723,29832.59024,27555.61609,26655.43789,32394.89225,62401.85654,29084.28971,28835.38764,29551.13795,31690.55639,58681.11441,29009.07563,27968.18431,55128.32459,62364.96417,36952.76682,27273.52618,44642.91055,36769.53115,26569.98491,19147.7717,22171.78115,51446.87915,27038.44059,35770.13595,61772.89207,49088.96848,29166.05604,51827.48617,28414.36893,25671.35416,44793.91159,42625.41995,28737.27724,27705.8758,27236.70878,31870.17159,43889.11152,30611.81781,27645.18813,7454.675104,13207.97605,30622.05467,27993.77907,19530.94797,58940.9906,32563.95059,36769.52892,27640.33065
287,Donneloye,51888.50559,38190.78899,36149.55382,24908.15261,32770.152,43491.77642,55539.42366,26454.96561,25731.34019,35682.11809,38837.77506,50519.88867,26590.35564,24868.88731,47994.55765,55486.31968,43461.1935,33500.19248,51544.56902,43311.906,13981.61282,6205.066592,9163.041807,43659.63528,28024.697,29542.53266,54728.05819,41885.48992,18283.02369,40960.86903,25236.27777,31123.35111,37539.45277,35438.34699,34232.69335,32915.2832,32300.27656,18902.6378,50904.21811,37357.61582,33935.88846,10449.21912,19531.21497,21564.40749,33373.98432,6814.11794,51953.76572,43891.89818,43311.89233,33049.56794
126,Duillier,57478.07965,52757.79906,50678.13415,33654.04242,49798.5154,68881.99636,4174.389633,32487.38666,32211.55753,50105.76549,53590.75488,4157.673981,32774.3393,32922.43218,4610.641402,4083.747137,52874.46975,50135.50961,57244.73314,52939.66413,42302.83325,51179.17036,50112.45651,8629.882197,38781.8972,23918.99674,3000.492846,10561.82074,35211.05763,21301.46159,32489.03846,48145.64338,14889.1854,17055.41689,48287.45062,47525.40921,47171.46057,49677.78145,57373.25247,52088.99392,50340.51225,52203.8039,70991.21711,30742.76567,47961.66018,52080.11484,2206.374701,70089.3611,52939.62331,48029.85264
127,Dully,53219.37278,47806.61689,45666.39579,28226.4245,44654.56833,63787.02338,8406.190077,27075.60934,26783.39297,45081.07269,48654.52244,6427.551905,27369.3112,27489.0246,856.8357847,8349.376528,48209.06018,45016.63258,52970.66983,48263.37245,37771.261,46363.47117,45455.6452,4367.421211,33486.48602,18516.28954,7590.789219,5267.565961,30534.96469,19811.44392,27056.66828,42954.67233,9627.297479,11770.86689,43220.79932,42409.59451,42033.26566,45688.92883,53047.95243,47110.32286,45236.87564,46823.87173,65735.39183,25777.16072,42861.07953,47296.44795,4811.104912,64979.04395,48263.33192,42914.936
130,Echallens,44761.45885,32069.0844,29658.24389,12826.76581,26531.32807,42050.81739,43050.30141,14244.49417,13347.95038,29065.16528,32884.54276,38660.83269,14476.47158,12554.82836,35578.36899,43003.18291,36458.46155,27264.99401,44414.04166,36353.5953,12597.25927,14706.22586,15646.06858,31541.25396,18014.2282,16672.52963,42307.89515,29460.73836,10427.7518,31950.6536,12855.20815,24500.67891,25102.80678,22951.64149,27190.18859,25784.72372,25123.27048,22608.04804,43919.05238,31153.74883,27702.77504,13187.42042,31021.21469,10374.42053,26339.15087,15810.8596,39497.29485,42805.35472,36353.57157,26088.07239
131,Echandens,41258.66122,31372.82223,28893.48343,7629.138525,26745.81557,45416.59782,30089.21534,7323.237837,6406.983195,28244.37913,32277.16896,26869.12101,7772.75013,6689.785315,22862.01718,30052.27991,33960.28837,27320.98991,40934.96038,33929.44347,21569.85247,27487.30457,27604.13344,19552.55709,14969.52899,3526.045222,29468.19431,16911.97908,14813.80062,25621.87508,6390.377926,24703.94827,12759.7838,10642.79817,26170.46361,24964.34237,24400.63612,31728.27494,40677.72573,30502.20939,27667.75699,24858.0722,44156.35325,9178.120163,25522.09607,28558.27352,26636.38579,46456.15467,33929.40894,25432.12649
282,Echichens,44602.16706,35201.33149,32741.22946,11666.82937,30694.54579,49447.79888,27012.82254,11230.32379,10393.74631,32094.17213,36105.71149,23185.89642,11667.20138,10734.80415,19592.67692,26967.73975,37543.92219,31253.17902,44285.85224,37523.9889,21749.58326,28854.94623,28551.71852,15892.86556,18871.17671,1793.211142,26299.48076,13506.71705,14488.278,21732.49594,10417.33265,28671.72879,9193.650242,7025.144792,30027.09711,28854.3936,28306.13425,31440.82407,44072.41413,34343.68314,31589.87965,28166.68061,47024.85961,8723.399419,29405.21174,29880.16404,23477.98069,50495.27004,37523.95325,29329.94442
129,Eclépens,50611.17826,38673.5359,36189.83606,16314.12196,33275.4964,49724.31294,38715.15855,17234.50491,16113.31206,35565.13059,39531.31507,33259.20892,17618.98093,15628.73044,31148.75658,38654.86423,42557.75761,33982.92787,50268.75907,42476.83914,8720.675984,16061.43395,15442.605,26581.18514,23219.14427,14532.20505,37827.61624,25133.73917,2719.581686,24412.64022,15718.11691,31180.54538,20896.36696,18936.30385,33577.27573,32192.51101,31540.33759,18895.73554,49856.33949,37753.10575,34405.50733,20749.37295,36750.95849,4614.644548,32765.36927,17021.0381,35117.89815,50526.78173,42476.81128,32557.27972
132,Ecublens ,39513.15354,29520.26156,27039.18396,5799.930331,24889.36476,43583.63552,31196.9203,5469.380394,4551.669255,26389.94792,30424.51441,28323.60445,5920.309612,4869.783982,24100.63686,31164.37859,32153.38142,25463.60621,39187.47122,32119.91072,22258.09961,27578.75723,27897.91935,21016.63396,13112.66504,5050.213383,30626.62292,18257.82055,15801.26848,27479.20244,4551.581561,22849.44824,14223.44141,12157.30831,24315.60964,23107.27535,22543.05935,32538.16845,38917.76883,28648.37016,25810.11541,23833.57026,43360.56689,10377.51248,23665.35466,28665.31031,27799.98408,44628.89998,32119.87647,23574.73358
119,Epalinges,35210.83955,23525.99523,21017.24036,3395.523338,18334.56364,36239.12349,38937.66563,4955.929314,4683.483888,20378.20803,24406.79424,36417.54236,4950.41245,3842.216513,32033.30021,38911.56256,27172.91345,19000.14848,34868.00318,27096.44619,22550.99352,24876.60513,26057.34212,29119.24081,7861.553748,13159.31319,38439.75436,26303.31155,18092.46926,34673.96665,4292.370918,16222.95678,22332.09737,20274.23693,18342.81209,16988.41897,16352.17051,32834.42787,34453.21406,22611.54906,19399.7571,16915.93398,36852.20094,14430.49838,17565.1334,25975.2855,35630.72407,37213.37297,27096.4176,17389.14675
118,Ependes,55542.67989,42304.78459,40028.35462,24384.61994,36732.75642,49837.88014,50372.84449,25740.71687,24776.85731,39482.5836,43052.66759,44607.86206,26004.67783,24033.71766,42815.50615,50310.28266,47128.00178,37478.335,55194.49799,47003.9377,5829.764736,4412.449093,4080.826651,38155.53101,29471.63523,25874.9987,49459.10811,36838.5075,11633.04184,33483.43618,24294.91856,34839.66066,32623.68315,30669.2523,37764.15947,36372.9948,35719.69879,12086.6229,54639.03534,41414.71243,37922.94374,16937.85349,27196.1085,16344.16917,36895.85326,5304.161479,46778.86593,50375.27303,47003.91789,36608.70061
122,Essertines-sur-Rolle,53658.02508,46730.80702,44436.52641,25154.55976,42999.80897,62143.00627,14221.41686,24252.63996,23734.10626,43818.48131,47611.8735,8869.566468,24613.57583,24311.88211,6869.523967,14150.85074,47859.12919,43446.45807,53382.90171,47887.57874,31848.28269,40682.25262,39627.17495,1892.306275,31354.66263,14627.94152,13234.8109,3237.803915,24717.65468,14871.5547,23914.47006,41143.60261,5502.646716,7500.847263,41848.48674,40882.48916,40431.97285,39556.35846,53361.40998,45962.62415,43716.56375,42413.9318,60790.70725,20306.36966,41380.47952,41582.17509,10684.43361,63277.39446,47887.53935,41384.34656
125,Essertines-sur-Yverdon,52295.62639,38978.73094,36726.37311,21964.29419,33413.56912,46425.31521,50088.33981,23397.59389,22502.41991,36189.41686,39716.47611,44754.2716,23622.84768,21710.15274,42521.78721,50030.94259,43867.31816,34158.97952,51947.64984,43739.48345,8224.770438,5552.155668,6834.753558,38037.9055,26561.82224,24713.6303,49230.46885,36453.12555,12182.00106,34808.9646,22010.16787,31545.88172,32148.74617,30104.26422,34503.23635,33118.72974,32469.00833,15510.98068,51379.17976,38093.74855,34603.4951,13624.96199,25670.17065,15917.6788,33633.94866,6656.332529,46491.91985,46971.57738,43739.46448,33340.80279
120,Etagnières,42270.87878,30304.67859,27815.21865,8609.915921,24942.3855,41915.58601,38755.24506,9866.197252,8867.362284,27187.98829,31167.31753,34824.85368,10161.7062,8157.210428,31370.02997,38712.67059,34179.18259,25642.00142,41927.29946,34096.37658,15625.98647,19342.09123,20000.54513,27587.13245,14935.46516,12159.0694,38065.62162,25287.77617,11101.15376,29929.73088,8391.92309,22839.55083,20963.89603,18795.12747,25193.31847,23811.19572,23160.51578,25992.18998,41501.59008,29384.71366,26060.36249,16460.58931,35312.30203,8382.294701,24384.84252,20442.31147,35239.60695,42787.60423,34096.349,24180.83708
121,Etoy,46419.85566,39021.10621,36708.25147,17632.16169,35242.53234,54385.78185,19031.91432,16627.95501,16194.12272,36086.9956,39906.16088,16010.15541,16969.15812,16835.29256,11729.11209,18990.24608,40323.70127,35691.2698,46133.25541,40343.64267,28799.23415,36585.85961,36047.5252,8791.231122,23609.79108,7642.90811,18365.15315,5848.666115,21404.91824,20020.05369,16418.48275,33386.98928,2472.989985,2196.709404,34107.50458,33130.52697,32676.75877,37824.06337,46065.35281,38243.28325,35963.43339,35959.28984,55022.60454,16003.28979,33631.07116,37581.06802,15534.25259,55521.62282,40343.60378,33631.89482
123,Eysins,58994.52173,55050.50328,53055.18381,36854.87996,52362.32011,71336.30132,1893.9323,35624.06705,35418.47012,52501.64965,55862.17091,7200.548026,35887.49908,36160.4699,8069.266546,1828.070755,54830.40563,52661.67697,58777.21203,54907.40576,46130.81443,54991.25132,53937.82557,12440.69961,41625.20565,27414.47855,1567.542295,14176.41578,39033.35035,24527.04853,35720.58589,50785.50283,18533.59127,20687.40589,50745.3912,50054.45992,49733.97534,53462.13004,58956.31479,54418.81077,52844.24911,55730.67015,74654.01831,34521.6018,50467.75606,55896.07611,4297.626657,72564.51315,54907.36477,50556.14419
147,Féchy,49588.78287,42539.07074,40246.64742,21207.35592,38830.75212,57982.54121,16184.51361,20232.18367,19773.643,39629.26813,43420.04915,12456.47525,20578.16141,20394.35024,8661.425624,16132.10932,43695.88868,39271.4799,49309.56963,43722.19629,30418.07127,38727.41557,37950.89615,5186.157703,27223.06899,10943.70936,15397.69645,2540.345366,23081.13247,17732.05019,19983.70849,36987.05275,1820.27215,3974.475061,37662.23967,36703.32177,36257.25132,38883.34276,49272.17042,41771.49648,39538.52711,39141.05006,57938.58656,18083.71123,37198.98324,39682.82159,12603.86476,59122.80558,43722.15701,37205.67038
152,Faoug,66914.02155,54360.48046,53603.97639,53915.31054,50894.74184,48432.65484,87833.97353,55467.17056,55142.94646,53501.49398,54502.26712,83271.36877,55417.03802,54262.38843,80374.90083,87788.3028,59935.13913,51365.92354,66638.99252,59732.85331,45721.00262,35898.25144,38244.67106,76270.02198,53398.09869,61279.84277,87102.93705,74257.32505,51108.79675,73494.06538,54702.12132,50457.43596,69898.92915,67748.22035,53231.50868,52471.94988,52129.37997,45266.17982,65804.48487,53927.63848,51650.09908,33604.71619,13812.0841,54344.77697,52626.78581,35404.65112,84289.45867,47897.90216,59732.86259,52283.63113
149,Ferreyres,53490.29858,41836.93317,39339.78483,18882.45922,36499.31387,53188.54156,37367.15509,19613.9799,18477.25042,38707.994,42705.03757,31392.42223,20028.78915,18110.2179,29851.12797,37300.5984,45547.51492,37196.49513,53150.63346,45474.71109,8755.78763,17639.01148,16440.12417,25072.80569,26086.60057,15098.05654,36412.79352,24017.58102,1622.46625,21270.2959,18132.28248,34394.67645,19982.9248,18216.29572,36695.0756,35323.34183,34677.28897,17955.54879,52767.77346,40917.98241,37613.07287,24132.10013,39413.80689,5042.038445,35898.7403,18481.87186,33789.00689,54003.6859,45474.68198,35704.30831
148,Fey,46137.21135,32827.042,30566.67366,16955.89832,27258.56678,40823.5913,48294.53746,18487.73706,17738.8976,30028.41616,33570.43758,43795.08528,18640.07319,16882.17783,40812.51384,48246.88098,37707.02076,28004.0939,45789.29284,37578.73455,12859.97545,11169.87235,12953.62279,36722.28432,20719.14754,21910.26278,47545.02278,34692.63249,13629.81407,36170.61669,17243.02954,25384.79306,30332.99473,28186.85526,28343.44087,26960.32837,26311.50931,21511.29116,45218.73711,31939.74684,28448.67549,9195.620147,25813.89613,15127.71283,27474.06596,12233.8074,44737.51323,41441.12061,37578.71566,27180.10917
146,Fiez,63373.57312,49783.25838,47662.96605,33716.78671,44295.66133,55152.30261,58949.32775,35118.71429,34186.81445,47167.60176,50459.92901,52695.90633,35361.78125,33419.33394,51448.73525,58881.35733,54929.02501,45034.01233,63027.43728,54788.01143,12895.31017,6443.046257,5476.635939,46633.61716,38290.06075,35257.00704,57977.80226,45610.3759,20147.33731,39748.37073,33699.50281,42556.67112,41514.62664,39653.81367,45614.69803,44261.70045,43627.98124,9878.957638,62414.24725,48930.83862,45474.44507,22243.2279,24617.61077,25438.5863,44747.81146,5406.462365,55378.76319,55502.28695,54787.9956,44435.81302
154,Fontaines-sur-Grandson,64287.08896,50696.10234,48576.43842,34560.24117,45209.04896,56014.69412,59465.05784,35954.48242,35015.64237,48081.12991,51372.28796,53139.79698,36201.47756,34253.2031,51978.80848,59396.21491,55842.52902,45947.36033,63940.94979,55701.53119,13412.4571,7346.55294,6229.647754,47142.33662,39179.96048,35955.44027,58484.45864,46168.81966,20721.72167,39981.56477,34529.44018,43470.15998,42097.96227,40256.36937,46527.89892,45174.66347,44540.79864,9612.688928,63327.77416,49843.90785,46387.76789,23135.10216,25047.57457,26081.32681,45660.97503,6316.568958,55900.56761,56357.58152,55701.51537,45349.06599
155,Forel (Lavaux),29819.71215,17016.62716,14589.14605,9607.9465,11521.89971,28760.88027,44984.80342,10594.20666,11027.28805,13993.36384,17846.16912,43204.01481,10287.1587,10471.98489,38457.03437,44968.70236,21447.48395,12243.89731,29471.50608,21334.40042,27658.30836,27549.33742,29399.35226,35978.23875,5999.821662,20301.97423,44604.10923,33005.71602,24506.55014,42174.98763,10855.06265,9455.575186,29264.41376,27296.33989,12129.846,10724.70542,10063.6934,37453.36007,28941.68448,16098.56549,12675.70751,14935.05019,34250.30716,21603.97357,11273.86442,28579.76515,41848.87794,29721.89334,21334.37824,11017.75859
153,Founex,59912.72856,57188.42166,55339.87911,40616.0211,54950.25543,73652.18098,5314.572006,39286.9081,39202.42366,54820.03476,57961.23567,12636.54377,39508.345,39991.68743,12877.96681,5378.117521,56445.79427,55187.02235,59721.0163,56540.38688,51358.50619,60065.03612,59108.235,17620.73899,44747.96537,31781.64783,6286.282857,18941.97243,44186.48466,29900.20944,39544.27803,53506.97987,23276.16131,25379.97475,53174.84513,52602.40963,52337.89354,58864.10967,59975.06123,56619.52079,55332.3649,60019.81365,79226.24769,39487.98891,52976.00792,60991.44791,8909.591847,74909.92603,56540.34593,53096.07898
151,Froideville,39131.51805,26443.95496,24023.09302,8987.708667,20921.40548,37014.80865,42953.48636,10564.54561,9984.197012,23426.97169,27266.05515,39545.33822,10650.86978,9095.685621,35732.15803,42917.84956,30816.46462,21651.43593,38783.88142,30710.69696,18241.65202,19255.25215,20671.71986,32248.85744,12684.73201,16365.80715,42342.60601,29743.97287,15400.62893,35208.03714,9506.179634,18876.91985,25507.58159,23350.3268,21545.70526,20140.30048,19478.85447,28175.73341,38282.79998,25527.13958,22087.2371,12013.89839,31649.34635,13591.69233,20695.4271,20343.03826,39510.96624,37838.64537,30710.67339,20445.98206
134,Genolier,59615.104,54264.13321,52108.32406,34142.32708,51036.89967,70187.96549,7154.882364,33085.62791,32701.29501,51518.98969,55115.0163,1053.548727,33406.00891,33355.32187,5894.599073,7058.550387,54683.41787,51413.35019,59370.83658,54738.4895,40801.59824,49936.77502,48700.40948,7959.065618,39743.28263,23950.68916,5955.349324,10681.41246,33896.50498,18378.43494,32936.13413,49305.67687,14719.55067,16862.00102,49643.75168,48809.70195,48421.01142,47705.85241,59462.52118,53561.3379,51641.52144,51986.60061,70383.46104,29803.20926,49268.73653,50797.91023,5372.740732,71371.34347,54738.44895,49315.17653
145,Giez,62034.84022,48504.7119,46349.75616,32013.94412,42991.90542,54310.98949,57196.2691,33402.7152,32460.26214,45843.42876,49196.75747,50993.22883,33652.25285,31700.41729,49687.95151,57128.82808,53589.7368,43732.90865,61688.02643,53452.13605,11159.99841,5022.760896,3678.311544,44886.11704,36715.91321,33449.33839,56230.37406,43835.15468,18369.39611,38259.45052,31974.59633,41218.99819,39728.52673,37860.52741,44254.52336,42891.80782,42253.16436,9336.961549,61086.65929,47643.48606,44174.87967,21251.59554,25142.67379,23635.06194,43386.13515,4100.457922,53622.39434,54698.07626,53452.11938,43078.76361
144,Gilly,53964.06581,47847.04236,45630.10302,27250.26369,44415.66146,63583.79855,10803.18657,26213.68473,25810.44985,45028.099,48712.15288,6408.567444,26541.43941,26457.82622,3482.209946,10734.17615,48586.40941,44818.60377,53703.07617,48628.96221,35255.36622,44020.34398,43011.1517,1550.630966,32986.80538,17072.36958,9839.013726,3797.464467,28092.82592,17112.87293,26040.15575,42637.50176,7867.820005,10029.91978,43111.81723,42225.61458,41813.25681,42976.57462,53736.01173,47115.67489,45062.91569,45216.95412,63847.09546,23548.47933,42700.19351,44931.53776,7255.700787,64749.65551,48628.92213,42730.59547
137,Gimel,55416.32294,47906.49339,45556.59569,25551.77207,43934.11065,62997.70217,16464.64106,24805.6134,24171.0963,44927.55362,48797.60337,10027.70145,25196.28124,24664.19004,9450.269936,16386.53561,49335.16681,44417.46264,55132.32427,49353.01849,29902.03391,38998.65701,37777.67428,4474.854025,32159.71932,14828.74008,15397.62318,5939.27827,22957.8687,12078.63044,24294.69383,42016.18249,6551.21099,8042.545063,42920.46117,41890.20354,41408.46971,37201.85655,55073.97254,47110.68149,44709.01188,41789.58998,59707.91336,19006.03264,42406.18794,39859.43893,13045.79914,64101.34659,49352.97975,42387.01682
138,Gingins,61821.53033,57166.96639,55080.23469,37764.14191,54171.67198,73270.43722,5787.036199,36645.81447,36320.59871,54505.87845,58001.1872,4980.74693,36947.4385,37005.13959,8835.057871,5702.727364,57282.02699,54515.96694,61591.58564,57348.06078,44826.4066,53990.68822,52736.38837,11903.29999,43080.93277,27765.72407,4905.872581,14390.8529,37948.39357,21527.12814,36578.10906,52502.01712,18575.69048,20736.71603,52679.86733,51906.27956,51545.95136,51581.77706,61730.57869,56495.39968,54724.94555,55915.72257,74407.92581,33856.30307,52346.48384,54848.50829,6336.130591,74474.13272,57348.01995,52411.04322
142,Givrins,60559.42066,55375.9213,53235.1246,35392.1219,52198.81571,71341.71239,6820.53377,34325.36427,33950.44834,52648.98092,56223.2181,2129.546478,34642.66286,34609.18295,6922.984552,6724.101912,55723.98639,52568.51535,60318.74054,55781.72128,41974.94065,51146.62007,49885.42038,9237.871288,40944.01712,25223.59201,5662.152442,11934.53028,35103.05683,19071.0922,34188.76733,50480.10076,15994.58055,18138.80462,50784.14655,49963.00883,49580.28859,48772.43085,60422.49522,54680.00811,52792.62217,53265.45555,71649.9619,31053.97356,50418.09469,52001.98128,5714.8517,72529.50477,55781.68065,50468.44569
140,Gland,55103.77779,50043.58825,47934.72729,30728.26329,46993.23374,66102.1504,6169.077041,29566.08188,29285.64104,47356.12107,50883.87416,4861.304243,29855.28001,29995.62558,1684.321563,6100.588431,50297.94083,47341.87696,54862.68618,50357.86721,39888.62278,48615.77147,47635.07413,6165.353646,35907.08974,21021.46185,5230.488092,7710.103366,32714.07807,20422.87028,29562.35677,45318.55058,12062.94657,14220.56149,45517.72007,44732.6777,44368.33795,47559.69821,54965.81878,49361.56202,47553.99273,49322.0742,68184.52497,28088.06127,45176.07429,49534.50143,2644.844953,67302.38297,50357.82652,45237.64137
141,Gollion,46670.09776,36005.12184,33494.62054,12075.06139,31014.4169,49011.52589,31870.02534,12375.11104,11274.89496,32846.36466,36901.61178,27196.47491,12824.66222,11168.50949,24330.44391,31817.20788,39085.33791,31651.81669,46339.29831,39037.00502,16237.59275,23376.50872,22998.39118,20119.82908,19655.89809,6954.561856,31066.78944,18217.03231,9095.285447,22080.66556,11050.07788,28913.7376,13869.85104,11778.6676,30776.1143,29480.54974,28871.79879,26105.65353,46032.43523,35105.73208,32034.05939,24352.76502,42418.00749,3299.418087,30053.61848,24386.83694,28285.98775,49963.50406,39036.97254,29915.59766
278,Goumoëns,47792.8911,35210.2629,32787.00896,15008.66967,29684.4195,45192.47176,42609.2826,16291.84232,15290.55682,32188.62155,36031.75839,37705.35281,16582.57639,14582.53425,35064.47159,42556.06062,39526.24964,30415.70923,47446.06867,39425.45664,9568.870515,13252.149,13637.90385,30763.90575,20817.04873,16870.23496,41798.60706,28955.15982,7512.7993,29738.97839,14817.1431,27643.12427,24610.37895,22515.0224,30293.36573,28888.7772,28227.58693,19774.84834,46965.90733,34293.40221,30852.09341,15401.59655,31920.54534,8803.304435,29447.18204,14331.92067,39023.36656,45932.51406,39425.43216,29202.47014
143,Grancy,49846.88356,39439.04592,36931.93435,15454.99535,34502.2987,52553.49942,30322.75041,15612.79149,14548.53702,36282.70481,40338.03773,24974.86502,16067.71266,14528.28522,22758.21219,30261.90756,42385.7843,35132.08647,49519.7989,42343.77372,16206.85381,24433.3403,23621.40124,18195.08828,23043.99661,8245.338748,29431.43365,16770.42598,8816.596531,18586.36635,14369.98394,32406.27121,12596.1184,10740.5133,34208.89658,32928.25521,32326.40537,25364.80102,49238.68131,38544.44048,35509.69889,27281.20995,44700.47591,3987.45237,33499.43809,25371.85027,26726.02129,53505.88557,42343.74048,33369.72122
136,Grandcour,62627.98521,49226.63516,48004.47902,44545.96738,44939.50438,46892.78194,77249.3892,46126.66231,45657.45683,47775.73105,49545.45237,72321.24767,46139.56484,44767.19645,69726.17308,77198.77242,54926.16955,45520.40492,62321.14901,54734.57413,34163.00453,24324.60233,26611.77291,65449.48484,45207.4999,50941.6858,76463.69846,63607.57286,39796.30479,61982.06379,45189.7967,44084.03825,59251.09851,57127.5787,47102.89607,46125.06301,45677.43122,33737.22255,61529.27511,48639.0805,45869.17545,24571.93312,6007.55199,43366.93722,46386.72167,23794.07866,73674.37116,46665.15644,54734.57593,46033.55871
139,Grandevent,65080.06817,51520.01493,49382.3087,35040.96299,46019.55087,56995.15765,59350.02447,36414.63291,35458.93518,48881.08902,52203.85397,52930.23307,36671.58008,34709.42479,51886.18116,59279.987,56634.75622,46759.31811,64733.53374,56495.64738,13354.91282,8075.248051,6608.646187,47021.7869,39805.75236,36133.61706,58357.13131,46119.13869,20720.45237,39527.95448,34975.72292,44262.31693,42086.96211,40275.44902,47307.65226,45948.67067,45311.86206,8756.839116,64126.87954,50663.30506,47200.568,24064.6073,26047.87323,26175.62464,46439.79469,7092.200618,55795.03239,57346.75942,56495.63108,46130.51734
133,Grandson,60746.53454,47152.89167,45034.01362,31360.63625,41666.19244,52641.3053,57618.42382,32788.14356,31881.06704,44539.55566,47829.61187,51591.17924,33017.39675,31096.85559,50082.42035,57553.18836,52302.2795,42404.38329,60400.48214,52160.88754,11788.09684,3902.029051,3835.883646,45340.04728,35765.07715,33385.14154,56675.61881,44164.72549,18744.41631,39301.57881,31390.38713,39930.26649,39998.27388,38080.51548,42991.29497,41640.08646,41007.35703,11134.64938,59786.11383,46300.62903,42844.73026,19660.40846,23428.41315,23777.83153,42124.71608,2823.850195,54033.07701,53010.3548,52160.87181,41811.98785
135,Grens,60424.1804,56134.18081,54093.31166,37331.4245,53294.71888,72337.27834,3791.258251,36154.29978,35889.44613,53529.32603,56957.20356,5947.182719,36436.93252,36604.22179,8294.501586,3712.064372,56077.04719,53616.20582,60200.72242,56148.75253,45530.56584,54546.91864,53394.03307,12096.73869,42376.23664,27597.85243,3046.145346,14224.1794,38533.2973,23072.3594,36170.02945,51671.56461,18529.33899,20698.07566,51738.0249,51006.26915,50666.09481,52583.78085,60360.5406,55482.75506,53811.77985,55869.22283,74590.05944,34220.59956,51432.97363,55429.19272,5079.256103,73553.93491,56148.7116,51509.76228
150,Gryon,8762.921047,20397.06842,22720.57728,43021.8283,25972.54546,21908.69927,65734.6267,42692.2423,43777.92586,23296.5703,19653.15477,68341.89196,42239.01366,43901.18748,62411.36136,65773.19257,16052.15878,25227.23191,9044.576513,16126.73696,64935.05434,63796.80598,66049.10073,62702.72705,35553.58244,51640.01591,66034.32186,59471.30654,61303.33437,74548.22282,44000.33124,27912.18911,57648.56006,56534.53042,25158.68189,26563.58828,27224.91981,74614.63657,9150.679122,21291.46061,24782.79286,48128.54793,60823.20605,57354.13535,26007.22888,64721.32362,64084.18167,22783.69917,16126.76556,26259.05342
296,Hautemorges,49536.65252,40028.04015,37553.90551,16243.12241,35406.94791,53978.81381,26160.9023,15987.29965,15069.80614,36905.21504,40932.55922,21019.07722,16434.61635,15295.08195,18593.95572,26100.96726,42465.65742,35986.38951,49220.76408,42443.69247,20297.81367,28604.51726,27786.51892,14096.55813,23636.76366,6566.798967,25281.14642,12595.34034,12932.29697,16960.26844,15026.89837,33357.57067,8444.470064,6678.90802,34832.59225,33631.73748,33068.70552,29150.22974,49008.8385,39161.20795,36334.71357,30629.46285,48566.11316,8041.651437,34188.83277,29545.95336,22563.46314,54994.94248,42443.65702,34100.04341
124,Henniez,48449.7021,34790.665,33375.8903,30417.45452,30207.93894,35225.46417,64746.81681,31971.4723,31645.42575,33099.521,35193.08111,60699.99747,31926.74731,30765.75713,57385.97245,64706.19138,40475.77226,30823.21254,48129.5244,40291.34988,26708.76923,18359.17762,21382.40901,53532.29941,30352.23223,38099.62295,64074.75468,51302.81427,30147.87197,52950.98226,31206.26867,29227.04016,46971.27168,44803.85283,32293.63956,31261.02598,30789.89822,30878.91497,47369.55823,34138.09846,31192.9096,10106.27322,9912.526309,32204.64279,31550.02145,18547.84207,61246.46279,35308.9547,40291.34817,31196.57867
117,Hermenches,40093.76318,26505.46997,24374.55791,15576.48324,21006.71709,33876.54379,50195.40243,17143.1335,16779.5549,23883.07861,27196.82284,46675.08003,17123.57726,15897.50729,42959.74586,50159.59245,31651.94522,21745.35284,39748.16262,31508.41135,19785.90909,16981.32476,19274.1014,39398.89772,16709.9139,23591.46851,49580.84752,36951.72914,19581.02616,41222.48836,16336.55341,19285.36692,32689.45264,30525.67119,22371.02067,21039.39995,20418.41999,28296.59832,39128.61959,25647.24277,22186.06343,4797.208772,24667.99243,19513.43307,21508.2909,17925.14997,46749.01088,34501.33013,31508.39613,21188.79467
73,Jongny,21369.44267,8222.35546,5817.90743,16447.05235,2801.986389,21625.32111,48876.09001,16781.38842,17625.87613,5247.199445,9053.957228,48404.77647,16352.71214,17396.25354,43119.72669,48876.20214,12925.68644,3485.394706,21022.39295,12791.43603,36418.804,35646.22335,37721.10449,41468.97707,9223.869206,26857.92896,48691.45474,38295.35322,33221.60369,49642.04734,17655.1518,690.1296808,35080.28352,33344.48161,3612.351166,2345.797278,1826.2566,46091.8213,20431.57618,7304.843346,3903.727339,21110.42313,38267.5032,29959.69551,2757.777131,36626.84306,46088.32204,22750.89521,12791.41838,2429.211079
291,Jorat-Mézières,35282.64312,21792.03213,19597.23008,12965.5739,16249.33652,30444.49015,48622.10615,14410.87983,14343.35498,19087.2135,22514.19562,45845.21302,14276.46384,13530.16254,41650.2768,48594.86191,26837.3792,16992.67619,34936.17379,26698.12666,23500.117,21734.03439,23888.2983,38528.86856,12354.59831,22496.53382,48107.9049,35827.04128,21987.28352,42252.84352,13979.35578,14464.80209,31733.96989,29619.15914,17523.75061,16179.98522,15553.49275,32603.43027,34330.66185,20917.40807,17436.05283,8371.306712,28033.66428,20636.65157,16658.15185,22707.29462,45292.42621,31191.69624,26698.11034,16343.5625
279,Jorat-Menthue,41041.31108,27663.04542,25423.03386,14124.84607,22100.75989,35946.38703,48068.69085,15708.39477,15211.57471,24893.65833,28399.89904,44359.40322,15747.64972,14321.27221,40770.52499,48030.34981,32601.61588,22845.96124,40693.80027,32469.33848,17740.0771,16029.83064,18043.40042,37105.36476,16377.45755,21422.18688,47425.34174,34727.49535,17108.36076,38682.29588,14743.73127,20252.66126,30435.06667,28267.05331,23246.85905,21874.42661,21231.58625,26686.32021,40109.97277,26779.57146,23290.36177,6926.45619,26356.64852,16980.68974,22377.47755,17044.44328,44593.88347,36618.14125,32469.3205,22076.43255
75,Jouxtens-Mézery,39162.54797,28332.63308,25822.99981,4440.089011,23388.0892,41658.52982,34366.47238,5047.769745,3912.432708,25174.39254,29229.90809,31285.60451,5459.989411,3583.198999,27216.1194,34332.60366,31462.27307,24013.72634,38827.92483,31408.97371,20492.40293,24979.99947,25528.37712,23969.05953,11989.90692,7939.168866,33779.11365,21307.0877,14685.91317,29221.70652,3566.337792,21296.47432,17175.6682,15058.68485,23103.01326,21812.94559,21208.19819,30880.03279,38492.83631,27434.68394,24389.93812,20632.55212,40168.02317,9943.408808,22385.12878,26077.91778,30949.68514,42654.648,31408.94185,22251.75517
74,Juriens,58133.55419,46383.04937,43893.0059,23535.14454,41004.94354,57351.00362,39071.15246,24250.46425,23113.50891,43264.91229,47245.17144,32441.76724,24668.47291,22758.77596,31724.94967,38997.06613,50166.71116,41709.60406,57793.46097,50091.59314,7913.523532,17736.65943,15823.51022,26766.10514,30725.91831,19063.89765,38038.8133,26235.48096,5033.095251,19941.8656,22774.89144,38906.857,22545.9513,21043.03567,41264.21357,39885.64356,39236.2608,14809.78338,57405.78429,45463.06406,42130.43282,27163.0129,40678.72111,9483.204369,40459.9107,18368.92786,35562.41389,58126.09311,50091.56439,40258.23407
82,La Chaux (Cossonay),51062.04735,40143.60986,37630.55808,16373.11585,35031.21849,52628.95457,32910.43612,16780.59801,15665.75965,36985.33277,41033.92098,27296.38064,17225.56316,15494.22688,25359.07904,32847.22512,43395.92783,35690.04432,50729.43297,43341.81556,13444.06686,21856.58417,20933.85206,20695.83731,23905.45898,10655.2356,31992.71356,19430.43156,6064.44909,19314.32788,15410.99989,32920.78207,15313.86363,13497.61066,34925.74025,33603.25962,32981.00452,22627.67451,50408.20637,39236.25407,36084.45568,25879.18414,42647.10807,2464.615113,34179.01413,22769.57417,29318.39133,53532.40645,43341.78383,34023.49554
86,La Praz,57471.24932,46169.55116,43662.17686,22740.43392,40909.0819,57854.94939,36020.32384,23272.90654,22144.8028,43023.84639,47047.79364,29365.44817,23709.94391,21899.60888,28700.8787,35945.58757,49674.59431,41593.66789,57135.52203,49611.30195,10804.32838,20539.18704,18769.63686,23727.54028,30159.32301,17017.01394,34981.8369,23284.57482,5952.3034,17281.82358,21856.34543,38798.26828,19703.00781,18302.05633,40987.94713,39634.09543,38996.45022,17752.45462,56788.3604,45253.95466,42002.83304,28733.10482,43189.33521,8374.389623,40210.77168,21226.43477,32521.43174,58684.64896,49611.27147,40031.79287
89,La Rippe,63365.44647,59379.63851,57364.52351,40735.19344,56616.12185,75629.41507,6140.516792,39557.82827,39293.14267,56806.04972,60195.83462,8584.925579,39839.78467,40006.96399,11695.69784,6099.072623,59205.33105,56928.22912,63149.45491,59281.49844,48429.9254,57570.16944,56334.75485,15312.54853,45753.23389,30966.46254,5917.992361,17579.63714,41531.67129,24847.67925,39573.04318,55010.67702,21857.01064,24025.83444,55032.22623,54319.12528,53987.25106,55173.34083,63332.05196,58739.73678,57118.02658,59213.15102,77847.55471,37371.18944,54739.94728,58433.46588,8383.732514,76851.79596,59281.45746,54821.90036
88,La Sarraz,52224.31064,40381.65922,37893.31775,17781.31258,35000.89256,51497.3086,38343.25616,18622.59965,17491.63951,37266.24526,41242.75159,32605.53156,19021.16968,17056.93663,30794.5126,38279.61629,44208.96356,35705.44509,51882.83604,44130.86399,8204.517472,16448.91199,15504.94603,26108.92652,24817.41585,15057.43035,37419.72759,24862.56582,1101.694138,23013.32313,17117.30367,32902.69895,20716.99685,18847.48879,35269.87371,33888.99991,33238.63598,18013.79232,51481.0723,39461.53605,36126.32299,22312.18224,37813.82757,4847.446454,34462.82172,17346.51239,34752.36896,52299.25355,44130.83569,34259.0613
87,La Tour-de-Peilz,17996.7737,5151.096142,2640.580686,18890.95396,1921.276689,20241.45097,49656.4775,19010.64582,19950.57405,2004.770358,6038.57552,49716.04819,18564.12979,19832.70066,44256.3344,49663.02931,9553.600326,1735.257561,17649.68568,9420.670087,39684.37245,39018.88927,41089.79764,42953.08572,11363.1763,28941.78863,49551.28581,39730.08286,36279.99462,51933.24978,20043.19527,2850.580172,36760.47565,35137.74595,500.5321171,1392.171188,2026.297282,49418.78907,17061.42867,4240.929885,1770.348846,24361.75015,41002.56991,32783.98611,817.5885006,39998.81265,47029.92264,21453.79395,9420.652044,1010.581919
85,L'Abbaye,63164.66023,53149.07504,50645.71249,29153.00454,48240.38963,66173.05116,30200.8674,29195.15976,28172.26228,49995.99798,54049.78265,22517.4119,29650.86778,28216.63279,23767.18663,30113.00319,55929.48777,48869.08115,62845.33386,55896.95592,20589.55169,30429.88638,28358.09969,18888.40195,36729.7263,20259.04954,29041.37096,19872.71461,16015.18709,7290.849156,28031.2924,46144.36463,17911.01814,17604.15272,47920.37863,46650.93097,46053.40834,24951.84962,62611.69236,52258.67575,49245.4569,38669.04773,53366.11776,16061.31641,47220.6816,31017.86563,27058.39478,67095.7182,55896.9216,47096.15385
84,L'Abergement,61610.53183,49006.88828,46598.86481,27998.45797,43461.32824,58106.32579,46719.5242,29022.46795,27915.90428,46005.30291,49818.47099,39997.23501,29389.28071,27377.07381,39380.2357,46644.95506,53358.41314,44197.09209,61264.11276,53258.17036,4468.325937,12402.69661,9756.313682,34419.90879,34470.63428,25714.87421,45681.62202,33861.88742,9771.048316,26420.81942,27501.05697,41438.76759,30093.41815,28499.89271,44121.91828,42716.87327,42055.51929,7340.025512,60791.28981,48092.30012,44635.97861,25823.59299,35822.31436,15544.81428,43273.5968,12680.8164,43215.74097,58735.09548,53258.14581,43025.45326
80,Lausanne,35347.39154,24668.18153,22166.44411,677.805092,19867.6636,38455.57162,35345.38554,1637.728852,1006.410858,21516.57034,25569.2965,33080.16388,1901.103781,272.4091001,28532.73882,35321.28426,27670.03872,20465.32244,35012.82379,27619.65498,23767.53728,27306.83189,28177.28778,25818.02057,8255.261303,10100.69498,34872.67232,22909.78853,18346.84317,32523.45469,655.3380735,17803.37657,19073.11971,17085.48951,19440.39478,18182.67614,17595.44433,34163.50005,34679.17171,23779.42537,20826.17382,20541.31328,40445.88021,13756.13983,18749.72829,28411.63553,32073.96996,39495.16381,27619.62273,18635.59275
76,Lavey-Morcles,10837.80461,24627.82764,26576.93945,44775.77442,29957.05099,29461.94754,63119.64286,44176.64807,45304.88684,27046.51675,24071.24023,66601.76904,43739.68195,45579.36317,60643.72675,63168.26138,19271.14146,29229.97874,11181.28501,19416.67928,67905.0444,67825.57195,69855.90581,61564.99964,37703.7165,52227.8539,63552.7801,58423.84906,63548.81015,74569.5742,45601.07091,31639.97611,57154.95523,56310.59068,28590.57764,29958.69065,30602.23829,77922.98214,11840.73578,25419.25997,28796.82039,52832.38014,67016.755,59090.53388,29459.28894,68807.42813,61859.86826,30421.60076,19416.69374,29765.95497
81,Lavigny,48232.23633,40397.80719,38040.35411,18232.22034,36416.66694,55496.31168,19685.47377,17389.35016,16822.27934,37410.23578,41290.46809,15703.6617,17765.78041,17376.42663,12170.73379,19634.14523,41937.89267,36897.14033,47939.84276,41949.65826,27217.05877,35332.4468,34638.29489,8390.623987,24658.83328,7671.462796,18906.56252,6049.67429,19840.10342,17912.52411,16985.59846,34506.59174,1689.775471,543.5825657,35400.35929,34368.42027,33887.54067,35986.66854,47846.01991,39597.73026,37187.70224,35694.58386,54432.20544,14677.81822,34884.40233,36301.09085,16109.52896,56607.13039,41949.61992,34865.31842
77,Le Chenit,65512.1104,56610.28425,54149.99057,32884.98748,52048.70164,70572.14712,25241.13199,32608.38427,31709.76789,53502.70396,57514.61696,17158.02933,33051.89696,31936.44477,19893.25078,25147.21497,58800.65,52624.24002,65209.25964,58791.68052,27704.02188,37536.8512,35522.82747,15652.54151,40259.85692,22774.44991,24041.52809,17704.35636,22614.96386,336.0747978,31670.78585,50001.35118,17372.62028,17944.63376,51434.54319,50252.13442,49696.12114,31965.38572,65063.88438,55752.85758,52969.36975,44834.43462,60294.18057,21483.23287,50805.7924,38151.74981,22525.96181,71569.00215,58791.64385,50724.23823
79,Le Lieu,64412.87768,54209.21895,51701.28314,30225.57594,49235.63778,67000.58219,31713.48036,30332.52272,29290.17151,51052.24145,55107.74848,23960.50024,30788.40876,29296.66973,25357.90714,31624.78827,57098.10889,49874.76815,64091.25645,57061.40802,20213.28412,30034.3275,27845.39709,20500.11346,37813.55184,21606.33749,30547.33916,21515.33474,16183.14839,8065.855459,29129.12916,47133.16856,19536.06916,19189.38553,48979.03513,47694.0712,47089.0576,23939.47639,63843.62746,53313.53327,50257.21576,38946.16185,53145.34761,16792.09829,48266.0157,30572.79402,28607.3809,67903.01428,57061.37417,48132.70103
78,Le Mont-sur-Lausanne,37189.18545,25860.40969,23347.51589,3052.422226,20765.60723,38807.94386,36931.98564,4444.531828,3622.789999,22703.25109,26749.324,34116.44524,4675.488648,2777.506402,29895.62801,36901.92228,29288.16199,21415.51044,36849.51904,29221.79043,21191.33012,24500.33133,25395.08101,26804.07125,9790.216901,10781.98964,36388.1474,24067.00415,16155.55145,32095.39005,3126.731802,18659.11478,20007.20693,17915.35326,20648.0533,19318.81276,18694.8921,31568.23542,36469.3428,24951.7127,21805.906,18332.12545,38113.3443,12088.18925,19894.88049,25605.12714,33566.18206,39787.20807,29221.76034,19737.1448
71,Le Vaud,59173.86671,52770.19558,50509.63317,31401.56072,49156.88402,68315.24133,11599.33951,30500.83928,29982.46896,49898.12945,53644.18232,3805.471481,30860.20659,30555.4131,6924.688763,11507.10189,53681.47975,49589.05676,58910.2289,53718.99565,36165.98689,45430.8733,44098.32597,5315.323453,37563.26299,20834.04128,10409.08275,8579.7216,29388.71,13897.62624,30159.93857,47323.51881,11751.47693,13728.86537,47949.17442,47013.15732,46575.88241,42889.30605,58932.51332,52018.61682,49850.17135,48312.5511,66304.63852,25596.89913,47502.81662,46266.34272,8877.701771,69459.18614,53718.95579,47516.48072
64,Les Clées,60665.92341,48328.2703,45886.06861,26617.13701,42823.1094,58077.90988,44163.32008,27545.44416,26422.31793,45279.1522,49158.98866,37429.71303,27931.28168,25940.65681,36837.59797,44088.42325,52497.0564,43550.78308,60321.16413,52405.16331,4917.543036,14192.59476,11785.99543,31870.02325,33363.98611,23594.06695,43122.36102,31353.9424,7912.36639,24022.50511,26029.97479,40768.12536,27632.2428,26081.21683,43350.52409,41949.89027,41290.33204,9719.498403,59876.82671,47409.47734,43984.96699,26361.7384,37599.10407,13535.07275,42514.35825,14608.82418,40664.61383,58756.97187,52405.13727,42281.06846
63,Leysin,5153.650823,11810.7782,14169.74947,34925.61762,17388.23366,16788.88355,60296.02606,34719.34905,35774.0056,14760.64196,11057.79013,62131.13321,34263.57798,35829.15475,56284.54649,60325.01303,7972.737101,16643.54051,5058.929638,7996.749016,56402.71951,55207.80252,57453.05256,56087.34426,27373.53262,44029.45416,60472.18844,52824.46112,52938.54419,67092.17999,35961.16054,19350.11409,50635.00706,49356.7387,16676.02589,18075.22213,18734.56115,66035.30416,4306.970758,12711.19725,16199.50633,39617.81761,53064.57417,49171.32645,17510.56231,56136.31486,58319.24774,17953.62361,7996.783929,17747.46623
59,Lignerolle,61977.09411,49665.85526,47221.6405,27860.82754,44163.47569,59412.33163,44479.9933,28763.69594,27637.11533,46613.84801,50497.65886,37601.1624,29154.32721,27171.32085,37219.03598,44403.31816,53818.90399,44890.65922,61632.58514,53727.89624,6096.338516,15002.09441,12447.55931,32226.57779,34657.82381,24535.33809,43421.43492,31840.54563,9069.893931,23713.19149,27251.38248,42106.92687,28216.52625,26733.77784,44681.98801,43281.90895,42622.59041,9204.915736,61191.82791,48746.87974,45324.54943,27614.89772,38436.09533,14576.89916,43846.91075,15340.78346,41008.63678,60087.69794,53727.87005,43614.79233
83,L'Isle,54950.56123,44491.60404,41981.68111,20532.8651,39495.52566,57329.36868,30723.35194,20720.43474,19652.29005,41333.20275,45388.64525,24329.31786,21175.15126,19612.8686,23342.32763,30650.83101,47491.31199,40136.36665,54623.99609,47448.41277,15516.79115,24852.32116,23441.92155,18401.80074,28121.8638,12804.68975,29708.19231,17863.5929,8916.19441,14565.52704,19465.50221,37392.42776,14306.69986,12993.18418,39262.05051,37968.96961,37360.63455,23167.78931,54345.67652,43593.11602,40520.14499,30519.10118,46635.27323,7287.402293,38541.85351,25653.55857,27197.28337,58250.70904,47448.37964,38404.42952
60,Lonay,41996.90308,32604.3891,30150.75596,9269.84484,28151.79751,46982.90867,28022.93661,8701.793963,7934.001326,29504.59886,33508.52259,24840.41914,9128.837879,8363.331385,20790.89935,27985.56007,34919.55611,28699.85418,41679.54304,34899.60623,22718.60489,29104.65685,29073.64515,17525.60062,16313.51416,1504.377446,27397.99491,14850.18361,15700.5601,24333.45409,8010.842901,26144.10539,10728.71848,8634.072817,27440.67849,26281.39744,25740.49789,32706.54448,41460.66003,31750.71935,29030.76127,26925.25335,46179.75816,9917.342117,26828.99588,30162.26806,24566.11664,48045.30889,34899.57057,26760.09898
62,Longirod,58214.89001,51289.18261,48982.91229,29393.33528,47495.41947,66617.90218,13825.04639,28573.3315,27992.73199,48362.21271,52172.31143,6417.217465,28949.6428,28523.3719,8000.773344,13736.89907,52446.84492,47953.62035,57941.77905,52475.25017,33487.04176,42755.8703,41418.56528,4493.306711,35797.0422,18719.72614,12665.11423,7552.126785,26715.51269,12156.13264,28141.4669,45617.66532,9914.292576,11724.74041,46382.7116,45399.25438,44939.45372,40281.97154,57927.63725,50515.38902,48230.15006,45861.79355,63713.19204,22993.87679,45902.45832,43589.0924,10776.88862,67741.45267,52475.21079,45899.90038
61,Lovatens,43215.0188,29458.45669,27923.18091,25286.62608,24695.74717,31562.88611,60265.20729,26808.55491,26577.9443,27615.78383,29912.58707,56668.57692,26726.99722,25714.6782,53026.20083,60229.61276,35110.4946,25333.08442,42888.44995,34931.0815,25630.10116,18891.71305,21868.02825,49413.15739,24736.31156,33658.88816,59651.49773,47007.30342,27717.78001,50235.59262,26161.93245,23626.8062,42730.13166,40563.54289,26721.1668,25652.0269,25164.77896,31607.53011,42149.14249,28766.71457,25715.99595,5388.202708,15497.05041,28852.00767,25959.86513,19396.03243,56819.6351,31820.08641,34931.07766,25606.90645
292,Lucens,45063.39,31256.48134,29596.01131,25018.75899,26303.44603,34045.35634,59426.69249,26576.54755,26239.65143,29249.71684,31756.49718,55532.7603,26538.56318,25359.15268,52099.08329,59387.46079,36857.42542,26968.89716,44732.14191,36683.62342,23306.19482,16327.22776,19312.8864,48326.46656,25248.09187,32775.72474,58771.22215,46033.18496,25786.60746,48457.23285,25799.15379,25086.72648,41716.7029,39547.71132,28220.18971,27082.44491,26559.91765,29050.76104,44011.13429,30528.2849,27367.7592,4713.725906,15245.94033,27312.45576,27428.48592,16820.32219,55940.82464,34328.04868,36683.61743,27078.18652
70,Luins,55289.24241,49657.9891,47486.64318,29560.59997,46388.61404,65543.57708,8411.743979,28476.27162,28117.80554,46894.31264,50512.83825,4414.54742,28789.97553,28788.5152,2058.394465,8336.747502,50178.10347,46768.85611,55037.67064,50228.7488,37702.69055,46531.35461,45488.26899,3980.693496,35089.70972,19524.7995,7387.669621,6144.550193,30578.01888,18226.78073,28364.74683,44652.36497,10367.34422,12535.39144,45010.06741,44166.54274,43774.26212,45259.71857,55104.52941,48947.761,46999.63697,47726.13298,66394.7968,26088.72423,44628.22067,47436.09969,4976.805944,66724.39497,50228.70839,44672.00824
68,Lully ,44387.57114,36051.39769,33665.55472,13704.15297,31955.20894,51000.06081,23254.72024,12849.42448,12288.53085,33030.37894,36948.53381,20055.6414,13227.53796,12859.2106,15965.85191,23214.55256,37817.29776,32450.11399,44085.70494,37819.25409,25567.31828,32860.6671,32512.55692,12753.53463,20163.24484,3404.100693,22600.87195,10015.34522,18227.00653,21461.01317,12462.11856,30024.33781,5972.618819,3999.200577,31003.82899,29941.11823,29446.54505,35040.6817,43948.2984,35236.25817,32749.64404,31720.7974,50832.06228,12559.01435,30464.9997,33882.08999,19769.38575,52102.87706,37819.21648,30434.91086
6,Lussery-Villars,49368.53889,37728.52967,35228.53654,14813.77242,32413.87004,49333.59479,36821.35983,15615.96344,14482.78765,34595.19114,38599.32821,31557.26762,16019.27861,14068.73035,29253.3814,36762.95722,41417.61231,33106.47488,49028.49357,41344.8064,10802.92672,18039.85743,17520.11177,24764.15694,21961.62079,12422.78562,35954.85025,23204.10645,4127.620159,23616.23305,14116.25985,30306.3241,18931.51756,16937.25282,32577.39027,31208.76857,30564.32969,20890.63788,48642.29847,36810.23465,33520.51949,21468.75011,38199.64877,2640.023061,31784.55629,19020.74541,33224.01792,50178.86328,41344.77728,31593.45117
69,Lussy-sur-Morges,45203.2617,37036.36729,34661.37405,14800.50566,32987.96822,52050.68197,22269.58748,13933.56422,13383.12489,34028.14353,37931.89799,18962.56969,14308.08298,13957.35173,14935.43256,22227.55137,38721.27758,33476.29003,44904.29383,38726.58604,26059.55224,33557.26008,33128.85115,11657.71048,21212.2132,4444.423315,21594.94692,8948.648504,18686.32603,20678.09339,13559.48435,31067.05002,4873.966306,2921.370758,32008.11928,30958.30977,30469.71925,35382.97872,44780.66796,36226.99954,33771.84746,32742.41161,51784.80266,13108.61901,31478.84469,34567.68531,18765.24326,53157.8396,38726.54817,31453.51474
72,Lutry,30875.79568,19896.20971,17392.66358,4101.343019,15118.63096,33865.32511,38427.16556,4434.819168,5227.137247,16742.89873,20796.65897,36887.18078,4034.71403,5043.385074,31994.1863,38412.441,23035.12633,15704.8758,30536.74843,22975.81233,27205.31326,29388.70445,30671.05472,29734.97306,3525.131581,14529.83426,38065.33198,26682.82942,22465.81835,37248.77806,5269.540149,13071.52189,23121.87298,21254.33178,14667.20556,13406.938,12821.17126,37507.28708,30164.54944,19005.64962,16060.66711,19810.27968,39684.12553,18291.32391,13973.92497,30480.97945,35324.32857,34934.44838,22975.78124,13860.69262
4,Maracon,28117.39691,14297.87022,12659.26025,18495.24873,9442.351847,21184.46619,53724.00491,19481.05562,19920.13683,12350.30002,14827.62309,52097.67766,19162.17276,19343.67542,47306.45095,53711.12409,19890.72672,10068.50679,27783.70048,19716.23216,32712.83716,29936.59221,32389.83042,44874.18196,13625.44161,29146.94793,53379.86683,41897.32349,31177.57307,50535.22598,19736.04836,8577.89593,38155.82894,36176.40344,11559.75031,10618.6549,10218.05084,41496.83842,27075.11066,13560.69158,10449.44424,14037.52814,29890.0784,29314.52403,10852.25101,30806.37404,50645.07277,21968.56059,19716.22637,10499.85819
65,Marchissy,58896.96467,52192.40136,49904.46136,30499.64384,48471.50666,67611.42418,12901.13271,29648.39646,29091.42899,49287.3948,53071.93982,5240.60669,30018.31271,29638.29975,7631.320101,12810.49684,53246.75858,48919.30118,58627.93975,53279.05488,34742.95068,44031.73795,42680.3726,4960.686569,36811.73348,19859.80592,11721.74059,8182.444755,27993.60108,12738.75509,29251.12515,46611.14069,10926.95852,12812.21663,47319.93165,46355.57919,45904.80285,41448.98788,58629.70854,51427.61337,49189.64822,47118.94339,64999.53083,24280.90926,46853.39979,44861.7927,10021.3607,68743.19392,53279.01528,46857.44151
67,Mathod,59406.43295,46282.22731,43975.58607,27411.0739,40705.34684,53996.47727,50709.66844,28669.5732,27644.39559,43418.86077,47043.44078,44463.10836,28971.88568,26962.78014,43218.00459,50641.26334,51015.57733,41450.49157,59058.20185,50896.51416,4652.232981,6329.371387,3709.889037,38390.54805,32983.30839,27511.84734,49734.26202,37409.37103,11981.9254,31984.01639,27179.65347,38781.55908,33354.44331,31535.52656,41661.25317,40263.54811,39606.72182,7974.736554,58520.25503,45385.92368,41894.8441,21056.9266,29729.90982,17466.92134,40795.24096,6591.241334,47142.4181,54531.68409,50896.49329,40515.93913
66,Mauborget,66463.04914,52841.20032,50741.82655,36838.16933,47370.32321,57845.75891,61303.94946,38228.69726,37285.97733,50252.65926,53508.1434,54851.87577,38477.65579,36526.47993,53845.98395,61233.59761,58020.3119,48106.89704,66117.33446,57877.50226,15326.06392,9601.585605,8464.771187,48975.06453,41453.75502,38090.41618,60307.72162,48087.16881,22694.39094,41291.77944,36800.46661,45650.32988,44059.49462,42249.60762,48718.7885,47370.80544,46739.54911,10030.37302,65497.75997,51994.35984,48546.29109,25128.75475,25571.51275,28146.36911,47852.85832,8552.110166,57751.58243,58157.68924,57877.48689,47538.68288
107,Mauraz,53276.21939,42966.94844,40460.45102,18978.05752,38032.04903,56031.68717,29799.7867,19099.44224,18047.98097,39811.11677,43866.27666,23720.34544,19555.08587,18048.29256,22334.82869,29730.62082,45873.67456,38662.62237,52951.12536,45834.14754,16264.11318,25302.95253,24083.95701,17476.41305,26565.30174,11012.21577,28819.60355,16675.29284,9257.490022,15353.08078,17881.56583,35935.24997,12924.97901,11475.03548,37736.90945,36458.15361,35856.87419,24427.5775,52682.76574,42073.07801,39040.49821,29953.62622,46606.36547,6426.682234,37029.12988,26153.93895,26240.46416,56973.40559,45834.11401,36900.13358
101,Mex ,43298.84041,32290.08188,29777.14374,8567.663211,27220.86377,45121.02199,34008.3074,9151.857498,8015.803465,29131.10849,33182.01356,30007.51595,9577.378376,7726.616878,26588.1023,33963.75449,35557.9578,27869.8867,42963.62484,35500.84244,17034.15574,22690.94341,22823.77921,22767.10225,16052.66249,7568.291187,33297.67699,20492.49343,10735.05288,25950.29964,7699.576463,25114.27628,16157.81729,13990.37449,27068.96179,25752.08352,25133.31016,27328.38307,42622.76256,31384.45141,28259.11008,21275.51417,40029.78903,5800.620615,26327.31999,23760.48517,30476.17155,46070.27218,35500.81109,26176.52126
104,Mies,61377.57374,59384.26961,57624.89604,43714.34854,57403.88137,75904.0841,8961.79022,42344.78209,42316.36301,57125.73232,60132.31917,16229.03654,42545.76634,43124.30773,16494.91782,9030.457674,58343.54256,57605.64838,61202.36811,58448.05123,55019.3282,63680.4251,62752.96339,21287.66717,47521.18928,35169.78748,9966.153796,22513.746,47830.14851,33396.67962,42675.05944,56037.78359,26824.29238,28905.52185,55548.11822,55042.6381,54809.4735,62548.08372,61501.27293,58852.83635,57730.06509,63319.96854,82638.42319,43078.55752,55393.20424,64613.46508,12539.45203,77176.08549,58448.01046,55530.11251
106,Missy,63391.88363,50184.68099,49092.20695,46770.46739,46118.02979,46838.1477,79894.37654,48345.27881,47921.55199,48899.31613,50453.96774,75083.86362,48338.10364,47032.61906,72388.81213,79845.32747,55870.08537,46669.27151,63093.06978,55674.78157,37139.33199,27306.38975,29626.52434,68166.67983,47062.33109,53490.23424,79125.96418,66267.63896,42674.70184,64942.04765,47461.59015,45382.65115,61908.11421,59774.29253,48341.88159,47424.5748,47006.30499,36755.83551,62286.98783,49639.28175,47000.64842,26603.42544,6932.555674,46125.69855,47655.67197,26795.02621,76327.77285,46526.81618,55674.78551,47303.99848
105,Moiry,54583.11684,43338.33095,40828.92886,19851.81559,38107.06104,55233.06123,35084.53235,20383.33052,19254.72063,40188.98904,44219.33087,28863.06979,20819.90577,19009.22909,27627.25725,35014.75017,46800.04121,38786.34524,54247.60275,46738.02294,11006.19498,20280.87632,18893.02831,22757.34725,27283.79319,14438.29971,34096.78966,21943.81371,4442.009307,18438.51901,18965.49608,35995.05997,18089.68483,16487.95474,38147.69472,36799.35191,36164.44369,19312.55229,53902.56383,42424.09211,39192.50508,26834.33598,42252.11637,5485.689991,37376.10396,21081.27349,31529.5012,56084.87721,46737.99228,37201.70379
103,Mollens ,55176.12991,45870.43193,43399.46812,22085.42565,41256.99396,59784.23617,24837.81805,21836.55253,20920.9625,42751.0572,46774.97976,18312.74961,22283.04198,21136.69124,17576.24136,24762.4862,48229.65342,41837.5505,54864.74705,48212.20013,21533.39259,30807.60549,29453.05124,12572.74088,29487.02192,12185.04699,23795.47208,12490.15482,14787.26616,11114.68166,20874.19966,39205.33293,9663.866948,9073.881934,40679.30576,39481.95519,38919.79812,28854.01273,54676.82352,45005.84125,42186.12485,35241.8789,52200.37553,11721.35372,40038.51408,31629.59217,21353.58984,60788.92046,48212.16424,39950.79852
102,Molondin,52805.3103,39013.49837,37097.02064,27423.22433,33723.30564,43091.55509,58647.96486,28990.13335,28327.19346,36668.46449,39608.86958,53672.76222,29095.35533,27451.6949,51109.53063,58595.65457,44429.2858,34436.84023,52465.11175,44270.60413,16762.393,7906.838925,10929.03482,46798.35175,29972.72493,32548.40895,57845.03476,44996.38578,21404.18712,44022.75692,27836.06213,32205.31955,40645.97179,38536.71823,35348.91978,34078.65498,33487.53613,20486.13704,51792.76399,38214.17741,34863.02336,10818.27812,16444.4903,24715.30931,34505.11763,8123.269677,55065.40899,43400.36721,44270.59315,34169.68516
113,Montagny-près-Yverdon,60052.67388,46589.00525,44400.61045,29741.99158,41054.8573,52862.81679,55179.04649,31124.48425,30177.88979,43883.68017,47296.20564,49095.4162,31376.89068,29421.09852,47652.91809,55112.95896,51610.55136,41797.93213,59705.32815,51476.35865,9269.324446,3277.768275,1420.778664,42887.10302,34531.11389,31211.35901,54227.46961,41761.81859,16309.49155,36785.84195,29692.87071,39249.32108,37622.5651,35729.66001,42260.25391,40888.96577,40245.96544,9655.04456,59115.67946,45719.46126,42241.10279,19713.56299,25467.41109,21463.30754,41390.99646,2718.090636,51597.7024,53291.62212,51476.34116,41088.39752
288,Montanaire,45822.13044,32120.90549,30082.88296,20414.92905,26703.04002,37962.36618,53378.30575,21997.32745,21439.39834,29618.87404,32769.87229,49103.09618,22057.58437,20550.94421,45947.92982,53333.91283,37398.10631,27432.17566,45478.44167,37247.82588,16869.7098,11729.51414,14377.00095,41975.63285,22524.88226,26812.42971,52664.83694,39840.2712,18883.52533,41558.26896,20960.53554,25071.6562,35489.89081,33329.54599,28189.80983,26882.74473,26273.70481,23909.01547,44835.91689,31287.47873,27867.42536,4857.06731,20663.22485,20560.20732,27333.88869,12550.86012,49845.11946,38441.199,37247.81247,27006.78043
111,Montcherand,58756.83773,46169.14699,43756.83112,25215.57744,40628.00611,55447.12733,45451.7969,26270.15849,25171.45221,43161.80565,46983.31905,39024.879,26629.63081,24612.70421,38015.00718,45380.76699,50506.13381,41362.79014,58410.41798,50406.22061,1919.470705,11381.82495,9204.61705,33122.7231,31627.90139,23424.21217,44449.80291,32327.80136,7411.612774,26438.25937,24748.79766,38600.75358,28404.21495,26698.83445,41274.17635,39869.31089,39208.01642,9657.693923,57937.79483,45253.90993,41801.11812,23451.89155,34711.82791,13208.3285,40426.72515,11890.99237,41906.89034,56097.34286,50406.19599,40179.82718
277,Montilliez,43561.40397,30499.30619,28160.85414,13617.43985,24923.77763,39610.46387,45649.79079,15152.19122,14416.32187,27595.44914,31279.38237,41495.24808,15301.55924,13554.95749,38231.42172,45605.84141,35169.99137,25667.07729,43213.16465,35051.59572,14288.11809,14293.81453,15798.73542,34321.46265,17597.34904,19083.83111,44942.7442,32130.09881,13254.64662,35025.34614,13921.23271,22967.08333,27785.94735,25621.96466,25818.65419,24419.61774,23762.19011,23744.25154,42674.09815,29595.83602,26110.37748,10121.45265,28395.58042,13438.90333,24953.55578,15379.67209,42121.00039,40315.91568,35051.57469,24677.22252
109,Mont-la-Ville,56988.47616,46138.79518,43625.76596,22346.81495,41009.66312,58441.71482,33223.40239,22693.47601,21591.3871,42980.80827,47028.53821,26543.31817,23142.84784,21457.18589,25934.18167,33148.00071,49372.9266,41672.48616,56657.65605,49320.85916,13525.2404,23166.53507,21501.25077,20946.81467,29894.88848,15429.74537,32178.65034,20604.63731,7822.744086,14991.47577,21356.78004,38898.20291,17158.85524,15887.4904,40921.96653,39597.88193,38974.50318,20490.17382,56349.215,45230.88619,42068.99414,30365.26781,45545.90897,8268.750744,40173.7797,23891.37726,29735.39756,59318.65817,49320.82717,40016.68059
116,Montpreveyres,34912.82285,21867.22101,19507.77788,9729.390784,16300.00634,32136.03255,45382.84942,11192.48798,11099.96611,18937.42215,22661.04489,42687.27716,11074.69008,10284.23774,38433.10196,45356.02984,26511.13058,17040.4213,34564.59295,26391.32924,22777.58783,22416.52664,24253.62006,35373.33715,10027.31616,19343.57138,44874.45796,32636.78394,20296.58225,39642.27301,10733.53125,14317.19217,28576.30162,26475.21387,17156.14596,15758.14318,15101.49357,32406.48719,34018.11411,20959.16751,17482.14267,11044.19863,30946.92149,18257.26068,16290.62468,23453.38314,42061.06162,32974.34125,26391.30847,16013.89275
8,Montreux,15298.26452,1620.162859,1089.671232,22510.75179,3963.340508,17266.51849,52615.67993,22612.93748,23562.21305,1714.399004,2455.598617,52968.54503,22164.81377,23451.91707,47429.90151,52626.16128,7008.280974,3217.951565,14959.10525,6832.899189,43005.96832,41901.79282,44083.07483,46295.94973,14972.13183,32505.44797,52558.71862,43057.00179,39795.10517,55525.34636,23659.74506,5949.583624,40192.46885,38612.01116,3768.695697,5009.835518,5623.110433,52608.78378,14285.31092,720.5875705,2773.509342,26712.8805,42217.85266,36381.60002,4438.145627,42852.73959,50090.5282,18527.79996,6832.893526,4580.279248
115,Montricher,55698.69048,45839.02557,43344.08752,21866.26479,41032.40914,59253.07716,27652.68508,21819.90044,20823.57328,42694.09902,46741.87477,21052.24601,22274.49747,20921.71872,20383.64521,27577.21693,48503.84654,41643.309,55379.89455,48474.52102,18821.75023,28214.62646,26768.89949,15385.25051,29407.94868,12808.97204,26608.27582,15194.46819,12275.97589,11863.92248,20710.61285,38950.58424,12073.12345,11154.58734,40617.35632,39371.24865,38785.50891,26041.51344,55150.24374,44956.49759,42009.58708,33489.04863,49937.6396,9967.790598,39937.1229,29009.81142,24168.59788,60217.46516,48474.48635,39825.5203
114,Mont-sur-Rolle,51282.70896,44702.55283,42448.96008,23787.89613,41141.65633,60308.30044,13667.82921,22770.02703,22349.50928,41839.4576,45575.64928,9854.81477,23104.06038,22989.92076,6102.939768,13610.65325,45643.4274,41561.82642,51012.26049,45678.05859,32607.68411,41114.23312,40242.55284,2757.687303,29629.42937,13609.55122,12830.82314,610.9069357,25330.83693,17428.16284,22573.94613,39333.53276,4456.092302,6624.849778,39898.60944,38978.73069,38550.93478,40770.22827,51009.66305,43953.74035,41816.5756,41808.30348,60560.51203,20516.31271,39463.14683,42052.4991,10071.80973,61462.69325,45678.01887,39482.80098
112,Morges,42782.84668,33940.9077,31521.89094,11161.98988,29684.32409,48651.72311,25762.71549,10393.80676,9764.435134,30881.00151,34842.23699,22669.39178,10790.82369,10297.24269,18537.82367,25725.22799,35961.21789,30202.45985,42473.07441,35952.8974,24210.24238,31002.88971,30838.18219,15363.74577,17850.25638,1047.966466,25138.0305,12623.97534,17010.30359,23170.30777,9911.017063,27718.76675,8574.004846,6538.707686,28835.07897,27728.83282,27213.62479,33993.52592,42295.93418,33107.59214,30515.81148,29185.76115,48414.97196,11217.10463,28263.75485,32046.69386,22306.20544,49737.98571,35952.86066,28216.88601
110,Morrens,40710.895,28738.49282,26247.65929,7335.444941,23386.04479,40478.98161,38963.64969,8693.837745,7769.784079,25619.79338,29602.31464,35332.07096,8949.858704,6992.619395,31658.985,38924.59231,32610.41765,24083.46388,40367.06425,32527.15373,17067.87368,20286.20747,21117.24213,28051.39856,13398.32297,12313.24722,38314.36673,25623.28738,12671.96738,31105.83954,7278.96753,21281.4762,21345.83053,19180.48337,23623.3678,22241.9865,21591.73472,27402.79459,39938.27849,27818.68808,24500.65069,16022.49723,35259.26853,9750.777722,22815.83203,21390.53191,35483.12305,41366.38992,32527.12622,22612.93882
108,Moudon,41998.45487,28203.54487,26301.60101,19966.59776,22932.94759,33361.61458,54554.60075,21524.87009,21190.03823,25883.31883,28800.9056,50877.38431,21489.1377,20310.56529,47280.47012,54517.46329,33632.94008,23641.65052,41658.6865,33472.48479,21222.32503,16259.68509,18969.42489,43627.56543,20484.38752,27921.14201,53923.92986,41245.71022,22393.87537,44667.47107,20751.38124,21467.43746,36957.32777,34789.55208,24618.9223,23380.02318,22806.95927,28522.77708,40983.90223,27405.44591,24065.37743,410.8230225,20289.34439,23149.98161,23785.81736,17027.2306,51092.03868,33831.26881,33472.47433,23445.38472
91,Mutrux,66390.61019,52570.4087,50739.41706,40327.82032,47379.38781,54981.29629,68258.12003,41845.16542,41051.95988,50333.103,53125.60841,62255.90083,42011.59122,40212.44039,60713.12911,68193.75185,58064.82261,48081.63288,66053.64701,57900.90195,22428.37994,13675.08622,14502.82066,55993.49434,43591.06628,43609.86832,67323.76123,54765.54188,29394.17506,49604.19202,40555.1332,45924.52941,50564.5432,48611.62717,49074.5824,47822.74286,47239.69374,18933.07211,65360.23658,51797.17695,48501.06848,24414.27401,18270.56841,34285.59581,48237.73088,12668.20415,64669.23959,55099.75219,57900.89261,47898.98895
55,Novalles,64355.2238,50856.9138,48686.57252,33923.1593,45334.15126,56722.19648,57920.216,35276.5286,34306.07706,48174.90045,51555.2002,51495.84552,35542.60157,33568.80107,50459.40878,57850.04806,55911.37238,46076.18545,64008.09247,55775.65356,11942.19296,7382.752128,5506.285216,45591.67083,38844.24546,34796.43183,56926.07248,44700.02051,19317.90121,38140.15674,33825.86627,43544.84535,40676.95957,38873.88369,46566.81916,45198.80763,44557.40319,7744.010896,63413.19896,49992.03901,46518.7499,23667.81402,26773.32401,24803.98968,45697.84181,6504.148103,54366.42147,57105.11154,55775.63644,45393.25671
58,Noville,9251.912248,5397.661875,6716.399459,25999.21478,10058.63778,19617.14687,52196.2567,25732.45944,26800.31591,7104.747921,5305.977293,53550.72281,25277.26164,26889.06422,47774.35838,52218.60126,1068.382673,9362.945048,8903.727064,1091.278971,48146.73293,47792.70815,49832.88396,47323.34701,18505.83766,34995.87048,52289.06377,44055.84269,44281.98507,58064.80386,27003.81507,11624.47513,41721.80902,40393.63518,8557.29483,9929.80067,10577.45098,58027.11554,8369.540098,5918.895355,8951.847095,33023.85866,48731.098,40311.77931,9426.145714,48776.52981,50017.62102,20934.58774,1091.238919,9733.014972
90,Nyon,57391.52169,53308.46118,51302.76529,35086.95695,50591.93424,69577.708,1485.650748,33849.99395,33651.59202,50747.06307,54122.98967,6677.729813,34111.45244,34397.28806,6428.475518,1393.063585,53138.81588,50894.42159,57170.57365,53213.80862,44759.62291,53524.78778,52527.47621,11021.03366,39840.83024,25711.95455,324.0429277,12549.81425,37609.52385,23955.66392,33956.67091,49009.56234,16909.84035,19052.06097,48984.12714,48286.62432,47963.38044,52275.32206,57338.64981,52672.09774,51078.98845,54027.95253,73011.97658,32997.68738,48701.96516,54441.33625,2545.728719,70803.90554,53213.76765,48788.60938
93,Ogens,48347.52957,34692.28332,32613.72539,21602.63848,29237.5687,40654.87034,53360.81347,23168.00677,22503.89842,32135.54075,35356.53834,48725.14279,23276.42265,21628.05063,45862.939,53312.11303,39911.81336,29971.51871,48002.74129,39765.26232,14654.13942,9023.499242,11677.1776,41708.49719,24427.37369,27014.79939,52598.77249,39741.56608,17487.14708,40293.56384,22013.01461,27556.9674,35381.35512,33243.04935,30654.14355,29327.50845,28708.07619,21250.3647,47372.08944,33848.85759,30409.48953,7509.820891,20863.52818,19871.50138,29792.89441,9859.690773,49796.91111,41123.13842,39765.24791,29471.38153
92,Ollon,4379.111757,16779.87277,18970.14649,38807.13604,22300.74133,21329.02613,61504.76196,38434.34237,39528.48933,19510.73107,16115.06681,64003.4403,37982.57044,39675.74337,58079.51277,61541.7003,11992.64051,21557.23737,4657.388821,12089.97929,61036.20584,60260.2589,62428.93986,58328.08409,31391.20847,47293.78443,61783.82114,55094.10827,57215.67475,70176.91665,39762.67574,24153.92545,53261.26997,52150.12902,21276.16308,22679.53953,23339.68985,70829.95753,4795.876952,17638.48218,21113.92304,44869.28467,58523.38413,53160.49909,22138.02954,61209.26226,59800.69112,22380.51314,12090.00407,22410.35174
99,Onnens ,62665.35869,48904.11439,46933.64949,35127.50774,43554.07648,52807.41876,62629.0921,36617.07127,35781.61781,46485.58144,49517.64491,56680.79958,36806.44286,34959.1858,55081.02308,62565.12376,54261.07867,44276.13577,62323.34339,54106.90602,16906.34034,8065.087293,8937.691725,50373.75803,38839.71605,38020.23173,61699.31284,49127.36666,23776.73816,44367.97641,35285.63155,41965.44465,44924.22373,42971.94491,45091.16127,43789.29027,43181.44194,14874.2395,61664.63476,48091.29811,44707.1255,20761.47363,19840.6407,28646.22548,44237.20092,7038.157405,59038.89817,53052.3685,54106.89373,43908.45427
94,Oppens,49663.55495,36122.53568,33968.32939,21421.19634,30608.88888,42709.76478,52012.26299,22952.33636,22196.16798,33464.95574,36818.12935,47132.37912,23105.36605,21342.50273,44479.4544,51960.50257,41218.27803,31349.70738,49317.07218,41078.97423,12284.49668,7361.507365,9737.977242,40205.47734,24952.7012,25923.87876,51216.24754,38363.48594,15389.55996,38197.65847,21699.91891,28845.71311,34010.36854,31896.66883,31895.96381,30541.48568,29907.5496,19129.93668,48710.34746,35260.33594,31791.60111,9675.198589,22595.7354,18185.56391,31028.72348,8326.642454,48432.19242,43211.69341,41078.95796,30717.72926
100,Orbe,57176.4421,44498.68307,42098.62894,23912.90405,38947.54964,53639.94729,45637.14997,25027.5435,23946.06096,41508.39476,45306.50309,39429.06248,25372.1175,23350.06122,38146.20132,45568.79607,48897.13494,39684.45967,56829.50481,48794.12632,420.3907516,10203.39985,8382.245653,33318.80608,30146.36809,22807.01835,44662.77909,32349.10984,6984.301929,27471.94702,23509.62501,36931.72295,28318.15598,26527.79423,39637.59347,38232.13111,37570.67792,10690.2985,56345.77856,43585.19903,40124.02864,21639.51344,33330.674,12636.05923,38786.41308,10835.74452,42069.83119,54285.38747,48794.10227,38534.48631
98,Orges,62684.60697,49281.31677,47068.04505,31783.52045,43733.84644,55708.32065,55631.73238,33113.77628,32128.266,46542.52119,49999.01766,49263.58107,33389.52225,31404.52336,48160.1171,55562.14285,54248.39443,44478.10706,62336.87274,54117.38794,9617.576856,6124.052228,3607.13374,43305.03639,36885.26437,32466.48425,54643.68551,42383.72575,16984.07979,36163.52678,31651.5469,41902.44331,38349.14799,36539.74177,44888.74725,43509.98172,42863.07447,7088.824659,61758.23234,48405.99513,44921.9602,22556.29202,27480.89101,22464.2816,44019.21973,5504.774219,52073.20861,56138.35028,54117.3697,43721.39376
97,Ormont-Dessous,10374.02794,13451.38568,15964.03977,37428.14355,18710.52255,12310.03376,64799.86137,37426.18757,38418.7409,16610.73546,12559.11001,66237.1723,36972.75173,38361.57421,60463.22462,64824.56201,11660.08332,18008.28579,10327.47471,11600.78202,57547.29973,55436.47654,57864.3974,59963.48065,29847.13627,47112.13526,64920.2683,56696.00576,54704.1748,70209.78403,38546.78265,20810.74962,54243.52856,52833.6021,18677.9789,19989.68047,20613.42516,66809.97482,9623.212492,14356.75955,17591.27554,39353.47007,51016.94787,51374.82185,19414.04903,56303.44684,62679.42303,13338.52899,11600.82263,19572.05014
96,Ormont-Dessus,14884.91685,19678.65764,22181.64206,43674.32595,24763.11227,13518.4225,70922.89514,43711.86422,44691.5784,22831.25344,18777.42253,72513.5957,43259.57659,44612.12169,66717.71947,70949.89233,17926.56987,24085.76089,14961.6023,17880.65743,63235.77648,60597.31465,63131.99102,66284.07658,36107.55465,53440.50196,71071.84939,63016.40091,60682.25115,76533.38123,44807.9133,26874.99384,60588.21042,59181.35095,24906.72822,26186.65909,26795.90152,72266.95415,14466.07845,20568.77113,23683.8562,44298.4145,54243.98094,57514.06428,25614.25947,61418.81835,68870.04696,14054.26421,17880.6976,25752.1016
95,Orny,52227.6741,40140.3657,37668.64331,18069.24638,34701.70167,50828.44192,39922.3019,19023.34573,17906.63706,37049.50432,40989.84802,34226.20244,19402.18819,17403.45528,32367.90593,39859.38465,44126.89504,35416.60404,51884.2323,44041.82909,6954.505458,14846.38824,13983.83877,27705.07758,24866.80473,16240.9279,39006.22765,26412.79079,1728.436464,24486.25967,17504.44013,32617.46388,22237.5808,20335.91263,35080.64398,33689.01092,33033.58952,17068.02367,51458.95388,39219.74743,35843.47158,21055.28575,36231.68162,6137.42002,34259.44077,15756.09267,36329.30472,51600.13954,44041.8019,34042.31548
298,Oron,29922.42891,16221.35336,14185.82846,15061.49834,10805.77411,24840.58322,50618.5457,16160.53495,16501.24892,13739.00317,16889.45024,48703.32652,15876.29066,15870.19537,44043.16558,50601.8009,21512.48754,11530.1882,29579.55019,21358.301,29368.14903,27302.88727,29591.41673,41444.82234,11150.10741,25604.58157,50228.64146,38521.44349,27523.8776,46796.47914,16279.23639,9284.652903,34692.46304,32679.31372,12436.65668,11212.66874,10655.76666,38447.49575,28930.8627,15381.64499,11963.44888,12245.94031,30056.68433,25562.98542,11606.77662,28232.27444,47466.57278,25659.22854,21358.28863,11264.81112
17,Orzens,51052.9877,37522.58365,35363.22161,22440.73964,32005.64286,44052.54275,52343.18107,23953.04265,23160.62626,34857.74735,38219.83387,47283.35972,24123.771,22319.3939,44792.70461,52289.29745,42607.66693,32746.85139,50706.36239,42469.11369,11391.88623,5963.820806,8347.21665,40435.14433,26201.0221,26468.4281,51523.59726,38688.58219,15116.78128,37861.78852,22663.79388,30235.6732,34347.93166,32256.03539,33280.10541,31922.73696,31287.22762,17802.23439,50102.07306,36659.29136,33188.96425,10959.85022,22702.0239,18330.17536,32412.41458,6943.320596,48754.80223,44542.37507,42469.09724,32102.70661
16,Oulens-sous-Echallens,47695.67371,35473.26472,33008.91963,14014.04381,30018.83695,46207.17063,40203.67629,15149.9563,14083.22186,32393.34366,36318.4403,35275.99429,15485.63244,13463.12726,32653.97628,40149.78788,39538.57018,30736.23338,47350.90641,39449.03162,10168.15902,15308.89744,15377.77659,28336.28362,20425.80839,14658.8523,39386.11782,26549.08598,6149.516214,27616.70974,13636.92563,27939.23435,22209.92737,20125.22448,30438.09367,29042.43941,28385.19989,20563.47822,46907.75006,34552.83461,31164.62489,17455.0991,34340.63266,6398.726502,29610.88072,16363.61287,36615.42806,46998.33467,39449.00516,29388.00297
18,Pailly,48930.11736,35539.53641,33312.7493,19654.04961,29984.18566,42942.93756,49872.15554,21160.19666,20360.55112,32785.27134,36266.96345,45010.09191,21336.04236,19521.60242,42339.41861,49820.37857,40492.03524,30728.96774,48582.494,40360.40616,11180.99858,8270.976454,10151.27099,38071.22026,23615.84456,23811.3275,49076.26672,36223.3581,13504.85571,36311.21197,19863.72013,28144.70197,31870.2411,29756.9101,31134.51055,29758.57357,29113.46058,19031.89843,48001.18442,34660.04229,31173.12709,10367.12255,24668.09325,16074.25486,30265.01209,9333.649616,46292.05396,43504.30212,40360.38805,29965.71059
19,Paudex,31555.11547,20869.35269,18375.51741,3196.634472,16195.38476,35015.62352,37253.43655,3283.179726,4158.369503,17725.57727,21772.20094,35683.80497,2865.41315,4099.695555,30797.70899,37238.04464,23829.55237,16765.28515,31218.78248,23777.87932,26915.5342,29504.80966,30676.15903,28532.59468,4438.319047,13379.48102,36884.06184,25479.43036,21919.97607,36177.70909,4264.323446,14168.01966,21924.84877,20065.25935,15648.96132,14418.93232,13848.23623,37262.8594,30871.38722,19987.56369,17111.46482,20549.04939,40472.46387,17546.03156,14980.43144,30602.83794,34138.80192,36092.2092,23777.84723,14882.35757
15,Payerne,56772.97574,43401.75596,42217.8685,39892.68725,39187.48968,41220.33755,73567.45088,41459.9341,41077.98687,42002.32526,43709.64689,69068.99297,41436.12249,40191.91879,66112.46443,73521.91747,49099.47713,39756.10461,56466.90453,48906.97074,32385.94505,22785.25453,25468.32657,62034.61456,39993.32596,47017.78691,72838.88959,59996.18318,37227.82559,59865.40641,40626.29268,38390.97193,55638.72407,53486.17911,41379.9777,40433.40067,40002.24347,33756.29262,55673.58539,42825.0045,40098.04571,19633.94377,679.2285853,40188.06928,40678.73294,22504.8799,70024.33979,41038.98857,48906.97304,40326.1975
13,Penthéréaz,50022.82621,37181.18794,34802.74969,17819.77054,31617.89723,46355.41949,44960.31788,19138.94671,18155.6607,34221.37084,37979.00097,39762.71736,19417.04938,17429.62022,37396.8569,44903.96461,41689.76176,32357.56244,49675.05334,41580.43235,7473.975962,10401.66104,10731.45739,32962.92954,23329.87182,19591.6406,44114.63731,31315.89113,7915.711061,30708.94898,17677.68885,29621.55394,27001.14819,24947.27188,32384.01438,30979.07096,30318.15259,17292.90174,49167.66225,36270.95528,32798.75356,15160.78521,30155.90609,10832.45019,31526.51259,11469.72038,41365.53101,47030.83568,41580.4095,31265.17871
11,Penthalaz,47584.2826,36308.25219,33797.45657,12871.73103,31111.34499,48534.76986,34809.62374,13517.48245,12380.84809,33156.25753,37191.59859,29885.3206,13940.14588,12060.73948,27253.53351,34754.70752,39762.55962,31783.40196,47247.34752,39699.16374,13364.94496,20313.59398,19952.31693,22921.19544,20247.81576,9891.218446,33982.05121,21157.32712,6529.940076,23321.59989,12054.53175,28998.88091,16831.16263,14771.97558,31111.05415,29767.24619,29134.89179,23431.4239,46890.9483,35395.35857,32185.64329,22164.45227,39703.62023,1686.023568,30343.96376,21322.67211,31218.2739,49429.03014,39699.13326,30173.72073
12,Penthaz,46086.37402,34901.33808,32389.06251,11362.60941,29745.23844,47337.49577,34441.93224,11988.84569,10852.41317,31746.02762,35787.83568,29828.83333,12412.65833,10542.29934,26915.52215,34390.48843,38292.57942,30409.9603,45750.04305,38231.35216,14621.52293,21096.73778,20919.779,22745.51992,18776.36363,8882.761367,33653.18352,20796.55035,7990.698379,24163.62081,10529.61111,27633.53736,16440.83883,14326.42417,29694.43822,28359.07078,27730.93944,24791.0057,45399.18621,33990.63295,30808.04492,21783.53318,39790.2576,3039.160899,28935.53779,22131.61653,30863.89769,48250.89403,38231.32138,28771.69077
14,Perroy,49795.08806,43116.52235,40858.81367,22245.77408,39545.60133,58712.17319,14745.99996,21208.06247,20805.38758,40248.58271,43990.59053,11411.22054,21537.61181,21457.71005,7258.96275,14695.48238,44092.78296,39966.21448,49522.15291,44125.71523,31892.71132,40205.58982,39431.49141,4348.582686,28037.33775,12185.96577,13983.34148,1218.672031,24559.52503,18295.50836,21038.36731,37737.61808,3267.777312,5377.705405,38305.62123,37383.58614,36955.17997,40312.73543,49510.04834,42365.62762,40221.39484,40456.46986,59334.36463,19559.44118,37868.51522,41162.07142,11176.29813,59866.57327,44125.67559,37887.60128
27,Poliez-Pittet,41549.29198,28564.72766,26204.52663,11868.45451,22995.34337,38118.12868,44888.37518,13430.31992,12771.48252,25631.55153,29355.83041,41058.18508,13545.81337,11892.7467,37548.03977,44848.12252,33170.79596,23736.54235,41201.09029,33054.99093,16106.1116,16330.54873,17863.34824,33817.61957,15543.95535,18240.04858,44223.74271,31484.2834,14368.05048,35468.45717,12282.48588,21015.09798,27174.64028,25005.58883,23830.2676,22428.50779,21769.54688,25728.60498,40669.62518,27657.17366,24178.65165,10229.76837,29314.00166,13732.91983,22967.41098,17411.60153,41394.05927,38864.18068,33054.96935,22696.46479
28,Pompaples,53063.01902,41102.91472,38622.48728,18720.37586,35690.82195,51970.68105,39238.89763,19600.08061,18472.69043,37999.26945,41958.2237,33387.80299,19992.65435,18015.44799,31701.20783,39174.06296,45008.27657,36401.01293,52720.64798,44926.94419,7142.366181,15632.86747,14567.23879,26975.81686,25668.99767,16154.24894,38302.45926,25802.70242,493.4444812,23304.98421,18089.19667,33599.39118,21689.9307,19847.3933,36016.11642,34629.52883,33976.4557,16914.45194,52308.51637,40182.35096,36825.13868,22302.40222,37328.60711,5940.913962,35201.82208,16501.40304,35652.32463,52752.45824,44926.9164,34991.31361
29,Pomy,55327.35582,41754.36616,39621.19686,26397.43865,36256.3988,47712.32575,54689.29944,27872.98576,27022.96393,39123.22977,42438.83284,49171.46908,28072.18822,26206.72401,47121.26442,54630.09669,46882.5366,36995.68316,54981.12487,46741.96238,10700.91186,1875.867681,4819.982577,42567.84364,30459.71677,29470.4496,53811.25556,41077.6814,16288.52113,38390.22291,26527.51371,34509.95945,36795.7521,34773.3809,37567.13265,36214.80459,35581.70151,14557.28112,54369.83548,40898.00999,37436.67757,14570.11451,22322.90931,20511.4567,36700.31316,2681.523785,51091.6981,48139.55164,46741.94643,36388.18944
21,Préverenges,40896.02655,31672.95008,29233.25771,8668.216577,27311.37732,46224.75403,27961.82292,7937.172051,7275.487411,28589.14583,32576.22533,25118.76079,8344.856013,7802.808183,20848.62295,27928.27586,33883.11894,27844.08485,40580.27424,33866.69589,23693.64362,29842.177,29903.45147,17823.86575,15467.12786,2208.006847,27381.66808,15020.57187,16753.84833,25300.67228,7416.5004,25325.74768,11046.34301,9030.963684,26532.30984,25397.15883,24868.51515,33745.19141,40370.87287,30827.64922,28166.24451,27024.0779,46442.96519,10995.0507,25938.9891,30909.20078,24553.81601,47302.25616,33866.65988,25880.62059
22,Prévonloup,43905.35791,30216.96009,28783.10974,26911.49299,25613.1503,31445.48429,61929.55093,28427.11203,28211.02183,28504.86559,30631.6985,58326.51375,28338.98645,27350.38918,54691.26305,61894.02933,35896.77796,26228.31078,43583.20721,35713.30695,26859.10006,19717.73543,22727.94672,51073.57375,26185.53419,35323.99503,61316.4637,48671.67065,29193.52266,51775.03343,27798.20512,24645.94194,44393.29083,42226.50323,27704.70552,26682.22225,26217.995,32450.77113,42829.22472,29556.43694,26598.41004,7043.633909,14117.03039,30449.63287,26965.2522,20146.88468,58484.61041,31634.55928,35713.30481,26611.77579
31,Prangins,56176.54925,51798.21116,49762.66856,33300.20512,48988.97783,68014.64651,3034.979847,32077.11286,31862.95654,49200.35284,52620.42808,5932.071922,32344.21985,32602.43514,4596.567279,2965.407262,51751.45028,49303.89519,55949.11588,51822.00864,43023.86048,51739.28596,50769.19312,9294.341542,38147.89601,23875.44851,2143.291258,10715.98394,35847.66551,22863.83885,32162.98302,47381.68956,15075.26013,17214.92929,47415.85055,46694.43681,46360.11975,50650.50301,56096.92626,51148.70307,49495.94028,52191.99465,71172.74339,31190.9739,47117.495,52661.09446,756.0483639,69234.00464,51821.96773,47197.47504
20,Premier,59478.26765,47591.44475,45110.10621,24956.79453,42178.11785,58266.04574,40420.57658,25714.48807,24578.03891,44486.25778,48447.05684,33664.73037,26127.2177,24198.40554,33120.45098,40345.09207,51464.25001,42889.02794,59137.05198,51385.4458,7377.622893,17191.37893,15072.82407,28140.57882,32069.43368,20685.26344,39374.11942,27702.76751,6209.409713,20569.17918,24228.63378,40087.62367,24072.34356,22604.47086,42499.96312,41114.81335,40462.3303,13329.46251,58737.40028,46670.90006,43313.47186,27590.37637,40374.90221,11036.19328,41687.49329,17744.13521,36931.3943,59016.20392,51385.41762,41478.32435
26,Prilly,37478.50093,26895.07171,24393.33415,2900.796719,22079.37731,40592.73473,34099.79635,3250.29933,2114.000712,23743.46605,27796.20913,31442.69105,3676.692292,1962.301711,27109.44432,34070.75024,29859.51882,22681.96633,37145.70145,29811.91717,22279.80024,26509.26094,27160.77839,24143.81257,10479.1052,8209.218579,33569.14043,21338.29128,16505.59989,30338.06816,1827.424938,20008.89498,17357.4825,15306.4709,21667.30661,20408.34027,19819.63153,32673.00168,36825.60892,26006.31798,23045.19918,21179.17324,40920.30188,11678.96231,20975.75933,27611.03483,30750.91426,41619.08295,29811.88458,20860.2441
23,Provence,67596.12743,53777.41792,51936.44235,41294.80472,48574.04034,56218.1919,68811.43159,42803.35119,41994.81653,51526.86631,54336.29955,62714.89495,42977.57844,41161.24085,61277.66921,68745.90106,59263.57464,49277.9758,67258.78429,59100.33074,22868.84541,14406.61618,15014.94872,56526.15679,44669.9924,44362.01386,67864.80174,55358.5545,29936.83198,49811.98101,41498.1391,47107.82247,51182.30867,49250.0688,50256.71549,48999.93391,48414.34978,18797.12599,66567.54305,53001.4536,49698.38086,25607.96731,19271.21213,34931.44059,49418.07963,13368.51943,65227.20714,56334.23151,59100.32118,49080.13423
24,Puidoux,25627.14347,13496.13479,10987.39706,10794.35018,8417.701741,27120.95476,44192.9275,11181.00538,11991.00127,10349.07588,14378.03391,43238.75213,10762.48028,11743.47579,38120.37343,44186.45584,17371.31691,9043.825796,25279.94783,17276.80689,31719.32391,32047.71365,33837.56098,36192.31702,3874.247472,21277.71465,43929.02665,33067.60307,27984.2967,43992.67983,12007.56847,6335.971008,29689.85937,27890.03347,8323.107117,6959.493117,6322.255654,41686.81317,24795.51457,12582.15389,9425.400444,19211.52851,38056.99843,24444.90735,7536.080545,33085.24101,41257.38096,28205.70446,17276.78119,7360.105934
25,Pully,32770.15454,22116.15243,19620.45406,1961.870843,17408.23468,36165.7378,36521.30242,2158.905634,2930.85568,18970.47014,23018.69297,34746.2958,1798.234135,2849.794643,29953.62255,36503.28762,25072.49151,17986.33031,32434.68497,25022.01339,25924.15945,28827.45799,29902.07042,27557.67641,5686.396185,12233.57697,36120.72565,24541.44916,20781.80877,34958.46078,3014.518297,15368.76545,20903.9487,19007.35114,16893.73601,15656.72326,15081.48342,36294.21454,32094.30221,21232.83358,18336.72478,20559.43242,40515.71962,16327.30732,16219.76227,29929.12991,33357.02589,37231.54347,25021.98115,16117.5027
10,Rances,60411.26741,47502.04028,45145.92453,27609.3513,41929.00898,55844.81686,48970.57096,28770.15186,27702.73087,44571.6173,48287.04582,42509.43728,29102.93566,27080.77702,41535.21696,48899.39649,52071.74732,42671.44704,60063.46069,51960.92044,3529.336034,9019.002522,6359.695387,36641.67251,33612.97592,26659.17216,47966.77575,35840.59347,10732.08973,29541.23984,27257.45286,39956.45841,31897.49585,30168.81362,42753.97455,41349.93302,40689.56811,6979.013426,59553.90196,46596.04877,43114.22091,23151.75289,32424.77717,16464.7826,41894.06963,9278.650269,45426.71705,56422.05072,51960.89789,41628.18299
30,Renens ,38430.49715,28041.46943,25545.13821,4092.124912,23280.29382,41843.17713,33030.00024,4137.750843,3059.174424,24895.14442,28943.95837,30241.99733,4589.742568,3142.923407,25980.01706,32999.09015,30897.70611,23874.76992,38100.04957,30854.90871,22003.07786,26690.58259,27202.1634,22936.39724,11611.36727,6964.349635,32477.91818,20164.33752,15948.88404,29109.95305,2911.473548,21217.82505,16144.02534,14078.10044,22818.39916,21574.69469,20993.28131,32368.87312,37797.47376,27157.66579,24233.15797,22096.75913,41737.61171,10882.68812,22139.52196,27787.39596,29654.61031,42873.45895,30854.87554,22031.7285
54,Rennaz,8276.716182,5947.187717,7534.029394,27080.43561,10906.03077,19223.507,53064.43115,26813.6763,27881.88457,7969.073654,5700.719629,54505.8862,26358.50964,27970.59453,48714.86214,53087.92671,273.7142898,10193.84002,7929.397752,479.645268,49179.4813,48739.26772,50802.22113,48314.36521,19583.83409,36063.4199,53171.70011,45047.32258,45348.69208,59127.02169,28085.50565,12547.54158,42746.48621,41431.77314,9521.209685,10906.96908,11559.77095,59038.17443,7360.652925,6576.640124,9771.462295,33863.38689,49323.26409,41391.00452,10390.67023,49717.5827,50920.43736,20537.51893,479.627093,10688.46151
43,Rivaz,23494.14994,12013.3358,9516.1195,11984.95113,7534.897038,26669.30284,43802.14994,12070.3938,13014.60927,8866.14216,12915.27381,43301.46079,11624.23765,12920.80995,38008.58692,43800.98308,15371.3847,8027.952674,23148.69707,15293.15301,33894.4007,34455.00609,36207.80814,36389.69249,4424.377242,22032.28613,43603.32493,33205.51267,29886.74813,44995.2114,13117.80902,5689.490312,30050.84087,28357.7825,6789.428809,5578.561263,5039.774036,43939.88358,22700.99154,11128.48867,8339.736327,21596.46087,40242.50193,26067.11069,6131.880552,35497.09863,40989.75776,27815.48611,15293.12461,6055.476296
44,Roche ,6337.038618,7746.238657,9458.138073,28811.86327,12834.89291,19641.97614,53890.94797,28493.1855,29574.07983,9904.619945,7391.257312,55581.57258,28039.22868,29691.25724,49749.34214,53917.51266,2126.455447,12118.2315,5989.441361,2285.80384,51077.77685,50680.73009,52740.58014,49511.14373,21360.96771,37600.04845,54037.27634,46247.89465,47177.40781,60621.51468,29792.35452,14489.10551,44070.97705,42813.1413,11458.92234,12841.49728,13492.69491,60957.46225,5437.891485,8434.278022,11692.54199,35782.28025,51063.87758,43149.34475,12328.44944,51659.23038,51843.63996,20940.54729,2285.813404,12628.00151
45,Rolle,51376.48642,45096.7011,42872.63152,24565.96931,41648.13845,60816.39413,12510.97859,23500.78837,23123.88918,42269.34555,45963.58382,9153.562585,23821.73164,23788.2461,4962.215961,12455.83524,45893.43564,42051.93885,51111.25421,45933.27966,33809.77806,42296.98651,41438.17433,2627.808928,30225.91129,14552.95654,11699.80471,1170.948637,26528.86683,18137.83185,23365.87816,39869.9361,5524.667864,7679.947424,40349.37204,39459.58947,39046.19508,41965.38817,51128.71075,44361.78408,42297.02674,42814.55691,61645.18348,21686.75659,39935.04548,43238.23116,8919.926384,61981.92632,45933.23969,39964.51544
7,Romainmôtier-Envy,57508.76107,45579.02006,43099.40057,23048.02947,40161.01581,56269.10977,40101.98722,23846.32728,22711.54195,42476.41922,46433.51514,33604.85804,24252.94568,22306.57551,32703.81006,40029.59894,49475.11704,40872.61688,57167.01677,49394.98165,6503.339015,16298.79709,14453.81302,27778.32519,30104.06599,19267.80976,39086.70635,27112.04339,4219.359148,21393.80664,22350.86269,38071.52248,23311.40229,21719.75418,40493.36495,39106.87082,38453.78335,14084.96581,56761.67671,44658.42982,41297.4891,25801.65071,39200.31085,9355.111677,39679.15854,16951.30389,36572.10096,57025.4342,49394.95367,39468.46539
46,Romanel-sur-Lausanne,39795.93914,28579.73584,26066.73743,5185.929225,23484.34358,41430.51059,35716.1136,6144.444158,5054.266255,25422.03305,29469.31878,32403.56299,6506.994599,4498.779411,28494.53961,35679.9548,31954.35434,24136.0379,39457.90906,31891.43963,19179.21575,23402.25238,24004.34216,25092.28911,12439.34103,9134.796319,35101.52187,22524.2859,13690.63812,29535.53405,4623.334961,21376.82337,18321.51048,16176.90221,23364.9466,22038.66319,21415.74665,29578.14503,39092.95805,27671.66651,24527.13329,19234.66279,38662.11139,9385.043418,22614.57666,24501.80096,32269.83861,42393.13893,31891.40906,22458.19802
47,Romanel-sur-Morges,44560.62538,34519.99508,32028.56533,10586.85591,29776.71081,48249.98376,29564.39554,10495.53972,9501.231738,31378.6679,35423.33844,25518.04388,10950.49391,9638.114672,22113.04058,29517.89965,37222.82235,30372.89615,44236.34999,37188.81793,19492.74384,26325.44626,26100.57975,18266.84195,18090.2623,3710.657393,28833.52013,16006.82991,12373.85649,22644.03856,9404.321893,27710.45013,11663.138,9498.251885,29302.16541,28067.63855,27489.11807,29383.93284,43974.72616,33640.32194,30731.43071,25767.81627,44481.86756,6573.831351,28631.12124,27359.09716,26017.64517,49259.22478,37188.78376,28526.70069
48,Ropraz,37312.04537,23892.35007,21665.17019,12843.64943,18334.33713,32523.03636,48087.83561,14373.2321,14135.50225,21142.25453,24626.2293,44978.85645,14305.9633,13275.84727,40986.47056,48056.5865,28868.39739,19079.18422,36964.91518,28733.289,21342.4026,19710.86641,21797.99585,37667.99599,13469.4352,21682.53876,47526.77469,35070.67652,20013.81524,40694.09269,13724.07548,16505.76664,30894.27909,28752.31013,19526.40461,18164.56067,17527.83152,30448.20248,36372.08035,23011.0057,19523.39043,7579.181582,27526.91995,18986.40753,18657.92809,20703.13196,44700.42532,33248.0705,28733.27168,18351.27812
50,Rossenges,41022.08415,27310.69351,25283.39677,17650.95986,21903.08233,33651.56074,52228.92594,19214.60642,18861.1181,24825.61982,27958.97658,48618.67648,19188.61544,17979.77046,44970.12667,52192.31163,32604.01575,22630.19947,40678.82977,32452.15486,20269.74728,16410.27268,18914.08138,41356.37168,18496.25828,25605.3939,51604.6899,38946.11927,20765.20594,42764.19805,18419.30324,20298.68848,34668.30349,32501.89773,23428.25938,22137.00461,21537.05091,28227.68862,40032.38766,26478.8201,23064.39408,2725.194292,22593.14761,21135.55694,22576.93279,17281.03144,48772.72156,34204.77069,32452.14188,22246.12504
49,Rossinière,19570.4506,12784.29067,14496.45609,34127.3204,15368.47294,3829.063355,66023.00895,34590.92085,35379.60383,15024.10879,12114.09506,66094.74273,34171.94782,35070.68739,60666.92066,66031.64701,15646.34165,14959.7351,19379.04374,15464.16816,50757.63811,47190.89736,49855.12319,59256.9361,27090.67053,44687.33558,65940.47364,56056.00877,49139.67285,67274.44742,35365.24226,17233.16531,52932.04776,51211.30249,16770.51691,17560.32174,17963.2186,59240.02531,18531.34579,13258.67674,14728.69873,30764.32442,40286.87665,46799.1328,17103.81643,47951.54058,63435.86743,5074.073232,15464.20062,17054.85421
56,Rougemont,27014.80257,22775.35359,24520.61699,43474.45874,25215.17914,6231.488018,76024.09222,44070.64264,44786.59142,25042.55533,22069.66811,75948.89571,43668.11055,44403.8901,70582.83556,76031.76239,25024.35106,24863.18055,26915.19475,24862.25954,57900.06914,53033.18319,55892.20978,69035.69532,36728.06733,54154.51886,75928.18258,65859.40861,57171.86027,76391.60784,44728.31436,26966.46772,62617.2446,60835.55902,26750.86368,27473.2251,27836.69598,65546.01737,26134.43779,23277.20108,24661.75285,36806.36195,41697.68948,55413.50396,27040.65793,53653.79611,73405.41647,4952.107104,24862.29594,26968.7722
3,Rovray,55429.99191,41608.35396,39796.60477,30994.76753,36443.67256,44549.41676,62105.30242,32565.13706,31914.68432,39399.184,42160.22103,56996.06094,32663.29232,31037.26516,54555.81614,62051.61875,47116.8882,37141.10884,55093.55606,46951.49421,19170.8165,9551.511991,12324.86842,50187.39693,33329.12061,36105.32067,61286.84787,48450.71365,24443.63,46819.38942,31424.46651,35027.72311,44108.14283,42011.52533,38180.47431,36949.32185,36377.59814,21235.74202,54397.48224,40839.04507,37557.94399,13498.96434,13889.50399,28065.91838,37351.09033,9348.284029,58517.51794,44760.67719,46951.48534,37009.38917
57,Rueyres,47572.46974,34107.25353,31912.4449,19160.17167,28567.88972,41284.79885,50368.54615,20700.58493,19967.29337,31396.16991,34821.23138,45723.66696,20843.69396,19106.60664,42865.62429,50319.41276,39128.66119,29311.27815,47225.34686,38993.16794,12838.78482,9464.293691,11585.38713,38703.98119,22651.31783,24073.44041,49602.09655,36744.21516,14776.79537,37528.84582,19471.97765,26763.43022,32384.1986,30248.47055,29785.388,28419.94789,27780.40838,20642.13052,46631.27409,33235.03648,29754.64509,8707.124639,23861.60291,16893.60932,28916.60986,10479.30704,46802.16985,41839.33572,38993.15074,28611.11206
51,Saint-Barthélemy,45872.117,33526.50495,31072.16791,12657.75663,28051.1355,44161.34632,40854.59169,13911.6073,12898.56059,30461.10911,34365.82267,36252.32505,14211.35924,12203.70738,33343.32772,40804.61168,37671.35597,28772.31628,45526.44203,37577.8315,11669.13167,15589.64827,16044.7078,29191.74671,18711.4953,14771.4091,40080.48066,27222.14516,8195.387174,29333.69033,12428.46919,25979.59235,22862.73607,20732.31037,28522.3658,27123.0131,26464.08931,21991.65778,45068.96777,32606.59668,29202.92098,15807.32852,33346.17274,7763.321179,27688.85398,16677.48651,37283.81058,44953.47438,37577.80573,27459.38604
52,Saint-Cergue,64789.00609,59278.90776,57092.51284,38607.78697,55929.60759,75095.8533,10447.00129,37637.53777,37176.92537,56496.23481,60136.42413,5221.607624,37979.52784,37783.7647,11061.54486,10356.91798,59801.51132,56325.84744,64543.93667,59853.83319,42944.23893,52399.62595,50915.06756,12221.7952,44504.28668,28149.11011,9434.238542,15292.23676,36407.7091,17857.56763,37378.18611,54159.07389,18964.52388,21018.1747,54597.02647,53729.17165,53323.4849,48963.89856,64632.24082,58562.44416,56565.36106,55722.40987,73608.9669,32888.30028,54198.82697,53196.07934,10035.41499,76265.69879,59853.79273,54234.41552
38,Sainte-Croix,67337.05603,54267.44844,51951.4808,34724.97944,48690.08548,61787.56552,53998.88958,35874.22557,34800.72261,51390.76433,55031.97116,47032.21642,36211.07574,34188.59148,46750.00548,53921.63236,58962.52498,49434.97709,66988.9148,58846.10962,10570.14782,12599.92106,9623.236926,41756.18551,40690.38171,33261.481,52934.07033,41346.99124,17253.82257,32360.94278,34359.21639,46756.96514,37653.2635,36094.41634,49616.81571,48216.68763,47558.51628,365.8615891,66461.24988,53369.48491,49879.17971,28687.09678,34169.27463,23056.21119,48752.28464,12204.4004,50535.32086,62283.62616,58846.08821,48476.68723
53,Saint-George,58684.95999,51323.98135,48979.18222,28945.61355,47365.24557,66427.37385,15854.63071,28221.21629,27572.75363,48350.97581,52214.10506,8331.814882,28614.60893,28051.58854,9877.891183,15766.33825,52698.37286,47848.03685,58404.68531,52718.93348,31757.86169,41123.89191,39710.91455,5783.688502,35589.80969,18213.19061,14693.05216,8426.555639,25109.6649,10301.11327,27687.38268,45447.11937,9919.964406,11473.36151,46346.37288,45319.45154,44838.74754,38360.58553,58361.47719,50530.91712,48139.01239,44778.94003,62351.96489,21651.37193,45834.69064,41936.33647,12792.75318,67529.66933,52718.89457,45816.50275
42,Saint-Livres,49849.90897,41948.6101,39580.85494,19557.3518,37913.86258,56965.42816,19327.9564,18779.3178,18164.84258,38948.71572,42842.83746,14753.23163,19166.91861,18681.67653,11760.78197,19270.1558,43535.99483,38403.48338,49557.27058,43546.49906,27067.32075,35462.19286,34632.32994,7522.125089,26128.48484,8875.62444,18476.32081,5735.609941,19743.50421,16321.21724,18303.29027,35988.2763,1902.459246,2074.584479,36931.79817,35885.38864,35397.08853,35540.19053,49462.04319,41143.30419,38699.23007,36531.9953,55035.71997,14854.9853,36405.38247,36405.94711,15731.09229,58067.5575,43546.46081,36380.73605
34,Saint-Oyens,54948.55187,47761.93085,45440.7591,25787.40135,43915.29312,63026.93785,15086.32892,24963.00136,24384.8023,44817.28158,48647.99651,8961.762003,25339.49724,24920.31586,8003.83555,15009.9184,49026.88626,44379.73224,54669.67562,49050.65466,31151.46025,40158.51146,38997.00587,3024.503999,32199.37281,15129.59774,14037.40705,4817.922287,24135.03138,13263.97932,24536.5059,42028.37039,6338.302892,8114.410883,42828.88638,41831.93969,41366.2923,38580.70993,54632.76,46980.58554,44660.19473,42517.89544,60638.75297,19996.89639,42338.74719,41034.026,11636.63625,64146.73599,49050.61554,42331.66692
35,Saint-Prex,44026.42559,36474.62038,34157.67353,15255.60114,32691.37091,51837.65037,20923.6722,14187.77493,13812.60435,33535.81146,37360.60898,18434.29641,14514.44273,14491.56044,13851.73439,20889.64443,37830.70258,33138.65577,43735.99898,37847.77796,28321.42745,35626.81517,35289.70314,11286.21015,21076.06172,5895.881618,20344.13468,8229.69009,20966.45713,22123.78478,14064.58643,30840.27284,4969.544532,3843.363805,31554.81372,30577.27952,30124.14473,37718.09776,43651.86359,35694.55937,33410.33021,34039.84194,53331.48126,15325.95698,31077.72809,36651.00789,17517.74227,52975.71311,37847.73925,31078.69666
36,St-Saphorin (Lavaux),22983.69367,11073.73533,8562.534431,12950.76319,6387.95282,25488.80814,45010.60744,13120.3109,14032.92194,7914.54384,11969.51071,44501.80104,12679.2107,13894.04212,39216.60705,45009.58472,14742.28011,6913.541081,22636.53967,14651.15141,34362.64255,34587.61255,36423.20803,37578.75112,5474.114778,23131.33469,44813.15577,34399.06088,30563.22417,46047.14405,14111.90213,4494.423198,31220.51379,29512.19239,5847.811006,4557.222988,3973.603275,44325.37165,22154.41522,10173.6561,7245.256336,21287.53725,39647.18103,26892.04783,5126.470087,35616.48455,42200.089,26628.77224,14651.1251,5010.726517
37,Saint-Sulpice ,38724.17502,29310.13664,26864.69399,6421.278176,24928.59492,43850.21154,29685.28762,5579.007254,4995.109918,26219.80081,30213.84733,27231.49634,5977.20029,5610.2467,22745.12707,29656.97115,31603.74918,25462.08923,38404.90062,31583.01177,24196.35939,29636.46635,29939.57124,19972.03863,13084.29699,4583.676547,29165.62438,17065.71812,17588.14411,27640.05165,5195.425123,22943.48502,13242.07431,11293.2221,24160.4278,23018.9891,22488.2022,34430.35672,38175.58612,28461.30574,25785.1277,25545.27855,45192.7633,12011.13262,23562.09012,30722.66067,26351.57704,44931.33849,31582.97619,23501.5858
32,Saubraz,54041.1727,46325.89113,43962.4226,23839.44514,42296.55718,61337.475,17525.92752,23114.19424,22464.67316,43330.89277,47219.28584,11535.1612,23508.8868,22947.7462,10233.62766,17452.72053,47848.82423,42787.73318,53753.29656,47862.85666,28610.28496,37579.90362,36437.57998,5227.937857,30503.80158,13109.73253,16508.48912,5680.29599,21562.60764,12763.94356,22581.53847,40366.75616,5168.967054,6435.293611,41315.59213,40270.38502,39781.73092,36198.8026,53678.48654,45523.02384,43083.99474,40085.39439,58093.08378,17426.52934,40790.31229,38458.64984,14017.661,62435.18241,47862.81816,40765.70646
33,Savigny,32010.58432,19605.8222,17132.64762,7016.227844,14209.72587,31691.98004,42737.938,8203.991426,8459.277043,16514.85482,20459.2584,40649.48792,7966.153589,7811.319888,36048.02191,42717.7608,23738.99987,14911.91686,31663.39738,23640.20173,25335.89757,26034.63685,27665.35757,33386.30466,5987.426332,17568.08695,42309.13239,30474.80105,21794.22532,39255.80796,8222.987931,12109.14904,26633.27526,24624.98785,14561.81211,13164.1354,12506.26384,35326.87442,31177.11305,18685.18493,15332.553,15035.88863,34835.15289,18709.20932,13731.77706,27097.41164,39528.30359,32651.21491,23640.17684,13508.75602
39,Senarclens,48901.20937,38147.05114,35634.89232,14269.16359,33104.6686,50934.72092,32089.31803,14606.8123,13501.94216,34987.67167,39041.28596,26921.80366,15055.21438,13372.5651,24521.38116,32030.97502,41291.81924,33751.35288,48569.95271,41241.53555,14923.83176,22739.94341,22086.16708,20055.46838,21836.05201,8584.123296,31224.76631,18474.75414,7573.643844,20445.33508,13267.03012,30998.86821,14215.7013,12251.91239,32921.08271,31614.20964,30999.70485,24478.02182,48259.34044,37244.25767,34138.83204,25244.47898,42706.09158,2092.953815,32188.57461,23705.49112,28492.0099,51865.37676,41241.50333,32043.36437
40,Sergey,60744.18305,48083.79024,45683.67342,27283.12551,42532.05992,57083.9893,46846.10278,28340.46196,27241.81545,45093.16059,48891.24786,40235.67337,28699.65469,26682.48369,39463.98814,46772.92957,52474.094,43269.14963,60397.4327,52371.92165,3479.718496,11489.45929,8929.865588,34528.43616,33660.19781,25355.16928,45822.19291,33871.74018,9347.811763,26984.98252,26819.11525,40516.89918,30033.05123,28387.80574,43220.36264,41814.95677,41153.5097,7663.058225,59917.69532,47170.35976,43708.81056,24772.65268,34922.58788,15149.60661,42369.72485,11816.92145,43324.30421,57708.01572,52371.89745,42118.4453
285,Servion,32934.04605,19627.0478,17343.67278,11391.85713,14051.09836,29447.79179,47199.19214,12710.45372,12822.8437,16803.52015,20388.73876,44817.55297,12511.45955,12082.65181,40391.18306,47176.38903,24495.54868,14796.50082,32586.48911,24364.299,25179.65305,24115.14185,26145.98864,37517.85893,9778.22274,21534.06242,46737.84866,34698.71604,22955.6259,42251.16395,12520.01051,12159.89118,30728.29596,28660.60148,15139.22618,13767.72005,13126.3838,34603.96115,32005.14593,18732.76693,15241.00997,11005.15631,30478.54114,20935.63565,14269.83577,25114.14829,43941.26149,30282.10484,24364.28075,13969.3087
41,Signy-Avenex,59713.80109,55531.51051,53505.57172,36939.52005,52742.69259,71763.54337,2979.385906,35742.11873,35499.14987,52945.02205,56350.86462,6254.60864,36017.76957,36224.33074,7954.713475,2899.51706,55421.80693,53056.64908,59492.1188,55495.18266,45575.71907,54526.56497,53416.11356,12004.90465,41885.75275,27313.36068,2261.233327,13977.14348,38533.38662,23514.33282,35787.86549,51135.29877,18310.67074,20476.07702,51165.30296,50447.31534,50113.82782,52753.73397,59657.5907,54886.55804,53247.81691,55610.71868,74414.32486,34134.88414,50869.50776,55418.57703,4508.344665,72984.19405,55495.14171,50950.25676
257,Suchy,53987.06685,40910.01911,38587.01783,22255.91913,35332.59069,49109.68516,48150.36057,23579.12416,22594.18325,38025.23944,41680.00829,42494.39502,23856.58123,21869.79379,40587.53978,48088.90517,45602.64885,36077.07812,53638.85503,45484.9946,4990.921107,6604.629,6359.722179,35965.22496,27598.13674,23535.7276,47248.75565,34588.24099,9573.448212,31859.20369,22116.93663,33392.51652,30353.96057,28383.35452,36253.08995,34853.75584,34196.07242,13315.53879,53104.74363,40010.15457,36521.04948,16640.94512,28626.99594,14057.66935,35388.07342,7568.321484,44554.32564,49700.51052,45484.97342,35111.546
261,Sullens,44007.41527,32636.23312,30125.82685,9378.880709,27439.77962,44972.83773,35583.28077,10191.93494,9062.755249,29485.06761,33519.01801,31376.10996,10589.21438,8630.39968,28125.74799,35536.77415,36133.02698,28110.69314,43668.92563,36066.74555,15483.38988,20930.6547,21095.27893,24184.00757,16628.91711,9280.217368,34849.84888,22013.73263,9532.381419,26452.21085,8685.33954,25327.36994,17661.44913,15502.55086,27441.76796,26095.76742,25462.61488,25831.15202,43298.84644,31722.97935,28512.47652,19965.28111,38466.24248,5325.518163,26672.50788,22001.65001,32035.4492,45886.11777,36066.71547,26501.09115
260,Suscévaz,58711.5724,45519.70475,43231.50597,27051.77484,39945.32004,53032.49398,51147.23933,28345.67859,27339.86195,42681.24326,46272.38444,45010.45636,28635.21272,26636.39339,43634.05085,51080.21396,50306.76961,40690.82335,58363.33689,50184.90148,5175.304117,5264.14797,2839.077018,38842.72177,32446.33281,27582.13591,50186.18014,37777.86883,12312.38368,32807.11232,26868.62541,38039.95979,33677.26415,31820.74193,40945.86714,39551.55194,38896.54885,8847.010828,57815.71759,44627.25827,41135.38669,20040.10485,28689.37619,17642.83652,40078.42751,5596.707113,47571.0883,53555.75889,50184.8812,39794.6658
259,Syens,40067.61915,26349.99649,24329.71761,17273.13319,20949.37277,32770.12284,52122.28075,18822.74251,18520.82573,23874.9187,26996.357,48652.48386,18775.76509,17646.81395,44907.43727,52087.32028,31652.50438,21675.37413,39724.57748,31499.94793,21062.20592,17369.02532,19857.80235,41372.72195,17783.81415,25539.88149,51517.19865,38910.09749,21315.83335,43136.06921,18090.67864,19357.0975,34655.92471,32493.51806,22490.47254,21205.27928,20608.73787,29139.36555,39076.19677,25519.63763,22108.96345,3060.314424,23017.25747,21450.41027,21641.01757,18243.42992,48685.72481,33337.90418,31499.93515,21308.90232
280,Tévenon,65209.47759,51561.01221,49480.1969,35936.31021,46105.53261,56429.44391,61128.21964,37349.35692,36426.66822,48997.11233,52220.28005,54801.42701,37586.74014,35652.87359,53640.51858,61059.44094,56769.74135,46840.33439,64864.23763,56625.08665,15074.03757,8525.022861,7767.259354,48805.88735,40386.23994,37544.89832,60148.18187,47825.8105,22373.63318,41573.44995,35938.06869,44404.6952,43748.62072,41900.66807,47484.2297,46142.70895,45514.76022,10814.92783,64238.32009,50718.89744,47278.7037,23768.08396,24303.33245,27707.09702,46619.64124,7443.819435,57563.19269,56735.71653,56625.07176,46302.94319
258,Tannay,60772.49217,58623.18651,56845.66296,42789.72822,56591.84853,75134.36033,8000.785097,41425.87927,41389.30835,56342.31653,59376.38497,15356.19968,41629.95016,42194.72415,15527.03282,8070.570226,57643.6771,56800.35577,60593.56176,57746.12268,54057.43355,62711.20777,61787.23115,20329.05305,46649.08977,34208.86651,9017.660793,21543.18881,46864.39107,32570.74727,41745.67414,55210.92257,25853.66957,27935.38218,54751.17204,54232.70423,53993.52841,61609.48608,60882.58625,58084.13162,56928.82896,62369.92091,81676.76057,42108.21914,54587.75181,63644.78479,11573.79522,76403.65355,57746.08187,54721.46108
256,Tartegnin,53048.31359,46626.26863,44382.01909,25729.79378,43094.8488,62262.45757,12341.6756,24724.1981,24292.97613,43774.32471,47497.2793,7916.48778,25060.58969,24925.2675,4855.679082,12276.1641,47504.67934,43511.82862,52781.5121,47542.02326,33728.40374,42432.01842,41455.26741,917.7859474,31592.63425,15471.55924,11413.22228,2414.979994,26533.02996,16686.23611,24511.69887,41291.47711,6247.185291,8402.386648,41839.1703,40926.57612,40501.81032,41584.71544,52792.70566,45882.02137,43764.51166,43581.72256,62202.00607,21929.73967,41408.97214,43349.48062,8762.858461,63418.74815,47541.9834,41430.87049
248,Tolochenaz,43375.99918,35041.21816,32659.06056,12838.56334,30968.268,50028.29434,23772.83458,11932.87756,11412.20882,32024.62042,35937.87869,20841.28859,12301.84181,12013.15114,16579.25208,23735.98707,36796.42,31458.71879,43073.59603,36798.3689,25753.26175,32810.33912,32556.55231,13562.57933,19189.82705,2964.674629,23157.24346,10725.21828,18461.795,22470.8496,11606.69865,29045.20859,6826.020747,4941.373204,30000.73331,28944.34694,28453.22106,35362.59126,42933.79161,34227.95782,31755.79913,31174.44047,50410.41492,12724.28362,29466.45598,33844.16162,20325.92998,51135.60668,36798.33129,29438.93506
247,Trélex,60058.06446,55214.8488,53112.67398,35710.55085,52172.0748,71283.25193,5307.22734,34593.54195,34267.01087,52535.05506,56052.99198,3408.259058,34895.96967,34951.63436,6810.013299,5211.517842,55404.42735,52522.31107,59823.64465,55467.58311,43105.65487,52189.51254,50989.9052,9922.955013,41048.23219,25726.9337,4178.872453,12345.27735,36158.43996,20601.73632,34524.53419,50491.5143,16550.40306,18714.55706,50698.63444,49913.23844,49547.63064,50069.26769,59948.29686,54536.2573,52734.93966,53901.93014,72454.98444,31961.53669,50357.08322,53060.16788,4726.546238,72483.15628,55467.54234,50418.23812
245,Trey,51485.57173,38022.256,36785.4111,34870.40446,33727.57302,36751.09722,69148.00206,36421.83746,36103.04488,36557.88418,38354.34211,64996.79187,36372.76359,35223.9822,61765.89042,69106.42499,43722.61099,34304.48524,51175.05417,43531.96167,29977.21933,20975.1964,23907.48797,57858.75676,34624.41077,42509.35654,68464.63973,55672.94179,33983.20801,56788.60953,35664.85296,32906.46261,51333.19173,49167.82109,35905.54869,34948.75027,34514.04739,33003.29184,50390.87962,37426.78834,34651.67531,14561.24282,5633.151041,36357.39203,35198.77184,20957.54265,65638.2999,36680.08681,43531.96297,34845.99652
246,Treycovagnes,58605.08337,45211.38036,42992.2467,27989.57239,39660.68451,51906.84205,53532.28616,29361.79355,28407.932,42465.37295,45932.58307,47535.40997,29618.88068,27656.74812,45995.63202,53467.15189,50169.12062,40405.17752,58257.34275,50038.28569,7817.072935,2760.652348,474.1723711,41256.75887,32886.22008,29426.75284,52590.89056,40079.69458,14659.15373,35557.37203,27924.17282,37824.74135,35919.33809,34010.16734,40809.236,39430.40388,38783.52954,10106.88717,57679.13577,44334.43794,40849.16644,18755.20402,26023.45202,19722.0535,39939.70882,2866.503095,49946.58454,52371.85715,50038.26741,39642.03267
249,Treytorrens ,52904.34469,39085.12747,37354.55949,29993.81813,34027.7217,41551.53404,62263.56744,31576.40886,31014.1997,36982.65094,39606.1992,57484.88058,31634.07699,30126.44539,54752.32698,62213.91177,44649.59797,34710.28629,52570.97769,44479.45618,20851.59576,11700.72512,14646.9761,50535.70192,31686.44787,35939.13874,61489.78017,48631.48029,25447.24609,48113.322,30533.72146,32702.12977,44272.47856,42141.69701,35852.31492,34660.59977,34109.02096,23909.12355,51859.25925,38338.78537,35118.59978,11284.20397,12365.56791,28540.24418,35038.45799,11714.04266,58693.85394,41744.9483,44479.4489,34692.24295
239,Ursins,52593.44552,39090.1014,36917.28205,23488.30091,33564.61182,45646.65429,52526.26598,24974.09729,24140.02891,36406.96487,39792.60769,47263.02195,25165.88147,23316.00391,44962.86154,52469.95471,44148.6267,34306.73762,52246.53092,44011.71257,10306.11886,4430.606559,6737.514902,40514.19823,27530.23236,26943.24838,51679.96099,38880.84962,14718.29616,37301.47787,23643.85621,31779.28948,34562.37949,32500.21437,34811.35873,33448.62631,32810.26798,16225.61166,51647.67993,38223.70305,34749.37285,12529.92991,23166.19542,18383.40281,33942.9266,5455.545047,48931.54179,46129.82669,44011.69572,33635.80621
283,Valbroye,50062.16144,36361.19938,34889.11508,30976.44058,31684.98227,37043.92,64869.66248,32544.89024,32160.28687,34595.0652,36784.02178,60619.13442,32524.50798,31274.3429,57459.62125,64826.58816,42034.42402,32314.15817,49739.65591,41852.16096,25752.48066,17075.48649,20074.23552,53502.04638,31318.82902,38256.97271,64169.70236,51356.96559,29571.67557,52381.93753,31708.96898,30636.36565,47009.87258,44847.54273,33727.54914,32661.94912,32173.93491,29455.4936,48986.61107,35691.5621,32691.7653,10754.45246,9292.16347,31935.75544,32968.71122,17186.9801,61346.78941,37130.61822,41852.15831,32615.67329
238,Valeyres-sous-Montagny,60805.19152,47338.24447,45151.67856,30448.46541,41805.23611,53553.27176,55595.09667,31824.11991,30871.74999,44635.22968,48044.46187,49444.70626,32079.82062,30119.4708,48079.17913,55528.21118,52362.92381,42548.21268,60457.85982,52228.61636,9598.65982,3977.703283,2033.922767,43291.79563,35273.16287,31786.62184,54635.12253,42211.36904,16746.61171,36933.21387,30387.79203,40001.21356,38093.08219,36217.0973,43012.99057,41641.89239,40998.974,9160.104488,59867.82434,46469.19219,42991.32588,20412.85612,25701.29567,21979.93978,42143.7479,3313.722816,52017.99388,53974.85643,52228.59889,41841.01807
237,Valeyres-sous-Rances,59875.11656,47058.2541,44683.87738,26836.19299,41491.62685,55690.68245,47881.24694,27967.37771,26890.02899,44102.9868,47852.49182,41430.92976,28308.14789,26285.6814,40445.22806,47810.12532,51559.63245,42232.2342,59527.62913,51452.05927,2657.681483,9669.838742,7172.119148,35552.27571,32964.76289,25646.59084,46878.08639,34752.28559,9686.597828,28573.63254,26450.85327,39501.19685,30814.30227,29091.86934,42263.1605,40857.98658,40196.90473,7741.852914,59029.09982,46148.99182,42673.94356,23180.47632,33103.96762,15441.37494,41406.47215,10023.05256,44336.98146,56290.64538,51452.03608,41146.13548
240,Valeyres-sous-Ursins,54091.86339,40617.2851,38431.09795,24539.08884,35083.81699,47213.97957,52705.95989,25996.87804,25126.34668,37916.01173,41325.12686,47249.17953,26207.70411,24320.37691,45137.87275,52647.33051,45648.38203,35826.75284,53744.68402,45513.13258,9350.318639,3033.234876,5162.268784,40606.40873,28834.07178,27447.73855,51834.35108,39085.98321,14444.9056,36768.06824,24632.09536,33283.61932,34796.9592,32768.10026,36302.9201,34935.23945,34294.26193,14678.69801,53151.4138,39747.80745,36269.85056,14083.86536,23761.16509,18524.50763,35433.94596,4117.110516,49108.50648,47692.25894,45513.11533,35129.42732
236,Vallorbe,63602.26276,52068.62105,49570.71347,28891.5146,46727.48708,63162.23512,39528.86641,29475.47746,28343.76152,48938.32581,52937.07333,32218.78504,29908.71123,28069.20938,32574.28118,39446.42436,55729.80804,47426.25053,63264.77469,55660.8064,11953.49298,21474.56788,19031.33652,27552.33394,36234.03703,23095.05719,38415.86685,27709.00205,10832.14024,17307.3554,28042.40979,44624.06689,24615.6386,23516.70466,46922.42313,45552.77006,44907.4952,14762.71271,62901.61712,51149.77551,47843.56148,32652.36651,44869.16448,14554.44894,46128.38331,21883.55146,36183.92794,63934.57119,55660.77674,45935.31397
242,Vaulion,61165.58459,49880.25841,47373.48192,26434.52941,44609.89718,61438.97289,37001.39804,26936.77513,25812.48052,46735.56027,50757.70572,29868.37282,27376.78346,25586.11566,29933.19921,36920.98996,53385.31921,45296.56567,60830.46491,53322.63978,12146.00153,21958.61008,19789.7717,24908.83989,33869.369,20228.44709,35907.49323,24928.56132,9193.223223,15889.35868,25533.57434,42499.77709,21742.38714,20605.35571,44700.85526,43345.88152,42707.59809,16833.50431,60488.0397,48964.31994,45706.86374,31737.69986,45125.49005,12070.8005,43922.52225,22498.41701,33606.80216,62251.38512,53322.60922,43742.40525
243,Vaux-sur-Morges,46124.62759,36962.69891,34513.61303,13548.51985,32518.86904,51316.67587,25558.96627,13061.26402,12255.9581,33867.99003,37866.55289,21437.02607,13492.04809,12620.96577,18069.84005,25509.92556,39186.19308,33068.68415,45812.0968,39171.41029,22239.26193,29799.7408,29320.7606,14176.18735,20682.40975,3127.27261,24801.35378,11952.17786,14872.7195,19990.63747,12295.40679,30506.92481,7596.021367,5443.296915,31805.71821,30650.15314,30109.86596,31637.7905,45619.45145,36111.96421,33400.0643,29856.0693,48525.89007,9288.37398,31197.18885,30800.44241,21995.25779,52369.71123,39171.37414,31129.20764
241,Vevey,19550.97296,6895.701422,4386.274363,17180.84571,2481.437546,21585.62806,48456.91158,17337.63661,18261.13767,3749.496096,7780.680636,48323.08069,16893.88051,18124.70592,42921.15803,48460.96748,11131.34671,2813.240299,19202.98992,11010.04948,38000.75499,37506.65249,39530.27815,41499.78764,9685.949834,27311.23406,48321.08492,38290.69182,34541.4136,50266.06608,18343.06565,1801.742747,35243.06303,33586.71802,1782.760555,377.4893592,285.1865078,47779.16926,18641.5646,5983.507927,3080.646026,23119.85531,40247.60687,31040.16163,941.3909625,38497.93618,45767.47317,22769.10594,11010.02887,779.5960287
244,Veytaux,12626.84491,1237.703585,3642.721358,25028.22347,6806.77909,16321.74546,54006.13614,25036.81043,26021.92024,4270.170718,790.37646,54718.23542,24584.27985,25961.19376,49086.8805,54021.07857,4659.146826,6061.498204,12294.21225,4460.468339,45837.09101,44721.54522,46917.08187,48181.99707,17446.76704,34800.15674,54004.80941,44926.35089,42550.76793,57876.90533,26146.82403,8776.169172,42224.81827,40717.86876,6304.650561,7656.901699,8300.868712,55452.18654,11584.72713,2127.318273,5617.109659,29424.03073,44433.02951,39035.18921,7080.73022,45667.49468,51604.07123,17626.83039,4460.474324,7276.187286
255,Vich,56683.05083,51465.93801,49334.0569,31776.61021,48331.12757,67462.66581,6366.550629,30659.23271,30333.04888,48750.20735,52311.50766,3225.023365,30962.45505,31019.60308,3001.464554,6282.631532,51803.93235,48692.78832,56439.85919,51861.27538,39954.33478,48844.42346,47766.83503,6306.692485,37146.09901,21843.53832,5252.941486,8451.676961,32868.39146,19412.66579,30591.91304,46629.92998,12718.3696,14887.36493,46893.90011,46085.58349,45709.77516,47354.67496,56535.62743,50773.73381,48912.45754,50073.98428,68761.78096,28436.13721,46536.42412,49742.29376,3340.367077,68655.25112,51861.23476,46590.90738
251,Villars-Epeney,56483.78157,42774.97955,40744.55273,28879.7023,37364.75175,47631.84575,57859.66971,30391.99494,29594.78232,40279.20286,43415.56351,52368.12,30562.84894,28756.05235,50291.57945,57801.0274,48058.40877,38093.8277,56140.04379,47908.64992,13662.76362,3891.608303,6662.834964,45753.85399,32434.26747,32493.94918,56987.38462,44238.76165,19479.10012,41458.43479,29097.95944,35722.71142,39946.79861,37912.61838,38832.03634,37513.71071,36897.90723,15904.38858,55497.4126,41945.28607,38528.92856,14862.20619,19548.38054,23678.21383,37973.15961,3694.278539,54262.21183,47974.9498,47908.63639,37648.91749
254,Villars-le-Comte,46383.70744,32564.11839,30744.4875,23886.95357,27393.07069,36461.05432,57541.40227,25466.62615,25016.03977,30348.89451,33125,53371.87347,25477.44774,24126.43741,50140.95428,57498.69314,38064.69414,28089.36674,46046.70586,37899.46191,20327.73008,13476.25573,16429.60075,46224.01503,25003.07562,30924.44378,56846.46333,44043.21314,23019.62932,45767.02176,24553.47029,25997.85692,39700.58934,37536.13871,29150.84185,27935.23299,27372.90919,26167.87904,45354.20214,31790.403,28505.82833,4498.185901,16583.07139,24860.67177,28327.00034,14033.1655,54022.23327,36805.86265,37899.45297,27983.41666
253,Villars-le-Terroir,46024.2958,33151.37795,30774.19012,14560.54936,27588.35045,42566.32189,44490.94425,15993.00836,15107.17769,30193.87778,33949.43582,39914.48692,16217.53619,14308.12679,36990.02825,44441.85449,37677.80554,28327.89005,45676.35267,37566.84642,11491.76287,12951.72814,13971.30086,32856.67267,19519.44625,18253.16758,43726.03039,30868.63901,10393.3496,32538.53833,14613.64066,25592.07025,26508.4501,24371.26235,28362.74588,26958.22786,26297.5914,21253.08783,45162.1571,32241.19238,28769.02706,12549.90666,29680.8665,11272.88765,27504.05522,14056.53074,40925.09229,43277.27229,37566.82388,27240.88539
252,Villars-Sainte-Croix,42280.05306,31430.56285,28919.11155,7570.997091,26429.70077,44508.79813,33537.42919,8060.746135,6928.85193,28271.34849,32325.95109,29789.32631,8493.926246,6698.290078,26176.36127,33495.63517,34594.79563,27066.76003,41946.15971,34541.49306,18187.09639,23665.29283,23874.826,22509.48105,15117.29249,6933.968608,32858.58546,20114.4943,11903.5618,26437.29432,6637.984957,24329.63525,15817.37436,13649.73174,26202.98658,24901.86795,24291.01397,28492.96076,41616.32671,30529.4499,27449.17873,21541.49647,40539.71263,6860.777569,25475.50043,24742.00596,30030.39125,45478.13785,34541.4612,25334.82833
250,Villars-sous-Yens,47011.813,38785.78521,36400.28595,16276.70458,34678.78407,53706.37138,21654.33148,15497.34752,14881.76937,35765.03251,39682.76849,17779.36404,15886.82478,15404.89781,14177.72587,21605.67382,40517.7406,35177.41234,46712.90497,40521.93407,25703.98175,33576.88175,32986.13081,10468.41386,22875.03063,5630.199217,20904.00888,8069.224457,18309.7706,18875.90666,15023.73354,32740.48297,3737.454831,1568.617259,33737.89166,32672.24915,32175.41395,34746.09682,46589.18973,37970.99033,35478.76586,33622.77837,52414.146,12953.30725,33197.12499,34562.16642,18094.03151,54803.53159,40521.89629,33165.53704
2,Villarzel,48736.96327,35286.36398,34071.24842,32934.95185,31034.95094,34180.21861,67638.10555,34466.12791,34208.51391,33851.72956,35612.90559,63740.37519,34392.54976,33339.02937,60320.58533,67599.48968,40986.38349,31604.0176,48426.68411,40795.24085,29939.96762,21423.01528,24427.7088,56543.72917,32301.22881,40989.00797,66988.73437,54256.54085,33397.23854,56194.94095,33784.43878,30252.90516,49940.06953,47771.10285,33231.32023,32295.25687,31871.71716,33810.06643,47642.02796,34696.71441,31946.92437,12741.63107,8210.211236,35363.76836,32534.43881,21545.76394,64157.88255,34147.22972,40795.2424,32182.18586
273,Villeneuve  ,10101.29668,3739.481168,5726.182741,26401.60164,9080.831474,17371.86471,53893.44112,26271.53506,27302.28553,6263.475042,3358.046364,54992.29399,25815.85554,27316.45229,49270.71028,53912.96868,2125.503024,8342.513793,9763.515879,1920.025695,47867.75486,47048.20372,49188.82014,48628.50268,18823.75742,35804.06671,53950.05858,45362.39415,44324.35105,58905.72371,27467.23104,10906.13657,42864.035,41453.35171,8089.394835,9494.003572,10155.28197,57597.69982,9084.912359,4495.264173,7902.859749,31910.5827,47029.78179,40591.26668,8937.784727,48007.99754,51626.22223,18689.76975,1920.039248,9193.357166
274,Vinzel,55032.36909,49242.05115,47054.94472,28962.45189,45916.74037,65078.26186,9140.119881,27896.37783,27520.56235,46459.23203,50100.48432,4830.37645,28215.47888,28182.16961,2408.299131,9066.10094,49834.84157,46304.91969,54777.77467,49882.85821,36962.70765,45789.91164,44746.71645,3238.96874,34570.02645,18865.22896,8124.762834,5512.109162,29836.21384,17745.23993,27760.75489,44165.5781,9682.733405,11848.34771,44563.75022,43705.42413,43306.1356,44540.12625,54833.88928,48524.57762,46540.4135,47038.83707,65677.66631,25352.17959,44171.62424,46694.38629,5676.057279,66253.92134,49882.8179,44210.80536
269,Vuarrens,48685.00563,35521.35009,33216.59287,18085.63612,29944.36341,43827.25866,47456.181,19537.57835,18666.91348,32662.16775,36284.0703,42543.53482,19751.40632,17860.13536,39915.57557,47403.51921,40279.29933,30689.48159,48336.77711,40157.61101,9845.761023,9420.386929,10671.80162,35619.62677,22684.89082,21526.50162,46650.84139,33803.44182,11188.81482,33956.66282,18172.44153,28023.12288,29454.85835,27351.04679,30918.84314,29524.15489,28869.05661,18711.6736,47788.21223,34624.86709,31133.82131,11998.32779,27140.05323,13602.12025,30051.59277,10524.14548,43872.3539,44450.55464,40157.59068,29768.7331
268,Vucherens,38006.70265,24367.2641,22272.84409,15280.89243,18897.34103,31725.75762,50517.97927,16801.76141,16582.01155,21795.10395,25045.57285,47327.81498,16723.6897,15724.59814,43394.27451,50486.12245,29572.32475,19632.14276,37661.99883,29425.10844,21924.30728,19145.97535,21477.35102,40022.67342,15422.68104,24066.7244,49949.29984,37458.48131,21374.05258,42608.01506,16173.1484,17226.04551,33260.71435,31112.00606,20336.95175,19026.43899,18417.11404,30514.50951,37031.2292,23517.3965,20070.7292,5325.537374,25186.62239,20864.41926,19479.64571,20073.21237,47121.60242,32370.89034,29425.09418,19153.81752
267,Vufflens-la-Ville,44498.58486,33686.24122,31174.51818,9815.812519,28669.93254,46660.16538,32896.57461,10231.34934,9109.893751,30526.94016,34581.23438,28674.88293,10672.87076,8930.392354,25426.40321,32849.18243,36841.94845,29310.64936,44165.66009,36789.82978,16871.90641,23150.75419,23080.65681,21474.68631,17372.92437,6817.286615,32154.06072,19311.33654,10169.52322,24378.66769,8846.801597,26567.48928,14956.47472,12800.52123,28459.1841,27155.97517,26543.76036,27032.00197,43843.06675,32784.52995,29694.97855,22638.16684,41166.29227,4763.49841,27729.88636,24200.2563,29342.72703,47615.7069,36789.79778,27587.54728
266,Vufflens-le-Château,45250.42581,36280.37724,33845.56509,13107.36909,31924.2562,50803.56528,25137.92314,12509.92439,11768.80774,33202.05736,37183.18787,21338.3173,12928.88406,12198.23019,17709.22187,25092.22354,38392.47748,32459.82954,44940.11095,38381.64612,23138.20271,30523.33991,30121.96744,14035.47782,20079.69076,2416.375019,24418.72365,11622.17293,15795.73012,20742.97994,11848.46394,29932.08561,7314.00571,5147.022349,31147.00381,30014.51201,29485.70206,32623.33,44759.55868,35438.1355,32783.00628,30044.80275,48901.43194,10137.63499,30556.06871,31535.99842,21598.59142,51871.19632,38381.6096,30498.02618
265,Vugelles-La Mothe,64485.63033,51098.47579,48879.54554,33369.19536,45548.34245,57511.23402,56349.35451,34674.78182,33673.26388,48351.91753,51818.37641,49819.2641,34960.51351,32965.25728,48920.26416,56277.77382,56051.62651,46292.82288,64137.80506,55921.50774,10579.28015,7928.454172,5418.342795,44021.3312,38595.31738,33673.2695,55340.88339,43220.79183,17970.27853,36247.86585,33200.94187,43710.81005,39254.61721,37496.47287,46690.22819,45309.53335,44661.6036,5855.543579,63562.29812,50221.915,46736.80217,24366.04948,28582.68098,23577.6442,45820.72486,7252.120512,52808.92425,57934.00594,55921.4893,45524.24649
264,Vuiteboeuf,63650.30596,50399.81608,48132.36152,31912.66124,44830.63106,57431.64863,54147.29598,33171.05038,32144.07224,47588.59517,51141.99736,47585.35941,33473.91695,31464.48238,46731.89293,54075.19517,55236.76275,45576.1907,63302.10965,55112.76223,8561.442067,8071.75611,5130.707271,41821.37486,37415.59758,31740.96366,53133.6862,41060.85803,15915.29695,34028.93375,31680.13305,42945.28124,37125.34983,35393.20047,45872.98129,44481.67407,43828.22445,4692.919446,62747.7028,49512.11075,46020.79,24286.63263,30038.87594,21590.41701,45004.68045,7672.941386,50612.46641,57902.67964,55112.74242,44717.42466
263,Vulliens,37377.72613,23670.80658,21639.18418,15983.15264,18258.84726,30616.59632,51405.76205,17474.52873,17319.11749,21182.92285,24324.60689,48329.14522,17370.08186,16476.87867,44325.79265,51375.37071,28960.81317,18985.78039,37034.5099,28808.5607,23041.41585,19952.94063,22362.82112,41018.58651,15578.13427,25031.71098,50854.02432,38418.40868,22577.98832,43784.31092,16926.8738,16666.60053,34244.96692,32103.01964,19802.14677,18522.15588,17929.21377,31501.60678,36388.0448,22836.53006,19419.97706,5218.530681,24772.67037,22042.18212,18954.15102,20851.9507,48029.22436,31245.16485,28808.54782,18621.05944
262,Vullierens,47418.32333,37199.74508,34699.13146,13206.88224,32354.04184,50619.77505,29701.62457,13255.60897,12219.50618,34049.2225,38101.28329,24933.56244,13711.50695,12266.74948,22148.5011,29647.08106,40023.71325,32968.18066,47092.83348,39985.89438,17725.64007,25329.38109,24793.07778,17876.97393,20775.17579,5891.797414,28879.96647,16048.24853,10386.56588,20294.5258,12075.54016,30270.35587,11721.68147,9673.915588,31972.87987,30713.76964,30122.71751,27274.56973,46822.77216,36312.08801,33336.87347,26598.12849,44669.76232,4752.973822,31281.63446,26317.52582,26111.46284,51599.97701,39985.86064,31164.06818
276,Vully-les-Lacs,68256.49496,55307.92642,54352.16023,52796.92412,51475.91575,50696.07753,85901.82524,54369.76824,53956.64237,54195.21338,55523.35638,81011.92054,54357.24781,53068.18568,78387.18659,85852.03837,60959.35945,51997.11893,67967.91604,60760.65096,42689.5452,32853.96974,35002.31811,74131.3989,52934.80451,59528.62664,85124.8547,72266.98967,48459.81814,70528.2984,53498.32388,50852.2613,67908.71356,65779.73035,53748.87426,52888.88125,52497.58633,41485.26806,67147.45379,54808.56537,52310.62373,32587.54698,12706.80363,52056.54255,53091.9792,32261.75244,82331.02198,50262.03787,60760.6572,52742.69015
272,Yens,48235.96127,39819.07446,37415.61177,16991.70719,35618.16857,54586.71195,21915.30477,16309.72618,15627.21027,36777.13326,40718.43638,17552.69815,16714.31502,16095.1185,14371.08699,21861.60135,41660.88954,36131.93119,47934.82222,41661.35468,24921.82244,33029.40122,32328.84954,10306.49699,23787.32828,6257.145818,21107.47578,8260.695526,17539.9273,17619.32022,15732.99925,33656.17524,3935.736074,2028.989356,34738.93454,33648.22658,33138.91354,33776.9006,47800.16788,38994.65642,36442.00353,33734.38846,52297.75223,12375.01052,34179.66123,33995.63838,18328.32818,55669.71982,41661.3172,34138.17173
284,Yverdon-les-Bains,57708.11984,44190.59607,42027.44968,28020.48122,38671.92069,50317.29284,54876.9392,29449.67422,28545.96483,41519.21059,44887.31582,49065.25958,29677.77265,27759.44482,47320.66463,54814.1705,49263.16491,39413.45177,57361.24682,49125.94278,9664.941772,733.473473,2422.239088,42651.71566,32480.49688,30253.80602,53960.53374,41344.76457,16094.11208,37498.77297,28054.81698,36893.12915,37126.79566,35165.88854,39926.59633,38563.6021,37924.9318,12051.75141,56761.2586,43327.02256,39855.73511,17170.90772,23826.27378,20839.49924,39058.15608,809.7364836,51283.40933,50745.36272,49125.92602,38751.02384
271,Yvonand,56905.40874,43098.54963,41216.79587,31297.02013,37847.98436,46544.88803,61465.34263,32849.35415,32136.37607,40797.54282,43677.88051,56133.12645,32977.41996,31271.78457,53901.37919,61408.89509,48547.88054,38556.89511,56566.41948,48387.02772,17642.00314,7841.463825,10426.3839,49435.08857,34109.83618,35764.68296,60616.61545,47820.40188,23341.27362,45433.14211,31641.7002,36357.38552,43500.9818,41435.11571,39504.33787,38242.34136,37654.96223,19083.86819,55885.65236,42309.61433,38980.33694,14894.43535,15704.24958,27310.82822,38663.57449,7470.767858,57870.35351,46784.22589,48387.0174,38326.5988
270,Yvorne,3075.286199,10775.72182,12664.12145,31954.67476,16044.24827,20319.35307,55802.04133,31582.39142,32675.37716,13137.86578,10293.9399,57852.72713,31130.34749,32822.1825,51971.58231,55833.10914,5377.622278,15317.75679,2731.635529,5513.915235,54358.59457,53944.47121,56018.09776,51961.91473,24555.65822,40512.99517,56005.9094,48709.48078,50406.38151,63459.99711,32908.83045,17747.35517,46703.75663,45522.73083,14738.45056,16124.69167,16777.14938,64245.29771,2152.111947,11534.71123,14885.39138,38945.47716,53826.81645,46310.6049,15607.82588,54918.91164,53901.13479,21566.96241,5513.931641,15903.84509
